cve_id,cvss,nb_postes,correctif,date_kev,epss,percentile
CVE-2026-31431,7.8,1,True,2026-05-01,0.99907,0.99966
CVE-2026-43284,7.8,1,True,,0.93235,0.99835
CVE-2026-43500,7.8,1,True,,0.92855,0.99829
CVE-2004-0230,5.0,1,False,,0.80286,0.99613
CVE-2021-22555,7.8,1,True,2025-10-06,0.78684,0.9958
CVE-2022-0435,8.8,1,True,,0.67994,0.99315
CVE-2025-22037,5.5,1,False,,0.67588,0.99306
CVE-2024-26594,7.1,1,True,,0.50967,0.98907
CVE-2025-21760,5.5,1,True,,0.36848,0.98483
CVE-2008-4609,7.1,1,False,,0.32123,0.98282
CVE-2023-52442,5.5,1,True,,0.29644,0.98154
CVE-2024-1086,7.8,2,True,2024-05-30,0.28058,0.9807
CVE-2023-52755,7.8,1,True,,0.27928,0.98062
CVE-2025-37924,7.8,1,True,,0.20744,0.97476
CVE-2023-1380,7.1,1,True,,0.16525,0.96909
CVE-2025-21758,5.5,1,True,,0.13707,0.9638
CVE-2023-32233,7.8,1,True,,0.12966,0.96204
CVE-2022-2586,7.8,1,True,2024-06-26,0.10458,0.95603
CVE-2021-33909,7.8,1,True,,0.09729,0.95364
CVE-2025-39946,5.5,1,True,,0.09567,0.95304
CVE-2026-46300,7.8,1,True,,0.09334,0.95219
CVE-2023-5178,8.8,1,True,,0.09141,0.95149
CVE-2024-2201,4.7,1,True,,0.08486,0.9485
CVE-2025-38562,5.5,1,True,,0.08268,0.94749
CVE-2023-3338,6.5,1,True,,0.08025,0.94606
CVE-2023-0386,7.8,1,True,2025-06-17,0.0788,0.94534
CVE-2025-21759,6.6,1,False,,0.07773,0.94464
CVE-2020-12351,8.8,1,True,,0.07693,0.94416
CVE-2022-36946,7.5,1,True,,0.07626,0.9438
CVE-2020-26147,5.4,1,True,,0.07604,0.94361
CVE-2023-20569,4.7,1,False,,0.07302,0.9418
CVE-2021-20322,7.4,1,True,,0.06846,0.93815
CVE-2020-25705,7.4,1,True,,0.06692,0.93695
CVE-2020-26139,5.3,1,True,,0.06487,0.93534
CVE-2022-21125,5.5,2,True,,0.06451,0.93504
CVE-2020-28374,8.1,1,True,,0.06309,0.93377
CVE-2022-21123,5.5,2,True,,0.06155,0.93231
CVE-2021-22600,7.0,1,True,2022-04-11,0.06079,0.93155
CVE-2022-2588,7.8,1,True,,0.05871,0.9293
CVE-2022-21166,5.5,2,True,,0.05778,0.92808
CVE-2020-24586,3.5,1,True,,0.05765,0.92794
CVE-2020-12352,6.5,1,True,,0.05714,0.92731
CVE-2022-0492,7.8,1,True,2026-06-02,0.05528,0.92513
CVE-2022-27666,7.8,1,True,,0.05524,0.92508
CVE-2020-16166,3.7,1,True,,0.05271,0.92235
CVE-2023-20593,5.5,1,True,,0.05188,0.92123
CVE-2023-1390,7.5,1,True,,0.05095,0.92008
CVE-2022-29901,6.5,1,True,,0.04831,0.91607
CVE-2019-19074,7.5,1,True,,0.04433,0.90965
CVE-2022-1012,8.2,2,True,,0.0386,0.89728
CVE-2022-29900,6.5,1,False,,0.03796,0.8956
CVE-2023-0266,7.0,1,True,2023-03-30,0.03702,0.89267
CVE-2021-45485,7.5,1,True,,0.03585,0.88904
CVE-2018-1121,5.9,1,False,,0.03572,0.88868
CVE-2024-53197,5.8,1,True,2025-04-09,0.03558,0.88826
CVE-2020-24588,3.5,1,True,,0.03537,0.88761
CVE-2019-19377,7.8,1,True,,0.034,0.88326
CVE-2024-53104,7.8,1,True,2025-02-05,0.03395,0.88308
CVE-2019-19061,7.5,1,True,,0.03387,0.8828
CVE-2021-38207,7.5,2,False,,0.03354,0.88172
CVE-2019-19816,7.8,1,True,,0.03293,0.87955
CVE-2020-25643,7.2,1,True,,0.03292,0.87951
CVE-2019-19814,7.8,3,False,,0.03282,0.87901
CVE-2022-2663,5.3,1,True,,0.03194,0.87548
CVE-2020-25672,7.5,1,True,,0.03132,0.87285
CVE-2022-40982,6.5,1,True,,0.03047,0.86913
CVE-2022-1678,7.5,1,True,,0.0294,0.86459
CVE-2022-32250,7.8,2,True,,0.02914,0.8635
CVE-2019-19070,7.5,1,False,,0.02848,0.86019
CVE-2010-4563,5.0,1,False,,0.02837,0.85958
CVE-2013-7445,7.8,3,False,,0.02763,0.85574
CVE-2024-36971,7.8,2,True,2024-08-07,0.02701,0.85217
CVE-2020-24587,2.6,1,True,,0.02592,0.84549
CVE-2022-22942,7.8,1,True,,0.02558,0.84319
CVE-2019-19770,8.2,1,True,,0.02447,0.83525
CVE-2020-25645,7.5,1,True,,0.02433,0.83422
CVE-2022-3594,5.3,1,True,,0.02423,0.83337
CVE-2021-3178,6.5,1,True,,0.02417,0.83298
CVE-2023-0045,7.5,1,True,,0.02399,0.8314
CVE-2019-19378,7.8,1,False,,0.02354,0.82816
CVE-2024-26581,7.8,1,True,,0.02224,0.81732
CVE-2020-24490,6.5,1,True,,0.02223,0.81722
CVE-2020-36158,6.7,1,True,,0.02209,0.8161
CVE-2019-19448,7.8,1,True,,0.02143,0.81009
CVE-2019-19813,5.5,1,True,,0.02129,0.80885
CVE-2025-38501,7.5,1,True,,0.02103,0.80648
CVE-2022-42896,8.8,1,True,,0.021,0.80623
CVE-2022-27223,8.8,2,True,,0.02093,0.8055
CVE-2019-19449,7.8,3,False,,0.02087,0.80489
CVE-2021-27365,7.8,1,True,,0.02079,0.8041
CVE-2022-1199,7.5,2,True,,0.02033,0.79943
CVE-2024-8805,8.8,1,True,,0.0202,0.7982
CVE-2024-0565,7.4,1,True,,0.01999,0.79606
CVE-2017-0630,4.7,1,False,,0.01935,0.78901
CVE-2019-3874,6.5,2,True,,0.01771,0.76828
CVE-2022-0400,7.5,1,False,,0.01754,0.76604
CVE-2021-4203,6.8,1,True,,0.01747,0.76503
CVE-2021-3752,7.1,1,True,,0.01736,0.7636
CVE-2018-1108,5.9,1,True,,0.01731,0.76279
CVE-2018-7273,5.5,1,False,,0.0171,0.75977
CVE-2023-6121,4.3,1,True,,0.01657,0.75171
CVE-2024-27053,5.5,1,True,,0.01635,0.74864
CVE-2021-4157,8.0,1,True,,0.01584,0.74078
CVE-2021-42008,7.8,1,True,,0.01561,0.73719
CVE-2023-6535,7.5,1,True,,0.01549,0.73538
CVE-2023-6536,7.5,1,True,,0.01549,0.73538
CVE-2021-3714,5.9,1,False,,0.01523,0.73097
CVE-2023-35001,7.8,1,True,,0.01508,0.7286
CVE-2026-46333,7.8,1,True,,0.01501,0.72734
CVE-2026-64564,7.8,1,True,,0.01482,0.72383
CVE-2023-2002,6.8,1,True,,0.0147,0.72185
CVE-2023-6356,7.5,1,True,,0.0146,0.7201
CVE-2023-39180,7.5,1,True,,0.01439,0.71585
CVE-2024-35960,5.5,2,True,,0.01413,0.71122
CVE-2022-0812,4.3,2,True,,0.01394,0.70765
CVE-2021-3347,7.8,1,True,,0.01377,0.70432
CVE-2023-1998,5.6,1,True,,0.01377,0.70449
CVE-2024-47685,9.1,1,True,,0.01369,0.7025
CVE-2020-15780,6.7,2,True,,0.01368,0.70236
CVE-2021-47548,6.0,1,True,,0.01358,0.70029
CVE-2024-53150,7.1,1,True,2025-04-09,0.01351,0.69879
CVE-2021-45868,5.5,1,True,,0.01339,0.69589
CVE-2022-3564,7.1,1,True,,0.01339,0.69582
CVE-2026-23455,7.1,1,True,,0.01338,0.69559
CVE-2022-3621,6.5,1,True,,0.01324,0.69239
CVE-2021-28660,8.8,1,True,,0.01316,0.69068
CVE-2020-14386,7.8,1,True,,0.01308,0.68878
CVE-2024-36886,7.8,2,True,,0.01305,0.68794
CVE-2024-27405,5.5,2,True,,0.01298,0.68651
CVE-2023-24023,6.8,1,True,,0.01297,0.68643
CVE-2025-38352,7.0,1,True,2025-09-04,0.01297,0.68635
CVE-2024-2193,5.5,1,False,,0.01268,0.68003
CVE-2023-52832,5.5,2,True,,0.01263,0.67882
CVE-2021-38199,6.5,1,True,,0.01245,0.67483
CVE-2021-3772,6.5,1,True,,0.0124,0.67349
CVE-2021-44879,5.5,2,True,,0.01234,0.67225
CVE-2025-39682,9.8,1,True,2026-09-18,0.012,0.66357
CVE-2021-47308,6.0,1,True,,0.01177,0.65761
CVE-2023-46838,7.5,2,True,,0.01177,0.65754
CVE-2024-35955,5.5,2,True,,0.01177,0.65758
CVE-2024-27028,5.5,2,True,,0.01176,0.65742
CVE-2024-35845,4.4,1,True,,0.0117,0.65556
CVE-2022-1011,7.8,2,True,,0.01169,0.65537
CVE-2025-38191,5.5,1,True,,0.01164,0.6541
CVE-2021-47323,5.5,1,True,,0.0116,0.65269
CVE-2024-47692,6.5,1,True,,0.0116,0.65275
CVE-2021-47324,4.4,1,True,,0.0116,0.65269
CVE-2022-3640,8.8,1,True,,0.01125,0.64348
CVE-2020-29661,7.8,1,True,,0.0112,0.64241
CVE-2023-39179,7.5,1,True,,0.0111,0.63985
CVE-2023-1192,6.5,1,True,,0.01104,0.638
CVE-2025-37778,7.8,1,True,,0.01094,0.63558
CVE-2021-29155,5.5,1,True,,0.01071,0.62948
CVE-2024-49997,7.5,1,True,,0.01064,0.62749
CVE-2022-25375,5.5,1,True,,0.01054,0.62422
CVE-2022-25265,7.8,1,False,,0.01054,0.62432
CVE-2023-25775,9.8,2,True,,0.01052,0.62337
CVE-2021-1048,7.8,1,True,2022-05-23,0.01047,0.6222
CVE-2023-1193,6.5,1,True,,0.01047,0.62194
CVE-2023-1829,7.8,1,True,,0.01037,0.61914
CVE-2020-25668,7.0,1,True,,0.01026,0.61583
CVE-2023-52434,8.0,1,True,,0.0102,0.61411
CVE-2023-52798,4.4,1,True,,0.01018,0.61344
CVE-2023-0394,5.5,1,True,,0.01016,0.61297
CVE-2024-26621,5.5,1,True,,0.01006,0.60989
CVE-2020-14356,7.8,1,True,,0.01004,0.60963
CVE-2024-38573,5.5,1,True,,0.01003,0.60902
CVE-2024-41040,7.0,1,True,,0.01,0.60816
CVE-2024-47693,6.5,1,True,,0.00983,0.60303
CVE-2025-37899,7.8,1,True,,0.00975,0.60068
CVE-2024-35857,5.3,1,True,,0.00975,0.60082
CVE-2023-52699,5.5,2,True,,0.00974,0.6004
CVE-2024-26592,7.8,1,True,,0.00973,0.60017
CVE-2026-63913,7.0,1,True,,0.00971,0.59934
CVE-2023-6240,6.5,1,False,,0.00969,0.59833
CVE-2022-47929,5.5,1,True,,0.00964,0.59623
CVE-2026-53359,7.8,1,True,,0.00962,0.59578
CVE-2022-32981,7.8,2,True,,0.00962,0.59577
CVE-2024-27388,5.5,2,True,,0.00959,0.59448
CVE-2021-27364,7.1,1,True,,0.00957,0.59379
CVE-2024-36912,4.4,1,True,,0.00957,0.59389
CVE-2022-4543,5.5,1,False,,0.00954,0.59304
CVE-2021-47103,7.8,1,True,,0.00953,0.59261
CVE-2026-31402,7.8,1,True,,0.00949,0.5915
CVE-2015-2877,3.3,1,False,,0.00942,0.58918
CVE-2023-52340,7.5,2,True,,0.0094,0.58869
CVE-2021-29154,7.8,1,True,,0.00931,0.58589
CVE-2022-29581,7.8,1,True,,0.00928,0.58487
CVE-2022-25258,4.6,1,True,,0.00927,0.58452
CVE-2024-36896,5.5,1,True,,0.00923,0.58321
CVE-2024-42284,7.8,1,True,,0.00922,0.58299
CVE-2021-33624,4.7,2,True,,0.00922,0.58297
CVE-2022-2639,7.8,1,True,,0.00918,0.58182
CVE-2024-35823,5.5,2,True,,0.00915,0.58084
CVE-2023-3390,7.8,1,True,,0.00914,0.58056
CVE-2024-36929,5.5,1,True,,0.00904,0.57759
CVE-2024-38541,4.4,1,True,,0.00894,0.57479
CVE-2023-52654,4.7,1,True,,0.00892,0.57404
CVE-2022-42703,5.5,1,True,,0.00889,0.57322
CVE-2023-34324,4.9,2,True,,0.00888,0.57289
CVE-2024-44947,5.5,1,True,,0.00886,0.57243
CVE-2024-42286,5.5,1,True,,0.00885,0.5722
CVE-2022-3646,4.3,1,True,,0.00883,0.57165
CVE-2024-40983,5.5,1,True,,0.00881,0.57111
CVE-2024-44985,7.8,1,True,,0.00876,0.56966
CVE-2025-21756,7.8,1,True,,0.00873,0.56889
CVE-2024-41081,5.5,1,True,,0.00872,0.56848
CVE-2020-26558,4.2,1,True,,0.00872,0.56845
CVE-2024-42145,5.5,1,True,,0.00871,0.56814
CVE-2024-42285,7.8,1,True,,0.0087,0.56769
CVE-2024-50083,7.5,1,True,,0.00869,0.56749
CVE-2024-38582,5.5,2,True,,0.00861,0.56529
CVE-2024-44946,5.5,1,True,,0.0086,0.56493
CVE-2021-20292,6.7,1,True,,0.00853,0.56259
CVE-2021-0920,6.4,1,True,2022-05-23,0.0085,0.56176
CVE-2023-5717,7.8,2,True,,0.00849,0.56116
CVE-2022-3649,7.0,1,True,,0.00848,0.56094
CVE-2024-26924,5.5,1,True,,0.00846,0.56057
CVE-2024-0193,6.7,1,True,,0.00843,0.55954
CVE-2026-90011,,1,False,,0.00829,0.55539
CVE-2026-90413,,1,False,,0.00829,0.55539
CVE-2024-26901,5.5,2,True,,0.00828,0.55515
CVE-2024-27398,7.8,2,True,,0.00828,0.55515
CVE-2024-26731,5.5,1,True,,0.00828,0.55521
CVE-2021-0129,5.7,1,True,,0.00827,0.55473
CVE-2024-49569,5.7,1,False,,0.00822,0.55338
CVE-2024-38558,5.5,2,True,,0.00822,0.55337
CVE-2023-52696,5.5,1,True,,0.00821,0.5532
CVE-2022-3524,5.5,1,True,,0.0082,0.55288
CVE-2021-33034,7.8,1,True,,0.00819,0.55232
CVE-2024-38544,6.3,1,True,,0.00815,0.5511
CVE-2022-1679,7.8,1,True,,0.00813,0.55047
CVE-2022-41218,5.5,1,True,,0.00812,0.5501
CVE-2024-50302,5.5,1,True,2025-03-04,0.00811,0.54969
CVE-2023-52511,6.0,1,True,,0.00811,0.54995
CVE-2021-28972,6.7,2,True,,0.00805,0.54803
CVE-2024-24860,5.3,1,True,,0.00805,0.5478
CVE-2021-47347,5.5,1,True,,0.00803,0.54717
CVE-2024-41048,5.5,1,True,,0.00799,0.54582
CVE-2026-89968,,1,False,,0.00798,0.54542
CVE-2022-30594,7.8,2,True,,0.00798,0.5455
CVE-2024-26811,5.5,1,True,,0.00794,0.54442
CVE-2025-39964,5.5,1,True,2026-09-18,0.0079,0.54297
CVE-2024-49996,7.8,1,True,,0.00789,0.54272
CVE-2026-43499,7.8,1,True,,0.00789,0.54269
CVE-2024-38587,5.5,2,True,,0.00788,0.54229
CVE-2026-23231,7.8,1,True,,0.00788,0.54257
CVE-2020-27815,7.8,1,True,,0.00788,0.54228
CVE-2024-44998,7.8,1,True,,0.00787,0.54202
CVE-2024-50033,7.1,1,True,,0.00785,0.54122
CVE-2022-38096,5.5,1,True,,0.00783,0.54057
CVE-2021-47013,7.8,1,True,,0.00783,0.54089
CVE-2021-47506,7.8,1,True,,0.00783,0.54088
CVE-2026-89970,,1,False,,0.00782,0.54029
CVE-2022-36280,5.5,1,True,,0.0078,0.53969
CVE-2026-63887,7.0,1,True,,0.00778,0.53912
CVE-2026-63888,7.0,1,True,,0.00778,0.53911
CVE-2021-47245,7.1,1,True,,0.00777,0.53897
CVE-2025-22039,7.1,1,False,,0.00775,0.53816
CVE-2024-47659,8.8,1,True,,0.00775,0.53826
CVE-2026-63825,,1,False,,0.00775,0.53829
CVE-2024-41007,3.3,1,True,,0.00773,0.53775
CVE-2024-27393,5.5,1,True,,0.00772,0.53712
CVE-2021-3864,7.0,1,False,,0.00769,0.53611
CVE-2021-47397,5.5,1,True,,0.00769,0.53632
CVE-2022-45934,7.8,1,True,,0.00768,0.53603
CVE-2024-57791,7.5,1,True,,0.00765,0.53509
CVE-2026-89696,5.5,1,False,,0.00762,0.53406
CVE-2026-53176,6.5,1,True,,0.00761,0.53364
CVE-2023-3640,7.8,1,False,,0.00761,0.53365
CVE-2014-9900,5.5,1,False,,0.0076,0.53347
CVE-2024-26817,5.5,2,True,,0.0076,0.53354
CVE-2024-42232,5.5,1,True,,0.0076,0.53342
CVE-2021-47168,5.5,1,True,,0.0076,0.53332
CVE-2021-47328,7.8,1,True,,0.00759,0.53324
CVE-2024-46737,5.5,1,True,,0.00757,0.53258
CVE-2024-40980,5.5,1,True,,0.00757,0.53241
CVE-2026-72194,5.5,1,True,,0.00754,0.53149
CVE-2024-44940,7.8,1,True,,0.00753,0.53108
CVE-2026-68160,7.0,1,True,,0.00751,0.53061
CVE-2021-3679,5.5,1,True,,0.00751,0.53046
CVE-2024-41036,5.5,1,True,,0.00751,0.53061
CVE-2024-36288,5.5,2,True,,0.0075,0.5301
CVE-2026-64320,7.0,1,False,,0.00748,0.52947
CVE-2026-72130,8.8,1,False,,0.00748,0.52947
CVE-2024-26828,6.7,1,True,,0.00748,0.52952
CVE-2024-38605,4.4,1,True,,0.00748,0.52968
CVE-2021-47274,6.4,1,True,,0.00747,0.52936
CVE-2024-36031,4.4,1,True,,0.00747,0.52911
CVE-2021-47515,5.5,1,True,,0.00746,0.52895
CVE-2024-26584,5.5,1,True,,0.00746,0.52886
CVE-2026-72351,7.0,1,True,,0.00745,0.52868
CVE-2026-72319,7.0,1,True,,0.00745,0.52869
CVE-2026-72084,7.0,1,True,,0.00745,0.52868
CVE-2026-72299,5.5,1,True,,0.00745,0.52868
CVE-2026-68159,8.8,1,True,,0.00745,0.52867
CVE-2026-72339,7.0,1,True,,0.00745,0.52869
CVE-2024-38565,5.5,2,True,,0.00741,0.5273
CVE-2021-46955,7.1,1,True,,0.0074,0.5268
CVE-2024-50095,5.5,1,True,,0.0074,0.52695
CVE-2026-72033,5.5,1,True,,0.00739,0.52656
CVE-2026-90151,,1,False,,0.00739,0.52656
CVE-2026-22998,7.5,1,True,,0.00739,0.52663
CVE-2021-47482,5.5,1,True,,0.00739,0.52669
CVE-2024-26800,7.8,1,True,,0.00739,0.52653
CVE-2023-52618,4.4,1,True,,0.00738,0.52621
CVE-2021-47162,5.5,1,True,,0.00738,0.5264
CVE-2021-46999,7.8,1,True,,0.00736,0.5258
CVE-2024-40937,5.5,1,True,,0.00736,0.5256
CVE-2024-26851,5.5,2,True,,0.00735,0.52544
CVE-2024-26845,5.5,2,True,,0.00735,0.52544
CVE-2025-37871,5.5,1,True,,0.00735,0.5253
CVE-2024-36916,7.1,1,True,,0.00733,0.52459
CVE-2024-42152,4.7,1,True,,0.00733,0.52455
CVE-2024-40957,5.5,1,True,,0.00731,0.52388
CVE-2026-72065,7.0,1,True,,0.00728,0.52306
CVE-2026-72069,7.0,1,True,,0.00728,0.52306
CVE-2024-35853,5.5,1,True,,0.00728,0.52286
CVE-2026-72192,5.5,1,True,,0.00728,0.52306
CVE-2026-72466,5.5,1,True,,0.00728,0.52306
CVE-2024-47696,7.8,1,True,,0.00727,0.52279
CVE-2020-29371,3.3,1,True,,0.00727,0.52265
CVE-2026-72323,7.0,1,True,,0.00724,0.52175
CVE-2026-72491,5.5,1,True,,0.00724,0.52176
CVE-2026-72083,7.0,1,True,,0.00724,0.52175
CVE-2024-42247,5.5,1,True,,0.00724,0.5216
CVE-2024-26877,5.5,1,True,,0.00724,0.52145
CVE-2026-72322,7.0,1,True,,0.00724,0.52176
CVE-2024-26736,7.8,1,True,,0.00723,0.52117
CVE-2024-26952,7.8,1,True,,0.00722,0.52102
CVE-2021-47477,7.8,1,True,,0.00721,0.52068
CVE-2021-3743,7.1,1,True,,0.0072,0.52038
CVE-2023-0458,4.7,1,True,,0.0072,0.52025
CVE-2021-43389,5.5,1,True,,0.00719,0.52004
CVE-2024-53226,5.5,1,True,,0.00719,0.52008
CVE-2026-89549,5.5,1,False,,0.00716,0.51905
CVE-2026-89511,5.5,1,False,,0.00716,0.51905
CVE-2024-26582,7.8,1,True,,0.00715,0.51868
CVE-2023-6931,7.0,2,True,,0.00715,0.51853
CVE-2026-64268,8.8,1,True,,0.00714,0.51808
CVE-2026-72251,7.0,1,True,,0.00714,0.51808
CVE-2026-63922,7.0,1,True,,0.00714,0.51808
CVE-2026-64269,,1,True,,0.00714,0.51807
CVE-2026-74267,5.5,1,True,,0.00714,0.51807
CVE-2026-72020,7.0,1,True,,0.00714,0.51808
CVE-2024-26782,7.8,1,True,,0.00714,0.51812
CVE-2026-63924,7.0,1,True,,0.00714,0.51807
CVE-2026-68477,5.5,1,True,,0.00714,0.51809
CVE-2026-63912,7.0,1,True,,0.00714,0.51809
CVE-2026-72296,5.5,1,True,,0.00714,0.51807
CVE-2024-46763,5.5,1,True,,0.00713,0.51799
CVE-2026-72436,7.0,1,True,,0.00712,0.51748
CVE-2024-24859,4.8,1,True,,0.00712,0.51739
CVE-2021-27363,4.4,1,True,,0.00711,0.51725
CVE-2026-63886,7.0,1,True,,0.00711,0.51723
CVE-2024-26880,5.5,2,True,,0.00711,0.51699
CVE-2023-28772,6.7,1,True,,0.00709,0.5166
CVE-2022-45888,6.4,1,True,,0.00709,0.51648
CVE-2021-28038,6.5,1,True,,0.00708,0.51619
CVE-2026-72378,,1,True,,0.00707,0.51596
CVE-2026-72418,5.5,1,True,,0.00707,0.51596
CVE-2026-72374,5.5,1,True,,0.00707,0.51596
CVE-2021-47259,5.5,1,True,,0.00707,0.51587
CVE-2024-44986,7.8,1,True,,0.00706,0.51536
CVE-2026-89783,,1,False,,0.00704,0.51478
CVE-2026-89495,5.5,1,False,,0.00704,0.51477
CVE-2026-89494,5.5,1,False,,0.00704,0.51478
CVE-2026-89538,7.0,1,False,,0.00704,0.51478
CVE-2026-89712,5.3,1,False,,0.00704,0.51477
CVE-2021-31916,6.7,1,True,,0.00704,0.51482
CVE-2026-89643,7.0,1,False,,0.00704,0.51475
CVE-2026-89655,7.0,1,False,,0.00704,0.51475
CVE-2026-80976,7.0,1,False,,0.00704,0.51476
CVE-2026-72226,5.5,1,True,,0.00704,0.51476
CVE-2026-72398,7.0,1,False,,0.00704,0.51491
CVE-2026-89482,7.0,1,False,,0.00704,0.51477
CVE-2026-89485,7.0,1,False,,0.00704,0.51477
CVE-2026-68158,7.0,1,True,,0.00704,0.51476
CVE-2026-68154,7.0,1,True,,0.00704,0.51476
CVE-2026-89634,7.0,1,False,,0.00702,0.51419
CVE-2021-44733,7.0,1,True,,0.00702,0.5141
CVE-2019-19039,5.5,1,True,,0.007,0.51334
CVE-2024-56626,7.8,1,True,,0.00699,0.51295
CVE-2024-53217,5.5,1,True,,0.00696,0.51176
CVE-2026-72247,7.0,1,True,,0.00696,0.51163
CVE-2026-72502,7.0,1,True,,0.00696,0.51164
CVE-2024-26689,7.8,1,True,,0.00696,0.51173
CVE-2026-74280,5.5,1,True,,0.00695,0.51127
CVE-2026-74268,,1,False,,0.00695,0.51126
CVE-2026-89846,,1,False,,0.00695,0.51127
CVE-2026-89969,,1,False,,0.00695,0.51126
CVE-2026-72129,8.1,1,True,,0.00695,0.51128
CVE-2026-72041,5.5,1,True,,0.00695,0.51127
CVE-2026-68476,,1,True,,0.00695,0.51127
CVE-2026-64303,7.0,1,True,,0.00694,0.51092
CVE-2024-56644,5.5,1,True,,0.00694,0.51085
CVE-2025-68206,5.5,1,True,,0.00693,0.51057
CVE-2023-46813,7.0,1,True,,0.00693,0.51063
CVE-2025-68349,7.5,1,True,,0.00693,0.51057
CVE-2021-43976,4.6,1,True,,0.00692,0.51018
CVE-2025-22040,7.8,1,True,,0.00691,0.50991
CVE-2021-32399,7.0,1,True,,0.00691,0.50998
CVE-2024-26954,7.1,1,True,,0.00691,0.50991
CVE-2014-9892,5.5,1,False,,0.0069,0.50948
CVE-2024-35971,5.5,1,True,,0.0069,0.50971
CVE-2024-26882,7.8,1,True,,0.00689,0.50927
CVE-2025-37928,7.8,1,True,,0.00688,0.50897
CVE-2026-89779,,1,False,,0.00688,0.50872
CVE-2026-89786,,1,False,,0.00688,0.50872
CVE-2026-89778,,1,False,,0.00688,0.50872
CVE-2024-26881,5.5,1,True,,0.00687,0.50853
CVE-2021-3612,7.8,1,True,,0.00687,0.50865
CVE-2022-20421,7.8,1,True,,0.00687,0.50857
CVE-2026-68157,7.0,1,True,,0.00686,0.50815
CVE-2026-89697,7.0,1,False,,0.00686,0.50815
CVE-2024-35884,5.5,1,True,,0.00686,0.50826
CVE-2026-89476,7.0,1,False,,0.00686,0.50814
CVE-2026-90103,,1,False,,0.00686,0.50816
CVE-2026-72409,5.5,1,True,,0.00686,0.50815
CVE-2026-90293,,1,False,,0.00686,0.50816
CVE-2026-90294,,1,False,,0.00686,0.50815
CVE-2024-47695,7.8,1,True,,0.00685,0.50778
CVE-2026-72014,5.5,1,True,,0.00684,0.50718
CVE-2026-89662,7.0,1,False,,0.00684,0.50728
CVE-2026-89555,7.0,1,False,,0.00684,0.50728
CVE-2026-89669,7.0,1,False,,0.00684,0.50727
CVE-2026-68156,7.0,1,True,,0.00684,0.50728
CVE-2021-47267,5.5,1,True,,0.00684,0.50731
CVE-2023-52669,7.8,1,True,,0.00684,0.5075
CVE-2025-22041,7.8,1,True,,0.00683,0.50706
CVE-2025-37879,7.1,1,True,,0.00682,0.50656
CVE-2021-47478,6.1,1,True,,0.00681,0.50627
CVE-2024-56645,5.5,1,True,,0.0068,0.50567
CVE-2023-52441,7.8,1,True,,0.00679,0.50522
CVE-2024-26665,7.1,1,True,,0.00679,0.50517
CVE-2024-47739,5.5,1,True,,0.00679,0.50534
CVE-2026-72191,5.5,1,True,,0.00679,0.50524
CVE-2023-52628,7.1,2,True,,0.00677,0.50427
CVE-2026-74282,5.5,1,True,,0.00677,0.50462
CVE-2026-72231,5.5,1,True,,0.00677,0.50462
CVE-2023-54219,7.5,1,True,,0.00677,0.50464
CVE-2026-72253,7.0,1,True,,0.00677,0.50461
CVE-2026-90102,,1,False,,0.00677,0.50461
CVE-2026-45860,7.0,1,True,,0.00677,0.50462
CVE-2026-72242,7.0,1,True,,0.00677,0.50462
CVE-2023-52454,5.5,1,True,,0.00676,0.50397
CVE-2024-38570,7.8,1,False,,0.00676,0.50417
CVE-2026-46195,7.5,1,True,,0.00675,0.50356
CVE-2026-72234,5.5,1,True,,0.00675,0.50381
CVE-2026-89847,,1,False,,0.00675,0.50381
CVE-2026-72464,5.5,1,True,,0.00675,0.50386
CVE-2020-36516,5.9,1,True,,0.00672,0.50245
CVE-2026-72399,7.0,1,True,,0.00672,0.50242
CVE-2024-41073,7.8,1,True,,0.00672,0.50227
CVE-2026-89686,7.0,1,False,,0.00671,0.50213
CVE-2026-93151,,1,False,,0.0067,0.50172
CVE-2026-90228,,1,False,,0.0067,0.50172
CVE-2026-89863,,1,False,,0.0067,0.50172
CVE-2026-90067,,1,False,,0.0067,0.50172
CVE-2021-47179,5.5,1,True,,0.0067,0.5017
CVE-2024-50286,7.0,1,True,,0.0067,0.50167
CVE-2023-52887,5.5,1,True,,0.0067,0.5017
CVE-2026-89649,7.0,1,False,,0.00669,0.50125
CVE-2026-63968,5.5,1,True,,0.00665,0.4996
CVE-2021-47189,5.5,1,True,,0.00665,0.49969
CVE-2024-50276,7.8,1,True,,0.00664,0.49953
CVE-2026-72098,7.8,1,False,,0.00664,0.49941
CVE-2026-53383,,1,True,,0.00664,0.49927
CVE-2023-52775,7.8,1,True,,0.00664,0.49943
CVE-2026-72473,7.0,1,True,,0.00664,0.49921
CVE-2026-74281,5.5,1,True,,0.00662,0.49859
CVE-2026-68155,7.1,1,True,,0.00662,0.49859
CVE-2024-35863,7.8,1,True,,0.00662,0.4987
CVE-2024-35862,7.8,1,True,,0.00662,0.49869
CVE-2024-35864,7.8,1,True,,0.00662,0.4987
CVE-2024-35861,7.8,1,True,,0.00662,0.49869
CVE-2023-52513,5.5,1,True,,0.00661,0.49825
CVE-2021-22543,7.8,1,True,,0.0066,0.49816
CVE-2024-53066,5.5,1,True,,0.0066,0.49783
CVE-2026-72422,7.0,1,True,,0.0066,0.49773
CVE-2024-53120,5.5,1,True,,0.00659,0.49759
CVE-2024-49978,5.5,1,True,,0.00659,0.49759
CVE-2021-3656,8.8,1,True,,0.00658,0.497
CVE-2024-26953,5.5,1,False,,0.00656,0.49639
CVE-2024-38612,5.5,2,True,,0.00655,0.49587
CVE-2019-15213,4.6,1,False,,0.00655,0.49601
CVE-2024-57973,5.5,1,True,,0.00653,0.49495
CVE-2026-89636,7.0,1,False,,0.00653,0.49515
CVE-2024-47726,6.5,1,True,,0.00652,0.49456
CVE-2023-0461,7.8,1,True,,0.00652,0.49478
CVE-2024-36913,4.4,1,True,,0.00652,0.49442
CVE-2024-38616,4.4,1,True,,0.00651,0.4942
CVE-2025-40343,5.2,1,True,,0.00651,0.49404
CVE-2026-43501,7.5,1,True,,0.0065,0.49392
CVE-2024-43883,7.0,1,True,,0.0065,0.49373
CVE-2026-63919,7.0,1,True,,0.0065,0.49402
CVE-2026-72160,5.5,1,True,,0.0065,0.49402
CVE-2024-38618,5.5,2,True,,0.00648,0.49278
CVE-2022-48743,5.5,1,True,,0.00648,0.49276
CVE-2026-72149,5.5,1,True,,0.00647,0.49245
CVE-2023-52834,5.5,1,True,,0.00646,0.49224
CVE-2024-42110,5.5,1,True,,0.00646,0.49224
CVE-2024-26826,5.5,1,True,,0.00646,0.49194
CVE-2025-38488,7.8,1,True,,0.00645,0.49168
CVE-2019-19318,4.4,1,True,,0.00645,0.49157
CVE-2024-36476,5.5,1,True,,0.00644,0.49141
CVE-2026-72472,5.5,1,False,,0.00644,0.49133
CVE-2024-26760,5.5,1,True,,0.00644,0.49132
CVE-2026-72310,7.0,1,True,,0.00643,0.49079
CVE-2026-43186,7.5,1,True,,0.00642,0.4904
CVE-2026-89680,7.0,1,False,,0.00641,0.49003
CVE-2024-26626,5.5,1,True,,0.00639,0.48885
CVE-2024-27018,7.8,1,True,,0.00639,0.48866
CVE-2023-52610,5.5,1,True,,0.00639,0.48885
CVE-2024-35916,5.5,1,True,,0.00637,0.48815
CVE-2024-53151,5.5,1,True,,0.00636,0.48775
CVE-2024-41079,5.5,1,True,,0.00636,0.48782
CVE-2023-0459,5.5,1,True,,0.00635,0.48741
CVE-2024-45001,5.5,1,True,,0.00635,0.48734
CVE-2025-21796,5.5,1,True,,0.00635,0.48745
CVE-2021-46960,5.5,1,True,,0.00633,0.48624
CVE-2026-72107,5.5,1,True,,0.00633,0.48644
CVE-2024-53206,7.8,1,True,,0.00632,0.48577
CVE-2026-89493,5.5,1,False,,0.00632,0.48618
CVE-2023-37453,4.6,1,True,,0.00631,0.48572
CVE-2025-21795,5.5,1,True,,0.00631,0.48542
CVE-2024-35865,5.5,1,True,,0.00631,0.4855
CVE-2024-26769,4.4,1,True,,0.00631,0.48549
CVE-2026-89647,5.5,1,False,,0.0063,0.48483
CVE-2026-53198,,1,True,,0.0063,0.48492
CVE-2024-50215,7.8,1,True,,0.00629,0.48457
CVE-2020-25669,7.8,1,True,,0.00627,0.48372
CVE-2024-26620,7.5,1,True,,0.00627,0.48379
CVE-2026-89528,7.0,1,False,,0.00627,0.4839
CVE-2024-56627,7.1,1,True,,0.00627,0.48388
CVE-2026-89526,7.0,1,False,,0.00626,0.48326
CVE-2026-90235,,1,False,,0.00626,0.48326
CVE-2026-72348,7.0,1,True,,0.00626,0.48314
CVE-2026-68161,7.0,1,False,,0.00626,0.48327
CVE-2024-26853,5.5,1,True,,0.00626,0.48329
CVE-2024-47408,5.5,1,True,,0.00625,0.48294
CVE-2024-50283,7.8,1,True,,0.00624,0.48261
CVE-2024-53240,5.7,1,True,,0.00624,0.48236
CVE-2024-35835,5.5,2,True,,0.00623,0.48175
CVE-2025-21762,7.1,1,True,,0.00623,0.48205
CVE-2025-21692,7.8,1,True,,0.00623,0.48194
CVE-2024-0564,6.5,1,False,,0.00623,0.48183
CVE-2024-50299,5.5,1,True,,0.00623,0.48205
CVE-2026-43185,,1,False,,0.00622,0.48162
CVE-2024-27436,5.5,2,True,,0.00622,0.48155
CVE-2026-72373,5.5,1,False,,0.00622,0.48132
CVE-2021-38300,7.8,2,True,,0.00621,0.4812
CVE-2024-26980,5.5,1,True,,0.00621,0.48073
CVE-2024-53209,5.5,1,True,,0.0062,0.48024
CVE-2026-89665,7.0,1,False,,0.0062,0.48047
CVE-2022-21499,6.7,1,False,,0.00619,0.47999
CVE-2026-52986,7.0,1,True,,0.00618,0.47929
CVE-2024-35870,5.9,1,True,,0.00618,0.47966
CVE-2024-56640,7.8,1,True,,0.00617,0.47922
CVE-2024-49988,5.5,1,False,,0.00617,0.47874
CVE-2024-22099,5.5,2,True,,0.00615,0.47819
CVE-2024-35891,5.5,1,True,,0.00614,0.47768
CVE-2023-52515,7.8,1,True,,0.00613,0.47722
CVE-2023-4622,7.0,1,True,,0.00613,0.47729
CVE-2024-36911,5.5,1,False,,0.00612,0.47669
CVE-2024-53093,5.5,1,True,,0.00612,0.47687
CVE-2026-45859,7.0,1,False,,0.00612,0.47654
CVE-2021-33656,6.8,1,True,,0.00611,0.47643
CVE-2023-52881,5.5,2,True,,0.00611,0.4759
CVE-2025-68192,5.5,1,True,,0.00611,0.47603
CVE-2021-3444,7.8,1,True,,0.0061,0.47571
CVE-2024-56662,6.0,1,True,,0.0061,0.47572
CVE-2026-89648,7.0,1,False,,0.00609,0.47533
CVE-2024-36904,7.8,2,True,,0.00609,0.47509
CVE-2024-50045,5.5,1,True,,0.00609,0.47543
CVE-2024-26868,5.5,1,True,,0.00609,0.47532
CVE-2024-26864,5.5,1,True,,0.00608,0.47475
CVE-2024-47678,5.5,1,True,,0.00608,0.47497
CVE-2024-53058,5.5,1,True,,0.00607,0.4744
CVE-2025-21844,5.5,1,True,,0.00607,0.47431
CVE-2026-89973,,1,False,,0.00607,0.47402
CVE-2026-89586,5.5,1,False,,0.00607,0.47402
CVE-2024-35888,5.5,2,True,,0.00606,0.47368
CVE-2024-50076,6.5,1,True,,0.00606,0.47396
CVE-2024-57802,5.5,1,True,,0.00606,0.47375
CVE-2026-89554,5.5,1,False,,0.00606,0.47387
CVE-2024-26936,7.8,1,True,,0.00605,0.47345
CVE-2026-89492,5.5,1,False,,0.00605,0.47356
CVE-2026-80980,5.5,1,False,,0.00605,0.47356
CVE-2024-53179,7.8,1,False,,0.00603,0.47246
CVE-2023-52479,5.5,1,True,,0.00603,0.4724
CVE-2026-89713,6.8,1,False,,0.00603,0.47251
CVE-2026-89707,7.0,1,False,,0.00603,0.47252
CVE-2023-52481,6.0,1,True,,0.00602,0.47194
CVE-2023-52687,5.5,1,True,,0.00602,0.47218
CVE-2025-40252,4.7,1,True,,0.00602,0.47197
CVE-2024-26857,4.4,2,True,,0.00601,0.47155
CVE-2025-21765,5.5,1,True,,0.00601,0.47171
CVE-2026-31433,,1,True,,0.006,0.47135
CVE-2025-40048,6.2,1,True,,0.006,0.47146
CVE-2025-40240,7.5,1,True,,0.006,0.47146
CVE-2026-72200,5.5,1,False,,0.00598,0.47024
CVE-2024-26768,4.4,1,False,,0.00598,0.47042
CVE-2024-26834,5.5,1,True,,0.00598,0.47058
CVE-2026-89972,,1,False,,0.00598,0.47024
CVE-2026-68300,7.0,1,True,,0.00597,0.46932
CVE-2024-50285,5.5,1,False,,0.00597,0.46996
CVE-2026-90110,,1,False,,0.00595,0.46837
CVE-2026-72254,5.5,1,False,,0.00595,0.46871
CVE-2025-40187,4.7,1,True,,0.00595,0.46879
CVE-2025-21748,5.5,1,True,,0.00594,0.46801
CVE-2026-63867,5.5,1,True,,0.00592,0.46736
CVE-2026-43011,,1,True,,0.00591,0.46703
CVE-2024-46858,7.0,1,True,,0.00591,0.46684
CVE-2022-39842,6.1,1,True,,0.0059,0.46625
CVE-2024-23307,7.8,1,True,,0.0059,0.46631
CVE-2020-25670,7.8,1,True,,0.00589,0.46578
CVE-2026-72382,7.0,1,False,,0.00589,0.46576
CVE-2026-72021,7.0,1,True,,0.00589,0.46581
CVE-2023-4206,7.8,1,True,,0.00588,0.46553
CVE-2025-68794,5.5,1,True,,0.00588,0.46553
CVE-2025-68284,6.5,1,True,,0.00588,0.46553
CVE-2024-53094,5.5,1,False,,0.00588,0.46547
CVE-2026-89637,7.0,1,False,,0.00588,0.46568
CVE-2024-53124,4.7,1,True,,0.00587,0.46487
CVE-2025-68782,3.3,1,True,,0.00587,0.46498
CVE-2022-48697,5.5,1,True,,0.00587,0.46491
CVE-2025-40053,5.5,1,True,,0.00587,0.46482
CVE-2023-31436,7.8,1,True,,0.00587,0.4651
CVE-2026-80590,7.7,1,True,,0.00586,0.46442
CVE-2024-26585,4.7,1,True,,0.00586,0.46449
CVE-2026-72318,7.0,1,True,,0.00586,0.46468
CVE-2024-49571,5.5,1,True,,0.00586,0.46448
CVE-2026-72057,7.0,1,True,,0.00585,0.46394
CVE-2025-68285,5.5,1,True,,0.00585,0.46407
CVE-2026-46331,6.7,1,True,,0.00583,0.46322
CVE-2019-16232,4.1,1,False,,0.00583,0.4633
CVE-2025-40183,4.4,1,True,,0.00582,0.46239
CVE-2022-28356,5.5,2,True,,0.00582,0.46266
CVE-2024-50046,5.5,1,True,,0.0058,0.46154
CVE-2025-22038,7.1,1,True,,0.00579,0.46087
CVE-2020-27171,6.0,1,True,,0.00577,0.46012
CVE-2026-90149,,1,False,,0.00576,0.45958
CVE-2024-50145,5.5,1,True,,0.00576,0.45972
CVE-2026-52999,5.5,1,True,,0.00576,0.45951
CVE-2026-64577,7.0,1,True,,0.00576,0.45948
CVE-2026-72203,5.5,1,False,,0.00576,0.45958
CVE-2024-35821,5.5,2,True,,0.00575,0.45901
CVE-2026-90162,,1,False,,0.00575,0.45923
CVE-2021-37576,7.8,2,True,,0.00575,0.45917
CVE-2024-35854,5.5,1,True,,0.00574,0.45879
CVE-2026-46133,7.0,1,True,,0.00574,0.45887
CVE-2025-68774,5.5,1,True,,0.00573,0.45853
CVE-2026-74478,5.5,1,True,,0.00573,0.4581
CVE-2024-26641,5.5,1,True,,0.00573,0.45812
CVE-2026-72035,5.5,1,True,,0.00573,0.4583
CVE-2025-10263,8.4,1,True,,0.00571,0.45735
CVE-2026-72421,5.5,1,True,,0.00571,0.4571
CVE-2026-89861,,1,False,,0.00571,0.45749
CVE-2025-22025,5.5,1,True,,0.00571,0.4573
CVE-2026-89544,5.5,1,False,,0.00567,0.4554
CVE-2024-47749,5.5,1,True,,0.00567,0.45555
CVE-2021-33033,7.8,1,True,,0.00566,0.45502
CVE-2020-25211,6.0,1,True,,0.00566,0.45521
CVE-2026-64541,5.5,1,True,,0.00565,0.45446
CVE-2020-27170,4.7,1,True,,0.00565,0.45429
CVE-2025-40261,6.6,1,True,,0.00564,0.4538
CVE-2024-50185,5.5,1,True,,0.00564,0.45382
CVE-2024-44970,5.5,1,True,,0.00564,0.45406
CVE-2024-53095,6.7,1,False,,0.00564,0.45419
CVE-2026-52998,7.0,1,True,,0.00564,0.45392
CVE-2026-43037,8.8,1,True,,0.00563,0.45358
CVE-2020-14331,6.6,1,True,,0.00563,0.45371
CVE-2025-38067,5.5,1,True,,0.00562,0.45331
CVE-2023-52584,6.7,1,True,,0.00562,0.45282
CVE-2026-74480,7.8,1,True,,0.0056,0.4517
CVE-2026-23450,6.4,1,True,,0.0056,0.45134
CVE-2026-74737,7.0,1,True,,0.00559,0.45099
CVE-2026-68123,7.0,1,True,,0.00559,0.45099
CVE-2024-50154,7.0,1,True,,0.00559,0.45117
CVE-2025-38035,5.5,1,True,,0.00556,0.44987
CVE-2021-26931,5.5,1,True,,0.00556,0.44974
CVE-2022-33981,3.3,2,True,,0.00556,0.44957
CVE-2026-89483,5.5,1,False,,0.00555,0.44906
CVE-2026-43493,7.0,1,True,,0.00554,0.44856
CVE-2024-53176,4.7,1,False,,0.00554,0.44853
CVE-2026-89610,5.5,1,False,,0.00553,0.44831
CVE-2026-64089,,1,True,,0.00552,0.44747
CVE-2026-64125,5.5,1,True,,0.00552,0.44747
CVE-2026-64056,,1,True,,0.00552,0.44747
CVE-2021-43975,6.7,1,True,,0.00551,0.44735
CVE-2024-46865,7.1,1,True,,0.00551,0.44691
CVE-2023-40283,7.8,1,True,,0.0055,0.44641
CVE-2026-31405,,1,True,,0.0055,0.4465
CVE-2021-45469,7.8,2,True,,0.00549,0.44567
CVE-2020-36386,7.1,1,True,,0.00549,0.44571
CVE-2023-1206,5.7,1,True,,0.00549,0.44581
CVE-2026-64113,7.0,1,True,,0.00548,0.44559
CVE-2025-40135,7.0,1,True,,0.00548,0.44559
CVE-2025-23145,5.5,1,True,,0.00547,0.4451
CVE-2021-47587,5.5,1,True,,0.00547,0.44518
CVE-2026-64535,6.5,1,True,,0.00547,0.44515
CVE-2024-53138,5.5,1,True,,0.00546,0.44453
CVE-2026-68136,7.5,1,True,,0.00546,0.44445
CVE-2024-26583,4.7,1,True,,0.00546,0.44439
CVE-2023-28746,6.5,1,True,,0.00546,0.44426
CVE-2025-37947,7.8,1,True,,0.00545,0.44414
CVE-2023-45871,7.5,2,True,,0.00544,0.44343
CVE-2024-53146,5.5,1,True,,0.00544,0.44361
CVE-2022-1652,7.8,1,True,,0.00543,0.44314
CVE-2026-53398,7.0,1,True,,0.00543,0.44281
CVE-2026-53399,7.0,1,True,,0.00543,0.44282
CVE-2026-68127,5.5,1,True,,0.00543,0.443
CVE-2026-74746,7.8,1,True,,0.00543,0.443
CVE-2026-31711,,1,True,,0.00542,0.44228
CVE-2025-40186,7.0,1,True,,0.00541,0.44192
CVE-2024-49875,5.5,1,True,,0.00541,0.44217
CVE-2026-68096,5.5,1,True,,0.0054,0.44136
CVE-2024-56688,5.5,1,True,,0.0054,0.44136
CVE-2025-38052,7.8,1,True,,0.0054,0.4413
CVE-2024-46855,5.5,1,True,,0.0054,0.44149
CVE-2026-74394,7.0,1,True,,0.0054,0.44121
CVE-2024-53178,4.7,1,False,,0.00539,0.44072
CVE-2024-50284,5.5,1,True,,0.00539,0.44097
CVE-2023-53338,7.8,1,True,,0.00539,0.44094
CVE-2025-68337,5.5,1,True,,0.00537,0.44003
CVE-2025-68261,5.5,1,True,,0.00537,0.44004
CVE-2026-64450,5.5,1,True,,0.00537,0.43985
CVE-2026-52958,5.5,1,True,,0.00537,0.43985
CVE-2026-43407,5.5,1,True,,0.00537,0.43985
CVE-2024-47682,7.8,1,True,,0.00536,0.43955
CVE-2026-68144,7.0,1,True,,0.00536,0.43947
CVE-2026-64530,7.8,1,True,,0.00536,0.43944
CVE-2026-52982,5.5,1,True,,0.00536,0.43947
CVE-2021-4197,7.8,1,True,,0.00536,0.4395
CVE-2026-68137,5.5,1,True,,0.00536,0.43947
CVE-2022-48629,5.5,1,True,,0.00535,0.43865
CVE-2024-50251,6.2,1,True,,0.00534,0.43833
CVE-2024-40999,5.5,1,False,,0.00533,0.43768
CVE-2025-37926,7.8,1,True,,0.00533,0.43751
CVE-2019-19073,4.0,1,True,,0.00533,0.43742
CVE-2026-31450,5.5,1,True,,0.00533,0.43753
CVE-2026-43194,5.5,1,True,,0.00533,0.43767
CVE-2021-3744,5.5,1,True,,0.00533,0.43757
CVE-2023-35828,7.0,1,True,,0.00532,0.43679
CVE-2023-35788,7.8,1,True,,0.00532,0.43695
CVE-2026-52981,5.5,1,True,,0.00532,0.43697
CVE-2026-72099,7.3,1,True,,0.00532,0.43685
CVE-2024-41066,5.5,1,True,,0.00532,0.43724
CVE-2026-68117,7.0,1,True,,0.00531,0.43659
CVE-2024-56779,5.5,1,True,,0.00531,0.43669
CVE-2024-46695,4.4,1,True,,0.00531,0.43635
CVE-2024-46717,5.5,1,True,,0.0053,0.43604
CVE-2025-21766,5.5,1,True,,0.0053,0.43581
CVE-2026-53397,7.0,1,True,,0.00529,0.4352
CVE-2026-53392,7.0,1,True,,0.00529,0.4352
CVE-2024-50256,5.5,1,True,,0.00529,0.43523
CVE-2025-68218,5.5,1,True,,0.00528,0.43461
CVE-2024-39468,5.5,1,True,,0.00528,0.43452
CVE-2024-53122,5.5,1,True,,0.00528,0.43451
CVE-2025-40347,5.5,1,True,,0.00528,0.4346
CVE-2025-22088,7.8,1,True,,0.00527,0.43395
CVE-2026-63808,7.0,1,True,,0.00527,0.43446
CVE-2026-63800,7.0,1,True,,0.00527,0.43446
CVE-2023-6606,7.1,2,True,,0.00526,0.43357
CVE-2024-42225,7.5,1,True,,0.00526,0.43351
CVE-2022-1734,7.0,2,True,,0.00526,0.4335
CVE-2024-38623,5.5,1,True,,0.00526,0.43336
CVE-2026-74473,5.5,1,True,,0.00525,0.43296
CVE-2026-46119,7.0,1,True,,0.00525,0.43285
CVE-2026-64319,7.0,1,False,,0.00524,0.43236
CVE-2026-53046,,1,True,,0.00524,0.4324
CVE-2026-53217,,1,True,,0.00524,0.43246
CVE-2024-49568,5.5,1,False,,0.00524,0.43247
CVE-2026-72320,7.0,1,False,,0.00523,0.43173
CVE-2026-52954,5.5,1,True,,0.00523,0.43213
CVE-2026-43230,5.5,1,True,,0.00523,0.43213
CVE-2026-43226,7.0,1,True,,0.00523,0.43212
CVE-2026-68131,7.0,1,True,,0.00523,0.43212
CVE-2026-52957,7.0,1,True,,0.00523,0.43212
CVE-2025-68283,5.5,1,True,,0.00523,0.43208
CVE-2026-23456,6.4,1,True,,0.00523,0.43162
CVE-2026-68141,5.5,1,True,,0.00523,0.43212
CVE-2024-45009,5.5,1,True,,0.00523,0.4317
CVE-2024-50047,7.8,1,True,,0.00522,0.43131
CVE-2026-89672,7.0,1,False,,0.00522,0.43136
CVE-2026-80561,7.0,1,True,,0.00521,0.43041
CVE-2026-80630,7.0,1,True,,0.00521,0.43041
CVE-2026-89478,7.0,1,False,,0.00521,0.4304
CVE-2026-89674,5.5,1,False,,0.00521,0.43043
CVE-2026-80557,5.5,1,True,,0.00521,0.43042
CVE-2024-36972,5.5,1,True,,0.00521,0.43036
CVE-2026-89541,7.0,1,False,,0.00521,0.43043
CVE-2026-89656,7.0,1,False,,0.00521,0.43042
CVE-2026-80558,7.0,1,True,,0.00521,0.43042
CVE-2026-80528,7.0,1,True,,0.00521,0.43041
CVE-2026-81002,7.0,1,False,,0.00521,0.4304
CVE-2026-90414,,1,False,,0.00521,0.43042
CVE-2026-89542,7.0,1,False,,0.00521,0.43041
CVE-2026-89551,7.0,1,False,,0.00521,0.4304
CVE-2023-39191,8.2,1,False,,0.0052,0.43023
CVE-2024-57882,5.5,1,True,,0.00519,0.42953
CVE-2020-28097,5.9,1,True,,0.00519,0.42936
CVE-2026-74744,8.8,1,True,,0.00519,0.42922
CVE-2026-74743,7.0,1,True,,0.00519,0.42923
CVE-2025-22042,5.5,1,True,,0.00518,0.42881
CVE-2026-68315,7.0,1,True,,0.00518,0.42895
CVE-2024-50162,5.5,1,True,,0.00517,0.42805
CVE-2026-53224,7.0,1,False,,0.00517,0.42842
CVE-2026-53391,7.0,1,True,,0.00517,0.42807
CVE-2020-28974,5.0,1,True,,0.00517,0.4281
CVE-2026-89788,,1,False,,0.00516,0.42736
CVE-2025-68809,9.1,1,False,,0.00516,0.42756
CVE-2026-90104,,1,False,,0.00516,0.42779
CVE-2026-89537,7.0,1,False,,0.00516,0.42737
CVE-2020-11725,7.8,1,False,,0.00515,0.42688
CVE-2021-4002,4.4,1,True,,0.00515,0.4271
CVE-2026-53384,7.0,1,True,,0.00515,0.42723
CVE-2026-74597,7.0,1,True,,0.00514,0.42634
CVE-2026-64046,5.5,1,True,,0.00514,0.42632
CVE-2026-74669,8.8,1,True,,0.00514,0.42635
CVE-2026-68388,7.0,1,True,,0.00514,0.4263
CVE-2026-64055,,1,True,,0.00514,0.42631
CVE-2026-64047,7.0,1,True,,0.00514,0.42631
CVE-2026-74662,7.0,1,True,,0.00514,0.42635
CVE-2026-46043,7.0,1,True,,0.00514,0.42629
CVE-2026-64551,7.0,1,True,,0.00514,0.4263
CVE-2026-63992,7.0,1,True,,0.00514,0.4263
CVE-2026-63993,7.0,1,True,,0.00514,0.42634
CVE-2026-74495,5.5,1,True,,0.00514,0.42632
CVE-2026-63994,7.0,1,True,,0.00514,0.42633
CVE-2026-64007,7.0,1,True,,0.00514,0.42631
CVE-2026-74279,5.5,1,True,,0.00514,0.42636
CVE-2026-63984,7.0,1,True,,0.00514,0.42633
CVE-2026-53186,,1,True,,0.00514,0.42632
CVE-2026-53228,7.0,1,True,,0.00514,0.42634
CVE-2026-53225,5.5,1,True,,0.00514,0.42632
CVE-2026-53221,5.5,1,True,,0.00514,0.42631
CVE-2019-20908,6.7,1,False,,0.00514,0.42654
CVE-2026-53045,,1,True,,0.00514,0.42635
CVE-2026-53043,,1,True,,0.00514,0.42634
CVE-2026-74287,7.0,1,True,,0.00514,0.42636
CVE-2026-74384,5.5,1,True,,0.00514,0.42635
CVE-2026-74398,7.0,1,True,,0.00514,0.4263
CVE-2026-31637,5.5,1,True,,0.00514,0.42633
CVE-2011-4915,5.5,1,False,,0.00513,0.42549
CVE-2026-64355,7.0,1,True,,0.00513,0.42545
CVE-2026-74616,7.0,1,True,,0.00513,0.42545
CVE-2026-68343,7.0,1,True,,0.00513,0.42546
CVE-2026-63801,7.0,1,True,,0.00513,0.42551
CVE-2026-46185,7.0,1,True,,0.00513,0.42547
CVE-2026-52914,,1,True,,0.00513,0.42545
CVE-2019-20794,4.7,2,False,,0.00512,0.42492
CVE-2026-89704,6.8,1,False,,0.00511,0.42464
CVE-2026-68129,5.5,1,True,,0.00511,0.42463
CVE-2020-25671,7.8,1,True,,0.00511,0.42414
CVE-2026-64116,5.5,1,True,,0.00511,0.42463
CVE-2026-89706,7.0,1,False,,0.00511,0.42464
CVE-2019-11191,2.5,1,False,,0.00511,0.42448
CVE-2024-50062,5.5,1,True,,0.00511,0.42461
CVE-2026-53362,7.8,1,True,2026-08-27,0.0051,0.42387
CVE-2024-56641,5.5,1,False,,0.0051,0.4237
CVE-2023-42753,7.8,2,True,,0.0051,0.42368
CVE-2023-51780,7.0,2,True,,0.0051,0.42393
CVE-2026-74730,7.0,1,True,,0.0051,0.42377
CVE-2026-89533,7.0,1,False,,0.00509,0.42293
CVE-2025-21960,5.5,1,True,,0.00509,0.42295
CVE-2026-89532,7.0,1,False,,0.00509,0.42294
CVE-2026-89653,8.1,1,False,,0.00509,0.42294
CVE-2026-89650,7.0,1,False,,0.00509,0.42293
CVE-2026-80609,7.0,1,True,,0.00509,0.42294
CVE-2026-90048,,1,False,,0.00509,0.42284
CVE-2026-89477,7.0,1,False,,0.00508,0.42222
CVE-2026-80646,5.5,1,True,,0.00508,0.42223
CVE-2026-89848,,1,False,,0.00508,0.42255
CVE-2026-89684,7.0,1,False,,0.00508,0.42223
CVE-2026-89699,5.3,1,False,,0.00508,0.42222
CVE-2026-80527,5.5,1,True,,0.00508,0.42222
CVE-2022-0001,6.5,1,True,,0.00508,0.42271
CVE-2026-80987,5.5,1,False,,0.00508,0.42222
CVE-2023-3776,7.8,1,True,,0.00508,0.42245
CVE-2023-53817,,1,True,,0.00508,0.42273
CVE-2022-3628,6.6,1,True,,0.00507,0.42166
CVE-2026-31432,,1,False,,0.00507,0.42125
CVE-2020-0423,7.8,1,True,,0.00507,0.42132
CVE-2025-21945,7.8,1,True,,0.00506,0.42074
CVE-2026-74255,5.5,1,True,,0.00506,0.42082
CVE-2026-89479,7.0,1,False,,0.00506,0.42082
CVE-2026-80600,5.5,1,True,,0.00506,0.42081
CVE-2026-80681,7.0,1,True,,0.00506,0.42082
CVE-2022-48711,5.5,1,True,,0.00506,0.42094
CVE-2026-63795,7.0,1,True,,0.00504,0.41932
CVE-2024-36964,5.5,2,True,,0.00503,0.41884
CVE-2024-35970,5.5,1,True,,0.00503,0.41865
CVE-2025-38430,5.5,1,True,,0.00503,0.41866
CVE-2023-54280,5.5,1,False,,0.00503,0.41918
CVE-2026-74376,5.5,1,True,,0.00502,0.41848
CVE-2026-43406,5.5,1,True,,0.00502,0.41849
CVE-2026-43304,7.0,1,True,,0.00502,0.41849
CVE-2026-31478,,1,True,,0.00502,0.41849
CVE-2026-53216,,1,True,,0.00502,0.4185
CVE-2026-53215,,1,True,,0.00502,0.41849
CVE-2026-74321,5.5,1,True,,0.00501,0.41779
CVE-2026-74523,5.5,1,True,,0.00501,0.41778
CVE-2026-46027,5.5,1,True,,0.00501,0.41778
CVE-2026-43373,,1,True,,0.00501,0.41777
CVE-2026-46052,7.0,1,True,,0.00501,0.4178
CVE-2026-53199,5.5,1,True,,0.00501,0.41776
CVE-2026-53003,5.5,1,True,,0.00501,0.41776
CVE-2026-31563,,1,True,,0.00501,0.41778
CVE-2026-68299,7.0,1,True,,0.00501,0.41777
CVE-2026-64312,7.0,1,True,,0.00501,0.41779
CVE-2026-74625,5.5,1,True,,0.00501,0.4178
CVE-2026-74717,5.5,1,True,,0.00501,0.41778
CVE-2026-31552,5.5,1,True,,0.00501,0.41776
CVE-2026-74626,5.5,1,True,,0.00501,0.4178
CVE-2026-46177,,1,True,,0.00501,0.41779
CVE-2026-64545,5.5,1,True,,0.00501,0.41779
CVE-2026-64048,7.0,1,True,,0.00501,0.41777
CVE-2026-46102,5.5,1,True,,0.00501,0.4178
CVE-2026-52974,5.5,1,True,,0.005,0.41717
CVE-2026-74688,7.0,1,True,,0.005,0.41696
CVE-2026-74588,8.8,1,True,,0.005,0.41695
CVE-2026-74587,7.0,1,True,,0.005,0.41696
CVE-2026-74493,7.0,1,True,,0.005,0.41695
CVE-2026-74586,7.0,1,True,,0.005,0.41695
CVE-2026-74705,7.0,1,True,,0.005,0.41696
CVE-2026-64102,7.0,1,True,,0.005,0.41696
CVE-2026-46110,,1,True,,0.005,0.41716
CVE-2026-74628,5.5,1,True,,0.005,0.41695
CVE-2026-31476,,1,True,,0.00499,0.41664
CVE-2022-23960,5.6,2,True,,0.00499,0.41657
CVE-2024-58087,8.1,1,True,,0.00498,0.41574
CVE-2022-0617,5.5,1,True,,0.00497,0.41548
CVE-2024-56703,5.5,1,True,,0.00496,0.41487
CVE-2021-21781,3.3,1,True,,0.00496,0.41492
CVE-2024-56719,5.5,1,True,,0.00496,0.4147
CVE-2024-21803,7.8,1,False,,0.00495,0.41415
CVE-2021-38208,5.5,1,True,,0.00493,0.41258
CVE-2024-26886,5.3,1,True,,0.00493,0.41285
CVE-2025-38439,5.5,1,True,,0.00492,0.41229
CVE-2026-74612,7.0,1,True,,0.00491,0.41149
CVE-2025-37917,5.5,1,True,,0.00491,0.41151
CVE-2026-64399,,1,True,,0.00491,0.41149
CVE-2026-64000,7.0,1,True,,0.00491,0.4115
CVE-2026-74476,7.0,1,True,,0.00491,0.4115
CVE-2026-74406,5.5,1,True,,0.00491,0.4115
CVE-2026-74474,7.0,1,False,,0.00491,0.41149
CVE-2023-3090,7.8,1,True,,0.00491,0.41119
CVE-2026-46024,5.7,1,True,,0.0049,0.41074
CVE-2026-43099,5.5,1,True,,0.0049,0.41075
CVE-2026-43405,5.5,1,True,,0.0049,0.41074
CVE-2026-74621,7.0,1,True,,0.0049,0.41074
CVE-2026-74696,5.5,1,True,,0.0049,0.41074
CVE-2026-23240,5.8,1,False,,0.0049,0.41101
CVE-2026-74692,7.0,1,True,,0.0049,0.41075
CVE-2026-64430,5.5,1,True,,0.0049,0.41075
CVE-2026-23111,7.8,1,True,,0.00489,0.41012
CVE-2025-38181,5.5,1,True,,0.00489,0.41007
CVE-2026-64033,,1,True,,0.00488,0.40985
CVE-2026-68287,5.5,1,False,,0.00488,0.40942
CVE-2022-20572,6.7,1,True,,0.00488,0.40971
CVE-2026-89671,7.0,1,False,,0.00487,0.40875
CVE-2026-90176,,1,False,,0.00487,0.40878
CVE-2025-38001,5.5,1,True,,0.00486,0.40849
CVE-2026-23003,5.5,1,True,,0.00486,0.40855
CVE-2026-31682,5.5,1,True,,0.00485,0.4074
CVE-2021-3564,5.5,1,True,,0.00485,0.40762
CVE-2023-52480,7.0,1,True,,0.00485,0.40779
CVE-2022-3643,6.5,1,True,,0.00485,0.40747
CVE-2025-71120,5.5,1,True,,0.00484,0.40674
CVE-2025-21955,5.5,1,False,,0.00483,0.40607
CVE-2025-21946,7.1,1,True,,0.00483,0.40607
CVE-2011-4917,5.5,1,False,,0.00483,0.40609
CVE-2025-21927,7.8,1,False,,0.00482,0.40572
CVE-2026-89633,7.0,1,False,,0.00481,0.40482
CVE-2026-63796,,1,True,,0.00481,0.40484
CVE-2025-40337,,1,False,,0.00481,0.40507
CVE-2026-74678,5.5,1,True,,0.00479,0.40356
CVE-2026-53184,5.5,1,True,,0.00479,0.40355
CVE-2026-64210,5.5,1,False,,0.00479,0.40357
CVE-2026-31477,,1,True,,0.00479,0.40354
CVE-2026-53183,5.5,1,True,,0.00479,0.40355
CVE-2026-64393,,1,True,,0.00479,0.40357
CVE-2026-43441,5.5,1,True,,0.00479,0.40354
CVE-2024-36013,7.1,1,True,,0.00479,0.40392
CVE-2026-74624,7.0,1,True,,0.00479,0.40356
CVE-2026-68457,9.1,1,True,,0.00479,0.40355
CVE-2026-74550,5.5,1,True,,0.00479,0.40356
CVE-2024-36947,5.5,1,True,,0.00478,0.40324
CVE-2024-36945,5.5,1,True,,0.00478,0.40324
CVE-2024-36350,5.6,1,True,,0.00478,0.40275
CVE-2023-3268,7.1,1,True,,0.00477,0.40212
CVE-2026-72492,7.0,1,True,,0.00477,0.40227
CVE-2026-74608,7.0,1,True,,0.00477,0.40245
CVE-2024-50086,7.0,1,True,,0.00477,0.40201
CVE-2025-22043,5.5,1,False,,0.00477,0.40248
CVE-2026-68302,,1,True,,0.00477,0.40245
CVE-2026-64397,,1,True,,0.00477,0.40244
CVE-2020-0067,4.4,1,False,,0.00477,0.40219
CVE-2020-27777,6.7,2,True,,0.00476,0.40192
CVE-2019-12380,5.5,1,False,,0.00476,0.40185
CVE-2024-50085,5.5,1,True,,0.00476,0.4015
CVE-2026-68376,7.0,1,True,,0.00475,0.401
CVE-2026-80670,5.5,1,False,,0.00475,0.40132
CVE-2023-30456,6.5,1,True,,0.00474,0.40017
CVE-2025-21707,5.5,1,True,,0.00474,0.40046
CVE-2023-30772,6.4,1,True,,0.00474,0.40053
CVE-2020-29660,4.4,1,True,,0.00474,0.40019
CVE-2021-42739,6.7,1,True,,0.00473,0.39947
CVE-2019-19067,4.4,1,True,,0.00473,0.39968
CVE-2021-34693,5.5,1,True,,0.00472,0.39849
CVE-2019-12379,5.5,1,False,,0.00472,0.39828
CVE-2019-12378,5.5,1,False,,0.00472,0.39904
CVE-2021-23133,7.0,1,True,,0.00471,0.39753
CVE-2026-64394,,1,True,,0.0047,0.39698
CVE-2026-53390,,1,True,,0.0047,0.39709
CVE-2025-39841,7.8,1,True,,0.0047,0.39692
CVE-2019-12381,5.5,1,False,,0.0047,0.39742
CVE-2019-12382,5.5,1,False,,0.0047,0.39697
CVE-2026-64392,,1,False,,0.00469,0.3962
CVE-2024-47658,5.5,1,False,,0.00469,0.39642
CVE-2025-38057,5.5,1,True,,0.00469,0.39633
CVE-2026-43158,7.0,1,True,,0.00469,0.39613
CVE-2026-74469,8.3,1,True,,0.00469,0.39613
CVE-2021-38198,5.5,1,True,,0.00469,0.39614
CVE-2026-43187,5.5,1,True,,0.00469,0.39613
CVE-2025-38018,5.5,1,True,,0.00468,0.39585
CVE-2020-25673,5.5,1,True,,0.00468,0.39581
CVE-2026-90234,,1,False,,0.00468,0.39543
CVE-2025-68301,5.5,1,True,,0.00467,0.39505
CVE-2026-64390,,1,True,,0.00467,0.39532
CVE-2026-52929,5.5,1,True,,0.00467,0.39506
CVE-2022-3586,5.5,1,True,,0.00467,0.39493
CVE-2026-64600,7.8,1,True,,0.00467,0.39507
CVE-2026-52946,5.5,1,True,,0.00467,0.39517
CVE-2025-40087,,1,True,,0.00466,0.39408
CVE-2022-2153,5.5,2,True,,0.00466,0.39442
CVE-2023-5345,7.8,1,True,,0.00466,0.39419
CVE-2025-68336,5.5,1,True,,0.00466,0.39408
CVE-2025-68241,4.7,1,True,,0.00466,0.39408
CVE-2024-56718,5.5,1,True,,0.00465,0.39378
CVE-2026-64398,,1,True,,0.00464,0.39315
CVE-2024-36962,5.5,1,True,,0.00464,0.39308
CVE-2025-40258,7.8,1,True,,0.00464,0.39335
CVE-2025-40257,6.7,1,True,,0.00464,0.39334
CVE-2021-3847,7.8,1,False,,0.00464,0.39334
CVE-2026-89702,7.0,1,False,,0.00463,0.39252
CVE-2024-49855,7.0,1,True,,0.00463,0.39266
CVE-2026-89652,7.0,1,False,,0.00463,0.39252
CVE-2026-89550,7.0,1,False,,0.00463,0.39253
CVE-2026-80694,5.5,1,False,,0.00463,0.39252
CVE-2026-43233,7.0,1,True,,0.00463,0.39239
CVE-2026-43190,7.5,1,True,,0.00463,0.39239
CVE-2026-64448,7.0,1,True,,0.00463,0.3924
CVE-2019-12455,5.5,1,False,,0.00463,0.39262
CVE-2026-89530,7.0,1,False,,0.00463,0.39253
CVE-2022-0854,5.5,2,True,,0.00462,0.39141
CVE-2025-21961,5.5,1,False,,0.00462,0.39139
CVE-2026-90036,,1,False,,0.00462,0.39171
CVE-2025-40328,5.5,1,False,,0.00461,0.39098
CVE-2024-53090,5.5,1,False,,0.00461,0.39095
CVE-2021-39685,7.8,1,True,,0.00461,0.39085
CVE-2021-35477,5.5,2,True,,0.0046,0.39036
CVE-2025-22021,5.5,1,True,,0.00459,0.38969
CVE-2026-31649,6.0,1,True,,0.00459,0.38941
CVE-2026-31669,7.5,1,True,,0.00459,0.38957
CVE-2022-4744,7.8,1,True,,0.00459,0.38993
CVE-2026-45988,5.5,1,False,,0.00457,0.38848
CVE-2026-90230,,1,False,,0.00457,0.38851
CVE-2026-64391,,1,False,,0.00457,0.38847
CVE-2026-90037,,1,False,,0.00456,0.38774
CVE-2026-63976,5.5,1,True,,0.00456,0.38748
CVE-2026-74490,5.5,1,True,,0.00455,0.38731
CVE-2026-89663,7.0,1,False,,0.00455,0.38692
CVE-2026-80725,7.0,1,True,,0.00455,0.38723
CVE-2025-68369,7.5,1,True,,0.00455,0.38702
CVE-2025-40324,5.9,1,True,,0.00455,0.38702
CVE-2025-40271,7.0,1,True,,0.00455,0.38726
CVE-2017-13693,5.5,1,False,,0.00455,0.38697
CVE-2025-68817,7.8,1,True,,0.00454,0.38643
CVE-2018-12928,5.5,3,False,,0.00454,0.38618
CVE-2024-58053,5.5,1,False,,0.00454,0.38603
CVE-2026-74475,5.5,1,True,,0.00454,0.38658
CVE-2023-1079,6.8,1,True,,0.00454,0.3865
CVE-2023-3609,7.8,1,True,,0.00454,0.38624
CVE-2026-31409,,1,True,,0.00454,0.38629
CVE-2026-64389,,1,False,,0.00453,0.38582
CVE-2025-38075,5.5,1,True,,0.00453,0.38571
CVE-2023-3772,4.4,1,True,,0.00452,0.38472
CVE-2025-68302,5.9,1,True,,0.00451,0.3845
CVE-2020-8694,5.5,1,True,,0.00451,0.38435
CVE-2025-38120,5.5,1,True,,0.00451,0.38445
CVE-2025-38734,7.8,1,False,,0.00451,0.38436
CVE-2022-0002,6.5,1,True,,0.00451,0.38402
CVE-2026-31417,,1,True,,0.00449,0.3829
CVE-2026-89711,5.5,1,False,,0.00449,0.38272
CVE-2026-23242,5.5,1,True,,0.00449,0.3829
CVE-2021-3653,8.8,1,True,,0.00448,0.38193
CVE-2026-89676,7.0,1,False,,0.00448,0.38209
CVE-2026-89675,7.0,1,False,,0.00448,0.38208
CVE-2026-89631,7.0,1,False,,0.00448,0.38208
CVE-2024-40910,5.5,1,True,,0.00446,0.38079
CVE-2022-2991,6.7,1,True,,0.00446,0.3803
CVE-2024-56717,5.5,1,True,,0.00446,0.3802
CVE-2019-19054,4.7,1,True,,0.00446,0.38084
CVE-2026-80637,5.5,1,False,,0.00446,0.38073
CVE-2026-68083,,1,False,,0.00446,0.38071
CVE-2026-90153,,1,False,,0.00445,0.38008
CVE-2025-21646,5.5,1,True,,0.00445,0.37974
CVE-2026-72420,5.5,1,False,,0.00445,0.3799
CVE-2026-74401,5.5,1,False,,0.00444,0.37923
CVE-2026-64025,7.0,1,False,,0.00444,0.37924
CVE-2026-74345,7.0,1,False,,0.00444,0.37924
CVE-2025-68263,8.1,1,True,,0.00444,0.37858
CVE-2024-26926,5.5,1,True,,0.00444,0.37888
CVE-2026-43184,,1,True,,0.00444,0.379
CVE-2020-36694,6.7,1,False,,0.00444,0.37916
CVE-2026-31668,3.3,1,True,,0.00443,0.37782
CVE-2026-43383,4.7,1,True,,0.00443,0.37819
CVE-2026-43452,5.5,1,True,,0.00443,0.37819
CVE-2026-64380,7.0,1,True,,0.00443,0.3782
CVE-2026-46037,5.5,1,True,,0.00443,0.37819
CVE-2026-74704,5.5,1,True,,0.00443,0.3782
CVE-2026-31448,5.5,1,True,,0.00443,0.3782
CVE-2024-57947,5.5,1,True,,0.00442,0.37696
CVE-2026-43083,5.5,1,False,,0.00442,0.37738
CVE-2026-31536,,1,False,,0.00442,0.37735
CVE-2025-68803,5.5,1,True,,0.00442,0.37746
CVE-2026-74611,7.0,1,False,,0.00442,0.37737
CVE-2026-53246,7.0,1,False,,0.00442,0.37736
CVE-2026-31557,5.5,1,False,,0.00441,0.37599
CVE-2025-40171,5.5,1,True,,0.00441,0.37655
CVE-2026-53229,5.5,1,False,,0.00441,0.37599
CVE-2026-22997,5.5,1,True,,0.00441,0.37646
CVE-2025-68321,5.5,1,True,,0.00441,0.37655
CVE-2026-90018,,1,False,,0.00441,0.37631
CVE-2025-40158,7.0,1,False,,0.0044,0.37561
CVE-2026-22991,5.5,1,True,,0.0044,0.37542
CVE-2026-23226,7.8,1,False,,0.0044,0.37529
CVE-2020-25656,4.1,1,True,,0.00439,0.37519
CVE-2025-21676,5.5,1,True,,0.00439,0.37453
CVE-2026-52924,8.8,1,True,,0.00438,0.37429
CVE-2023-3111,7.8,1,True,,0.00438,0.37433
CVE-2026-46306,7.0,1,True,,0.00437,0.37362
CVE-2023-3141,7.1,1,True,,0.00437,0.37333
CVE-2025-68806,7.5,1,True,,0.00437,0.37321
CVE-2019-16234,4.7,1,False,,0.00436,0.37262
CVE-2024-41046,7.8,1,True,,0.00435,0.37174
CVE-2026-64437,,1,True,,0.00435,0.37147
CVE-2026-68100,7.0,1,True,,0.00435,0.37182
CVE-2026-89708,7.0,1,False,,0.00435,0.37191
CVE-2026-89659,7.0,1,False,,0.00435,0.37191
CVE-2026-31598,,1,True,,0.00435,0.37189
CVE-2026-74522,5.5,1,True,,0.00435,0.37147
CVE-2026-43203,,1,True,,0.00435,0.37195
CVE-2026-64396,7.5,1,True,,0.00435,0.37147
CVE-2022-1016,5.5,2,True,,0.00434,0.37033
CVE-2026-74752,8.8,1,False,,0.00434,0.37106
CVE-2026-74697,7.0,1,True,,0.00433,0.36966
CVE-2026-90141,,1,False,,0.00433,0.36986
CVE-2026-23457,5.3,1,True,,0.00433,0.37003
CVE-2022-26490,7.8,2,True,,0.00432,0.36927
CVE-2025-38561,4.7,1,True,,0.00432,0.36913
CVE-2026-89561,5.5,1,False,,0.00432,0.36847
CVE-2018-20449,5.5,1,False,,0.00432,0.36894
CVE-2025-40204,5.3,1,True,,0.00432,0.36928
CVE-2026-89685,7.0,1,False,,0.00432,0.36847
CVE-2020-15437,4.4,1,True,,0.00432,0.36855
CVE-2021-3609,7.0,1,True,,0.00431,0.36835
CVE-2025-21959,5.5,1,True,,0.00431,0.3678
CVE-2022-4378,7.8,1,True,,0.00431,0.36821
CVE-2023-6610,7.1,1,True,,0.0043,0.36724
CVE-2022-1198,5.5,2,True,,0.0043,0.36714
CVE-2025-68315,8.1,1,True,,0.0043,0.36693
CVE-2022-32296,3.3,2,True,,0.00428,0.365
CVE-2022-24959,5.5,1,True,,0.00428,0.36505
CVE-2025-37757,5.5,1,True,,0.00428,0.36549
CVE-2025-21855,7.8,1,True,,0.00427,0.36496
CVE-2022-2318,5.5,1,True,,0.00427,0.36461
CVE-2026-64091,,1,True,,0.00426,0.36372
CVE-2026-43125,7.0,1,False,,0.00426,0.36399
CVE-2026-43101,5.5,1,False,,0.00426,0.36382
CVE-2025-40176,7.3,1,True,,0.00426,0.36409
CVE-2026-53284,5.5,1,False,,0.00426,0.36383
CVE-2026-74695,7.0,1,False,,0.00426,0.36383
CVE-2022-0850,7.1,1,True,,0.00426,0.36365
CVE-2026-46137,5.5,1,True,,0.00426,0.36372
CVE-2025-40074,6.4,1,False,,0.00426,0.36409
CVE-2026-43336,,1,True,,0.00425,0.36297
CVE-2026-53131,7.0,1,True,,0.00425,0.36292
CVE-2025-21885,5.5,1,False,,0.00425,0.36275
CVE-2026-74598,7.0,1,True,,0.00425,0.36297
CVE-2026-46124,,1,True,,0.00425,0.36297
CVE-2017-18232,5.5,1,False,,0.00425,0.36276
CVE-2026-80603,7.0,1,True,,0.00425,0.36253
CVE-2025-21629,5.5,1,True,,0.00425,0.36327
CVE-2022-0487,5.5,1,True,,0.00424,0.36225
CVE-2026-90301,,1,False,,0.00423,0.36112
CVE-2025-38399,5.5,1,True,,0.00423,0.36146
CVE-2024-53136,4.7,1,True,,0.00423,0.36132
CVE-2024-26801,5.5,2,True,,0.00422,0.36028
CVE-2025-40273,6.5,1,True,,0.00422,0.3603
CVE-2025-39702,7.0,1,True,,0.00422,0.36033
CVE-2020-16119,7.8,1,True,,0.00422,0.36032
CVE-2019-19072,4.4,1,True,,0.00422,0.36041
CVE-2019-16231,4.1,1,False,,0.00422,0.36064
CVE-2019-16229,4.1,1,False,,0.00421,0.35978
CVE-2026-53355,7.0,1,True,,0.00421,0.35959
CVE-2022-3545,7.8,1,True,,0.0042,0.35823
CVE-2021-34556,5.5,2,True,,0.00419,0.35804
CVE-2023-3567,7.1,1,True,,0.00419,0.35767
CVE-2025-38146,7.8,1,True,,0.00419,0.35725
CVE-2026-64534,7.0,1,True,,0.00419,0.35719
CVE-2017-13694,5.5,1,False,,0.00419,0.35785
CVE-2023-4921,7.8,2,True,,0.00418,0.35625
CVE-2024-53144,5.5,1,True,,0.00418,0.35677
CVE-2022-3635,7.0,1,True,,0.00417,0.35538
CVE-2024-40920,7.8,1,True,,0.00417,0.35603
CVE-2024-43856,5.5,1,True,,0.00416,0.35446
CVE-2024-27404,4.7,1,True,,0.00416,0.35454
CVE-2020-14385,5.5,1,True,,0.00416,0.35452
CVE-2022-0494,4.4,2,True,,0.00416,0.35448
CVE-2026-64560,7.0,1,True,,0.00416,0.35494
CVE-2020-27673,5.5,1,True,,0.00415,0.35338
CVE-2026-64138,,1,False,,0.00415,0.35368
CVE-2026-31612,,1,True,,0.00415,0.35421
CVE-2023-39193,6.0,2,True,,0.00415,0.35396
CVE-2026-89616,5.5,1,False,,0.00415,0.35368
CVE-2026-89480,7.0,1,False,,0.00415,0.35368
CVE-2026-68097,,1,False,,0.00414,0.35329
CVE-2025-38527,7.8,1,True,,0.00414,0.35331
CVE-2026-68098,5.5,1,False,,0.00414,0.35329
CVE-2026-23112,9.8,1,True,,0.00414,0.35319
CVE-2026-43365,5.5,1,True,,0.00414,0.35315
CVE-2025-68246,5.9,1,True,,0.00414,0.3532
CVE-2025-68320,5.9,1,False,,0.00414,0.35322
CVE-2026-68352,5.5,1,True,,0.00413,0.35233
CVE-2026-89481,7.0,1,False,,0.00413,0.35134
CVE-2021-29650,5.5,1,True,,0.00413,0.35206
CVE-2026-68196,5.5,1,True,,0.00413,0.35233
CVE-2024-28956,5.6,1,True,,0.00413,0.3517
CVE-2022-24958,7.8,2,True,,0.00413,0.35138
CVE-2023-31084,5.5,1,True,,0.00413,0.35167
CVE-2022-42895,6.5,1,True,,0.00413,0.35199
CVE-2024-57895,5.5,1,True,,0.00413,0.35162
CVE-2011-4916,5.5,1,False,,0.00412,0.35082
CVE-2026-68192,,1,True,,0.00412,0.35086
CVE-2024-56694,5.5,1,True,,0.00412,0.35066
CVE-2025-68365,5.5,1,True,,0.00412,0.35128
CVE-2026-68199,,1,True,,0.00412,0.35086
CVE-2023-39189,6.0,2,True,,0.00411,0.3502
CVE-2025-40285,,1,True,,0.00411,0.34979
CVE-2025-21673,5.5,1,False,,0.00411,0.35027
CVE-2023-6270,7.0,2,True,,0.0041,0.34849
CVE-2019-12456,7.8,1,False,,0.0041,0.34889
CVE-2021-41864,7.8,1,True,,0.00409,0.34783
CVE-2026-43341,7.0,1,True,,0.00409,0.34809
CVE-2020-35519,7.8,1,True,,0.00408,0.34745
CVE-2026-43490,,1,False,,0.00408,0.34719
CVE-2024-40911,5.5,1,True,,0.00408,0.34689
CVE-2026-64160,7.0,1,False,,0.00407,0.34672
CVE-2026-90223,,1,False,,0.00407,0.34685
CVE-2020-29374,3.6,1,True,,0.00407,0.34672
CVE-2026-89654,7.0,1,False,,0.00407,0.34635
CVE-2026-72494,5.5,1,False,,0.00407,0.34672
CVE-2023-42754,5.5,2,True,,0.00406,0.34557
CVE-2026-64395,,1,True,,0.00406,0.34557
CVE-2026-74427,5.5,1,True,,0.00404,0.34365
CVE-2020-12888,5.3,1,True,,0.00404,0.34375
CVE-2026-80714,7.8,1,True,,0.00404,0.34365
CVE-2026-80586,8.3,1,True,,0.00404,0.34365
CVE-2023-42755,5.5,2,True,,0.00403,0.34294
CVE-2023-54227,3.3,1,False,,0.00403,0.34214
CVE-2025-38676,7.8,1,True,,0.00403,0.3425
CVE-2016-10723,5.5,1,False,,0.00403,0.34227
CVE-2005-3660,4.9,1,False,,0.00402,0.34122
CVE-2010-5321,4.3,1,False,,0.00401,0.3409
CVE-2022-1204,5.5,1,True,,0.00401,0.34085
CVE-2023-53360,5.5,1,True,,0.00401,0.34009
CVE-2021-4149,5.5,2,True,,0.004,0.33974
CVE-2025-38124,5.5,1,True,,0.004,0.33949
CVE-2024-40941,5.5,1,True,,0.004,0.33957
CVE-2023-39194,4.4,1,True,,0.004,0.34004
CVE-2026-52931,,1,True,,0.00399,0.33843
CVE-2026-52945,7.0,1,True,,0.00399,0.3385
CVE-2026-68082,,1,True,,0.00399,0.33842
CVE-2026-31657,,1,True,,0.00399,0.33841
CVE-2026-53088,5.5,1,True,,0.00399,0.33842
CVE-2026-74556,7.2,1,True,,0.00399,0.33843
CVE-2024-26921,5.5,1,True,,0.00399,0.33838
CVE-2020-26088,5.5,1,True,,0.00399,0.33887
CVE-2026-74436,7.0,1,True,,0.00399,0.33841
CVE-2026-43071,5.5,1,True,,0.00399,0.33842
CVE-2026-53309,7.1,1,True,,0.00399,0.33842
CVE-2026-43117,7.4,1,True,,0.00399,0.3384
CVE-2026-74581,7.8,1,True,,0.00399,0.33843
CVE-2024-53059,7.8,1,True,,0.00399,0.33877
CVE-2026-31414,5.8,1,True,,0.00399,0.33841
CVE-2026-31659,,1,True,,0.00399,0.33843
CVE-2024-46755,5.5,1,True,,0.00398,0.3372
CVE-2022-1353,7.1,2,True,,0.00398,0.33749
CVE-2021-20317,4.4,1,True,,0.00398,0.33727
CVE-2025-21829,5.5,1,True,,0.00397,0.33674
CVE-2026-72029,5.5,1,True,,0.00397,0.33706
CVE-2023-39192,6.0,2,True,,0.00397,0.33627
CVE-2026-89682,7.0,1,False,,0.00397,0.33669
CVE-2022-24448,3.3,1,True,,0.00397,0.33628
CVE-2026-46135,7.1,1,True,,0.00397,0.33655
CVE-2024-27435,5.5,1,True,,0.00397,0.337
CVE-2024-53141,7.8,1,True,,0.00396,0.33563
CVE-2026-53253,7.0,1,True,,0.00396,0.33522
CVE-2025-38608,5.5,1,True,,0.00395,0.33472
CVE-2022-28388,5.5,1,True,,0.00395,0.33472
CVE-2021-38160,7.8,1,True,,0.00395,0.33451
CVE-2026-53006,7.0,1,True,,0.00395,0.33434
CVE-2025-38471,7.8,1,True,,0.00394,0.33327
CVE-2018-7754,5.5,1,False,,0.00393,0.3321
CVE-2024-35998,5.5,1,True,,0.00393,0.3322
CVE-2025-38472,5.5,1,True,,0.00393,0.33213
CVE-2020-29569,8.8,1,True,,0.00393,0.33255
CVE-2026-52967,5.5,1,True,,0.00393,0.33216
CVE-2026-23364,,1,True,,0.00392,0.33055
CVE-2020-4788,4.7,2,True,,0.00392,0.33061
CVE-2025-40168,7.0,1,True,,0.00392,0.33077
CVE-2026-68118,7.0,1,False,,0.00391,0.33041
CVE-2021-37159,6.4,1,True,,0.00391,0.33044
CVE-2023-1073,6.6,1,True,,0.00391,0.33033
CVE-2026-22984,7.1,1,True,,0.00391,0.32947
CVE-2025-38563,7.8,1,True,,0.0039,0.32846
CVE-2026-31705,,1,True,,0.00389,0.32776
CVE-2026-46304,5.5,1,True,,0.00389,0.32762
CVE-2026-43057,5.5,1,True,,0.00389,0.3276
CVE-2026-31676,5.5,1,True,,0.00389,0.32761
CVE-2025-38429,5.5,1,False,,0.00389,0.32775
CVE-2026-46273,5.5,1,True,,0.00389,0.32762
CVE-2026-52922,,1,True,,0.00389,0.32761
CVE-2026-31662,5.5,1,True,,0.00389,0.32761
CVE-2026-53049,7.0,1,True,,0.00388,0.32653
CVE-2018-17977,4.4,1,False,,0.00388,0.32664
CVE-2026-31533,5.5,1,True,,0.00388,0.32661
CVE-2021-47476,4.4,1,True,,0.00388,0.32657
CVE-2026-74569,7.0,1,True,,0.00388,0.32629
CVE-2026-43232,,1,True,,0.00387,0.32514
CVE-2026-43296,5.5,1,True,,0.00387,0.32535
CVE-2026-64374,5.5,1,True,,0.00387,0.32535
CVE-2019-16089,4.1,2,False,,0.00387,0.32542
CVE-2026-53268,7.0,1,True,,0.00387,0.32497
CVE-2023-1989,7.0,1,True,,0.00387,0.32536
CVE-2026-63893,5.5,1,True,,0.00386,0.32412
CVE-2026-80587,5.5,1,False,,0.00386,0.3241
CVE-2021-28971,5.5,1,True,,0.00385,0.32337
CVE-2020-25641,5.5,1,True,,0.00385,0.32331
CVE-2025-71183,5.5,1,True,,0.00383,0.32129
CVE-2025-37749,7.1,1,True,,0.00382,0.3193
CVE-2020-14304,4.4,2,False,,0.00382,0.31969
CVE-2025-40099,5.5,1,True,,0.00382,0.31981
CVE-2019-16233,4.1,1,False,,0.00381,0.31833
CVE-2026-64531,7.8,1,True,,0.0038,0.3177
CVE-2026-53069,5.5,1,True,,0.0038,0.31755
CVE-2026-52955,4.7,1,True,,0.0038,0.31786
CVE-2026-74269,7.0,1,False,,0.0038,0.31732
CVE-2026-74723,5.5,1,False,,0.0038,0.31731
CVE-2026-74350,5.5,1,False,,0.0038,0.31731
CVE-2026-43469,5.5,1,True,,0.0038,0.31756
CVE-2026-43414,7.1,1,False,,0.0038,0.31731
CVE-2026-80634,5.5,1,False,,0.00379,0.31692
CVE-2026-80668,7.0,1,False,,0.00379,0.31692
CVE-2019-19082,4.7,1,True,,0.00379,0.31679
CVE-2026-22990,5.5,1,True,,0.00379,0.31659
CVE-2025-21938,4.7,1,True,,0.00379,0.31713
CVE-2023-31085,5.5,1,False,,0.00379,0.31679
CVE-2022-0330,7.8,1,True,,0.00379,0.317
CVE-2026-89611,5.5,1,False,,0.00379,0.31691
CVE-2025-71161,5.5,1,True,,0.00379,0.31658
CVE-2016-8660,5.5,1,False,,0.00379,0.31628
CVE-2020-28915,5.8,1,True,,0.00379,0.3166
CVE-2026-31467,5.5,1,True,,0.00378,0.31564
CVE-2025-21725,5.5,1,True,,0.00378,0.31587
CVE-2024-38381,7.1,2,True,,0.00378,0.31604
CVE-2020-36322,5.5,1,True,,0.00378,0.31567
CVE-2022-2503,6.7,1,True,,0.00378,0.31585
CVE-2026-31613,7.1,1,True,,0.00378,0.31575
CVE-2025-38724,7.8,1,True,,0.00378,0.31555
CVE-2019-25162,7.8,1,True,,0.00378,0.31531
CVE-2026-46243,7.8,1,True,,0.00377,0.31454
CVE-2024-49982,7.8,1,True,,0.00376,0.31412
CVE-2024-49930,7.8,1,True,,0.00376,0.31346
CVE-2025-40075,5.5,1,False,,0.00376,0.31396
CVE-2025-37820,5.5,1,True,,0.00376,0.31338
CVE-2024-35969,5.5,2,True,,0.00375,0.31269
CVE-2019-16230,4.7,1,False,,0.00375,0.31243
CVE-2026-80589,7.0,1,True,,0.00375,0.31257
CVE-2026-43139,5.5,1,True,,0.00375,0.31248
CVE-2024-35999,5.5,1,True,,0.00375,0.31212
CVE-2025-21947,4.7,1,True,,0.00374,0.3119
CVE-2025-21735,7.8,1,True,,0.00373,0.31063
CVE-2026-63830,7.0,1,True,,0.00372,0.3096
CVE-2021-23134,7.8,1,True,,0.00372,0.30931
CVE-2025-38437,7.8,1,True,,0.00372,0.30975
CVE-2021-33631,7.8,1,True,,0.00371,0.30885
CVE-2026-46266,7.0,1,True,,0.00371,0.30894
CVE-2020-14314,5.5,1,True,,0.00371,0.30827
CVE-2026-46265,,1,True,,0.00371,0.30893
CVE-2026-46031,,1,True,,0.0037,0.30722
CVE-2021-42252,7.8,1,True,,0.0037,0.30734
CVE-2025-71116,7.1,1,True,,0.0037,0.30723
CVE-2021-3640,7.0,1,True,,0.0037,0.30739
CVE-2021-3573,6.4,1,True,,0.0037,0.30803
CVE-2022-1205,4.7,1,True,,0.0037,0.3079
CVE-2024-49950,7.8,1,True,,0.0037,0.30726
CVE-2026-43114,8.1,1,True,,0.0037,0.30736
CVE-2025-68745,4.7,1,False,,0.00369,0.30595
CVE-2025-68255,7.5,1,True,,0.00369,0.30592
CVE-2024-50029,7.8,1,False,,0.00369,0.30599
CVE-2026-31706,,1,False,,0.00369,0.30616
CVE-2021-30002,6.2,1,True,,0.00369,0.30572
CVE-2024-26931,5.5,2,True,,0.00368,0.30535
CVE-2021-45486,3.5,1,True,,0.00368,0.30503
CVE-2023-52624,7.8,1,False,,0.00368,0.30526
CVE-2026-52993,7.0,1,True,,0.00368,0.30478
CVE-2025-21967,7.8,1,False,,0.00368,0.30548
CVE-2026-53002,7.0,1,True,,0.00368,0.30525
CVE-2025-38708,7.8,1,True,,0.00367,0.30467
CVE-2023-6932,7.0,2,True,,0.00367,0.30471
CVE-2026-68426,7.3,1,False,,0.00367,0.3041
CVE-2025-37750,7.8,1,False,,0.00367,0.30476
CVE-2025-38574,7.8,1,True,,0.00367,0.30385
CVE-2021-29647,5.5,1,True,,0.00366,0.30374
CVE-2021-3506,7.1,2,True,,0.00366,0.30362
CVE-2025-40342,4.7,1,True,,0.00366,0.303
CVE-2026-68431,5.5,1,True,,0.00366,0.30372
CVE-2026-31611,,1,True,,0.00366,0.30361
CVE-2022-23036,7.0,2,True,,0.00365,0.30239
CVE-2022-23038,7.0,2,True,,0.00365,0.30238
CVE-2022-20008,4.6,1,True,,0.00365,0.30214
CVE-2022-26373,5.5,1,True,,0.00365,0.30202
CVE-2021-4202,7.0,1,True,,0.00365,0.30256
CVE-2024-47712,5.5,1,True,,0.00365,0.30247
CVE-2022-23039,7.0,2,True,,0.00365,0.30239
CVE-2022-23041,7.0,2,True,,0.00365,0.30238
CVE-2022-23040,7.0,2,True,,0.00365,0.30239
CVE-2021-3753,4.7,1,True,,0.00364,0.30132
CVE-2025-38590,5.5,1,False,,0.00364,0.30176
CVE-2026-72440,5.5,1,False,,0.00364,0.30124
CVE-2024-40929,7.1,1,True,,0.00364,0.30088
CVE-2025-39703,5.5,1,True,,0.00364,0.30125
CVE-2026-52911,,1,True,,0.00362,0.29986
CVE-2023-53711,5.5,1,True,,0.00361,0.29829
CVE-2023-37454,5.5,1,False,,0.00361,0.29835
CVE-2020-29568,6.5,1,True,,0.00361,0.29767
CVE-2021-3483,7.8,1,True,,0.00361,0.29798
CVE-2026-89999,,1,False,,0.0036,0.297
CVE-2023-31082,5.5,1,False,,0.0036,0.29691
CVE-2021-28950,5.5,1,True,,0.0036,0.29714
CVE-2020-12362,7.8,1,False,,0.00359,0.29645
CVE-2022-28390,7.8,2,True,,0.00359,0.29591
CVE-2026-52956,7.0,1,False,,0.00359,0.29612
CVE-2026-72438,5.5,1,False,,0.00359,0.29612
CVE-2026-63889,7.0,1,True,,0.00358,0.29522
CVE-2025-38514,5.5,1,True,,0.00358,0.2948
CVE-2025-38211,7.8,1,True,,0.00358,0.29504
CVE-2026-64400,,1,False,,0.00357,0.29364
CVE-2025-39770,5.5,1,True,,0.00357,0.29427
CVE-2024-27416,5.5,2,True,,0.00356,0.29286
CVE-2026-52989,7.1,1,True,,0.00356,0.29305
CVE-2026-90372,,1,False,,0.00356,0.29253
CVE-2025-21704,7.8,1,True,,0.00355,0.29152
CVE-2023-31081,5.5,1,False,,0.00355,0.29155
CVE-2024-35789,7.8,2,True,,0.00355,0.29248
CVE-2024-44988,5.5,1,True,,0.00355,0.29235
CVE-2026-45843,5.5,1,True,,0.00355,0.2925
CVE-2026-63916,7.0,1,True,,0.00354,0.29091
CVE-2026-72124,5.5,1,True,,0.00354,0.29091
CVE-2026-64364,7.0,1,True,,0.00354,0.2909
CVE-2026-43239,6.5,1,False,,0.00354,0.29052
CVE-2025-37956,5.5,1,False,,0.00354,0.29144
CVE-2021-3760,7.8,1,True,,0.00354,0.29097
CVE-2026-63975,7.0,1,True,,0.00354,0.2909
CVE-2026-63915,,1,True,,0.00354,0.29091
CVE-2026-89849,,1,False,,0.00354,0.29009
CVE-2026-64313,5.5,1,True,,0.00354,0.29091
CVE-2020-25704,5.5,1,True,,0.00353,0.28881
CVE-2024-35811,5.5,2,True,,0.00353,0.28936
CVE-2026-90017,,1,False,,0.00353,0.2888
CVE-2021-45480,5.5,1,True,,0.00353,0.28939
CVE-2025-37959,5.5,1,True,,0.00353,0.28978
CVE-2025-37777,7.8,1,False,,0.00353,0.28926
CVE-2024-50264,7.8,1,True,,0.00353,0.28932
CVE-2020-14390,5.6,1,True,,0.00352,0.28783
CVE-2026-90091,,1,False,,0.00352,0.28795
CVE-2026-43112,8.1,1,True,,0.00352,0.28817
CVE-2026-90092,,1,False,,0.00352,0.2883
CVE-2024-36032,7.1,1,True,,0.00351,0.28746
CVE-2025-40040,5.5,1,True,,0.00351,0.28695
CVE-2025-37952,7.8,1,False,,0.0035,0.2864
CVE-2026-89729,7.0,1,False,,0.0035,0.28644
CVE-2023-5197,6.6,1,True,,0.0035,0.28593
CVE-2026-89626,7.0,1,False,,0.00349,0.2851
CVE-2026-90000,,1,False,,0.00349,0.28511
CVE-2025-22004,7.0,1,True,,0.00349,0.28528
CVE-2025-71068,7.8,1,False,,0.00349,0.28534
CVE-2012-4542,4.6,1,False,,0.00349,0.28512
CVE-2026-89601,5.5,1,False,,0.00348,0.28379
CVE-2022-23037,7.0,2,True,,0.00348,0.28372
CVE-2026-72493,5.5,1,False,,0.00348,0.28423
CVE-2021-26930,7.8,1,True,,0.00348,0.28364
CVE-2024-36922,5.5,1,True,,0.00347,0.28213
CVE-2026-64561,7.0,1,True,,0.00347,0.28246
CVE-2023-33203,6.4,1,True,,0.00347,0.28229
CVE-2021-26934,7.8,1,False,,0.00346,0.28147
CVE-2021-26932,5.5,1,True,,0.00346,0.28085
CVE-2026-53070,5.5,1,False,,0.00346,0.28117
CVE-2024-58239,5.5,1,True,,0.00346,0.28187
CVE-2022-26966,5.5,2,True,,0.00346,0.28155
CVE-2026-72157,7.0,1,True,,0.00345,0.27998
CVE-2026-89951,,1,False,,0.00345,0.27998
CVE-2026-72121,5.5,1,True,,0.00345,0.27998
CVE-2025-40300,5.5,1,True,,0.00344,0.27893
CVE-2026-74374,5.5,1,False,,0.00344,0.27897
CVE-2026-72235,5.5,1,True,,0.00344,0.27937
CVE-2024-35937,7.1,1,True,,0.00344,0.27942
CVE-2026-72233,5.5,1,True,,0.00344,0.27936
CVE-2023-3812,7.8,1,True,,0.00344,0.2792
CVE-2020-3702,6.5,1,True,,0.00343,0.27781
CVE-2024-49939,5.5,1,True,,0.00343,0.27798
CVE-2026-80631,5.5,1,False,,0.00343,0.27866
CVE-2021-47203,5.5,1,True,,0.00343,0.27849
CVE-2026-68124,,1,True,,0.00343,0.27838
CVE-2023-52846,7.8,1,True,,0.00343,0.27785
CVE-2026-53178,,1,False,,0.00342,0.27769
CVE-2026-90357,,1,False,,0.00341,0.27625
CVE-2022-3629,3.3,1,True,,0.00341,0.27658
CVE-2026-72334,5.5,1,False,,0.00341,0.27589
CVE-2026-90255,,1,False,,0.00341,0.27625
CVE-2021-33630,5.5,1,True,,0.00341,0.2758
CVE-2026-74592,5.5,1,False,,0.00341,0.27637
CVE-2024-35887,7.8,1,False,,0.00341,0.27662
CVE-2022-43750,6.7,1,True,,0.0034,0.27489
CVE-2025-37802,5.5,1,False,,0.0034,0.27496
CVE-2026-43253,5.5,1,False,,0.0034,0.27508
CVE-2026-23139,5.5,1,True,,0.0034,0.27493
CVE-2025-38393,4.7,1,True,,0.00339,0.27361
CVE-2024-53096,7.8,1,True,,0.00339,0.27368
CVE-2021-47388,7.8,1,True,,0.00339,0.27336
CVE-2024-49955,5.5,1,True,,0.00339,0.27376
CVE-2026-90329,,1,False,,0.00339,0.27404
CVE-2023-52530,7.8,1,True,,0.00339,0.27319
CVE-2021-47520,7.8,1,True,,0.00339,0.27336
CVE-2022-3565,7.8,1,True,,0.00339,0.27313
CVE-2026-89569,7.0,1,False,,0.00339,0.27404
CVE-2022-1462,6.3,1,True,,0.00338,0.27285
CVE-2026-89860,,1,False,,0.00338,0.27206
CVE-2024-42287,4.7,1,True,,0.00338,0.27292
CVE-2021-45095,5.5,1,True,,0.00338,0.27235
CVE-2021-47611,5.5,1,True,,0.00338,0.27246
CVE-2026-80989,7.0,1,False,,0.00338,0.27206
CVE-2026-74341,5.5,1,True,,0.00338,0.2725
CVE-2026-31685,7.1,1,True,,0.00337,0.27179
CVE-2024-50125,7.8,1,True,,0.00337,0.27118
CVE-2025-37776,7.0,1,False,,0.00337,0.2707
CVE-2026-63947,7.0,1,True,,0.00337,0.27104
CVE-2026-64093,,1,True,,0.00337,0.27104
CVE-2026-43503,7.0,1,True,,0.00337,0.27125
CVE-2026-63946,7.0,1,True,,0.00336,0.27051
CVE-2026-64578,5.5,1,True,,0.00336,0.27
CVE-2022-1516,5.5,2,True,,0.00336,0.26975
CVE-2026-63925,7.0,1,True,,0.00336,0.27034
CVE-2025-38617,4.7,1,True,,0.00336,0.26963
CVE-2024-27016,5.5,1,True,,0.00335,0.26919
CVE-2020-36311,5.5,1,True,,0.00335,0.26948
CVE-2024-36357,5.6,1,True,,0.00334,0.26841
CVE-2021-3732,5.5,1,True,,0.00334,0.26742
CVE-2020-28941,5.5,1,True,,0.00334,0.2684
CVE-2023-6817,7.8,1,True,,0.00334,0.26751
CVE-2026-45972,7.0,1,True,,0.00333,0.26665
CVE-2021-38204,6.8,1,True,,0.00333,0.26702
CVE-2026-93042,,1,False,,0.00333,0.26711
CVE-2021-28713,6.5,1,True,,0.00332,0.26487
CVE-2021-28688,6.5,1,True,,0.00332,0.26527
CVE-2024-36905,5.5,2,True,,0.00332,0.265
CVE-2021-28711,6.5,1,True,,0.00332,0.26487
CVE-2025-38476,7.8,1,True,,0.00332,0.26544
CVE-2023-52522,5.5,1,True,,0.00332,0.26542
CVE-2021-28712,6.5,1,True,,0.00332,0.26486
CVE-2021-28715,6.5,1,True,,0.00332,0.26545
CVE-2023-20938,7.8,1,False,,0.00332,0.26473
CVE-2026-23428,7.8,1,True,,0.00331,0.26421
CVE-2022-45884,7.0,1,False,,0.00331,0.26422
CVE-2026-64435,5.5,1,True,,0.00331,0.2647
CVE-2024-27075,7.8,2,True,,0.0033,0.26311
CVE-2026-89709,4.4,1,False,,0.0033,0.26288
CVE-2024-26633,5.5,2,True,,0.0033,0.26329
CVE-2021-47160,7.1,1,True,,0.0033,0.26302
CVE-2019-18808,5.5,1,True,,0.00329,0.26221
CVE-2022-44033,6.4,1,False,,0.00329,0.26235
CVE-2022-44032,6.4,1,False,,0.00329,0.26235
CVE-2026-80717,5.5,1,True,,0.00329,0.26158
CVE-2025-38637,5.5,1,True,,0.00329,0.26194
CVE-2026-43466,5.5,1,True,,0.00329,0.2618
CVE-2022-33742,7.1,1,True,,0.00329,0.2615
CVE-2023-2860,4.4,1,True,,0.00329,0.2617
CVE-2026-80707,5.5,1,True,,0.00329,0.26158
CVE-2026-72148,5.5,1,True,,0.00329,0.26212
CVE-2026-74557,7.0,1,True,,0.00329,0.26203
CVE-2023-52886,6.4,1,True,,0.00328,0.26124
CVE-2023-26545,4.7,1,True,,0.00328,0.26079
CVE-2024-58240,7.8,1,True,,0.00328,0.26066
CVE-2021-38205,3.3,1,True,,0.00328,0.26031
CVE-2019-0145,7.8,1,True,,0.00328,0.26114
CVE-2022-45886,7.0,1,True,,0.00328,0.2611
CVE-2024-50001,5.5,1,True,,0.00327,0.25907
CVE-2024-27000,7.8,2,True,,0.00327,0.25957
CVE-2024-49894,7.8,1,True,,0.00327,0.25995
CVE-2024-26798,5.5,1,True,,0.00327,0.25934
CVE-2022-1729,7.0,2,True,,0.00327,0.25948
CVE-2026-93203,,1,False,,0.00327,0.25964
CVE-2024-56651,7.8,1,True,,0.00327,0.25974
CVE-2022-33741,7.1,1,True,,0.00326,0.25811
CVE-2022-26365,7.1,1,True,,0.00326,0.2581
CVE-2022-33740,7.1,1,True,,0.00326,0.2581
CVE-2024-57997,5.5,1,True,,0.00326,0.25902
CVE-2023-31083,4.7,1,True,,0.00325,0.25802
CVE-2024-39495,7.8,1,True,,0.00325,0.25714
CVE-2021-28714,6.5,1,True,,0.00325,0.25695
CVE-2024-24858,5.3,2,True,,0.00325,0.25796
CVE-2022-41849,4.2,1,True,,0.00325,0.25759
CVE-2024-43872,5.5,1,False,,0.00324,0.2558
CVE-2025-39894,5.5,1,True,,0.00324,0.25624
CVE-2021-47620,5.5,1,True,,0.00324,0.2566
CVE-2022-28389,5.5,1,True,,0.00324,0.25681
CVE-2025-39880,7.8,1,True,,0.00323,0.25539
CVE-2024-41034,5.5,1,True,,0.00323,0.2544
CVE-2024-35915,5.5,2,True,,0.00323,0.25436
CVE-2024-53224,5.5,1,False,,0.00322,0.25423
CVE-2024-53171,7.8,1,True,,0.00322,0.2541
CVE-2025-71292,5.5,1,True,,0.00321,0.253
CVE-2026-89995,,1,False,,0.00321,0.25311
CVE-2023-6622,5.5,1,True,,0.00321,0.25317
CVE-2024-41042,7.8,1,True,,0.0032,0.25175
CVE-2024-40902,7.8,1,True,,0.0032,0.25099
CVE-2024-40978,7.1,1,True,,0.0032,0.25108
CVE-2025-22056,7.8,1,True,,0.0032,0.25167
CVE-2022-36879,5.5,1,True,,0.00319,0.25002
CVE-2024-26856,7.8,1,True,,0.00319,0.25039
CVE-2024-49882,7.8,1,True,,0.00319,0.2504
CVE-2023-51042,7.8,1,True,,0.00319,0.24993
CVE-2025-37840,7.8,1,True,,0.00319,0.25048
CVE-2025-37756,5.5,1,True,,0.00319,0.25044
CVE-2026-80937,5.5,1,False,,0.00318,0.24883
CVE-2024-50124,7.8,1,True,,0.00318,0.24882
CVE-2026-89774,,1,True,,0.00318,0.24867
CVE-2024-26602,5.5,2,True,,0.00318,0.24951
CVE-2022-4662,5.5,1,True,,0.00317,0.2473
CVE-2026-72469,7.0,1,False,,0.00317,0.24814
CVE-2026-63974,7.3,1,False,,0.00317,0.24814
CVE-2024-24857,6.8,2,True,,0.00317,0.24733
CVE-2022-2961,7.0,1,False,,0.00317,0.24802
CVE-2025-37839,7.8,1,True,,0.00317,0.24831
CVE-2023-6111,7.8,1,True,,0.00317,0.24733
CVE-2025-38331,5.5,1,True,,0.00316,0.24708
CVE-2026-64445,,1,True,,0.00316,0.24704
CVE-2026-68125,7.0,1,True,,0.00316,0.24705
CVE-2023-4207,7.8,1,True,,0.00316,0.24666
CVE-2026-74521,5.5,1,False,,0.00315,0.24536
CVE-2024-53237,7.8,1,True,,0.00315,0.24514
CVE-2023-47233,4.3,2,True,,0.00315,0.24609
CVE-2020-12364,5.5,1,False,,0.00315,0.24579
CVE-2024-26922,5.5,2,True,,0.00315,0.24518
CVE-2023-53676,7.8,1,True,,0.00315,0.24534
CVE-2026-31712,,1,True,,0.00315,0.24608
CVE-2026-22992,5.5,1,True,,0.00315,0.2458
CVE-2021-33655,6.7,1,True,,0.00315,0.24597
CVE-2024-25741,5.5,1,True,,0.00314,0.24435
CVE-2026-68471,5.5,1,False,,0.00314,0.24449
CVE-2022-2873,5.5,1,True,,0.00314,0.24484
CVE-2024-38590,5.5,1,True,,0.00313,0.24393
CVE-2020-36312,5.5,1,True,,0.00313,0.24394
CVE-2021-31829,5.5,1,True,,0.00313,0.2435
CVE-2026-81003,,1,False,,0.00313,0.24392
CVE-2025-38552,7.8,1,True,,0.00313,0.24342
CVE-2007-3719,2.1,1,False,,0.00313,0.24404
CVE-2022-48626,7.8,1,True,,0.00313,0.24335
CVE-2022-33744,4.7,1,True,,0.00313,0.24309
CVE-2024-26773,5.5,2,True,,0.00312,0.24185
CVE-2025-38728,7.1,1,True,,0.00312,0.242
CVE-2024-27024,7.8,2,True,,0.00312,0.24198
CVE-2023-4208,7.8,1,True,,0.00312,0.24244
CVE-2026-93189,,1,False,,0.00312,0.24256
CVE-2023-23454,5.5,1,True,,0.00312,0.24244
CVE-2026-46303,5.5,1,True,,0.00312,0.24197
CVE-2020-10781,5.5,1,True,,0.00311,0.24135
CVE-2026-31607,7.3,1,True,,0.00311,0.24144
CVE-2024-50265,5.5,1,True,,0.0031,0.2393
CVE-2022-45885,7.0,1,False,,0.0031,0.24023
CVE-2024-53241,5.5,1,True,,0.0031,0.23956
CVE-2024-41038,5.5,1,True,,0.0031,0.23964
CVE-2021-4083,7.0,1,True,,0.0031,0.23984
CVE-2024-39494,7.8,1,True,,0.00309,0.23834
CVE-2024-57986,5.5,1,True,,0.00309,0.23857
CVE-2021-47353,5.5,1,True,,0.00309,0.23894
CVE-2024-23849,5.5,2,True,,0.00309,0.23903
CVE-2022-2964,7.8,1,True,,0.00309,0.2386
CVE-2026-64379,7.0,1,True,,0.00309,0.23873
CVE-2023-52587,5.5,2,True,,0.00309,0.23886
CVE-2023-6040,7.8,1,True,,0.00309,0.23899
CVE-2024-41062,5.5,1,True,,0.00309,0.23911
CVE-2026-43378,7.8,1,True,,0.00308,0.23788
CVE-2021-3655,3.3,1,True,,0.00308,0.23757
CVE-2021-33098,5.5,1,True,,0.00308,0.23755
CVE-2020-12363,5.5,1,False,,0.00308,0.23731
CVE-2024-23850,5.5,1,True,,0.00308,0.2376
CVE-2020-25284,4.1,1,True,,0.00308,0.2375
CVE-2023-52656,5.5,1,True,,0.00308,0.23749
CVE-2024-40901,7.8,1,True,,0.00308,0.2372
CVE-2024-0646,7.8,1,True,,0.00308,0.23769
CVE-2024-36883,7.1,2,True,,0.00308,0.23797
CVE-2023-51781,7.0,2,True,,0.00308,0.23733
CVE-2024-26816,5.5,2,True,,0.00307,0.23663
CVE-2024-26610,7.8,1,True,,0.00307,0.23627
CVE-2024-27045,7.8,1,True,,0.00307,0.23586
CVE-2026-31708,6.1,1,True,,0.00307,0.23577
CVE-2026-31408,7.0,1,True,,0.00307,0.23666
CVE-2025-39866,7.8,1,True,,0.00307,0.2362
CVE-2024-39502,7.8,1,True,,0.00307,0.23667
CVE-2024-40971,5.5,1,True,,0.00307,0.23578
CVE-2024-38620,5.5,1,True,,0.00306,0.23509
CVE-2008-2544,5.5,1,False,,0.00306,0.23505
CVE-2020-14351,7.8,1,True,,0.00306,0.23483
CVE-2025-39929,5.5,1,True,,0.00306,0.23564
CVE-2025-39857,5.5,1,True,,0.00306,0.23565
CVE-2022-44034,6.4,1,False,,0.00305,0.23431
CVE-2025-38165,5.5,1,True,,0.00305,0.23389
CVE-2024-40906,7.8,1,True,,0.00305,0.23347
CVE-2024-26898,7.8,2,True,,0.00305,0.23419
CVE-2023-51782,7.0,2,True,,0.00305,0.23397
CVE-2024-53061,7.8,1,True,,0.00305,0.23394
CVE-2025-68799,8.1,1,True,,0.00304,0.23334
CVE-2026-53086,5.5,1,True,,0.00304,0.23283
CVE-2023-1281,7.8,1,True,,0.00304,0.23336
CVE-2026-90016,,1,False,,0.00304,0.23278
CVE-2024-27399,5.5,2,True,,0.00304,0.23285
CVE-2023-52650,5.5,2,True,,0.00304,0.23285
CVE-2025-37785,7.1,1,True,,0.00303,0.23168
CVE-2021-40490,7.0,1,True,,0.00303,0.23191
CVE-2020-27830,5.5,1,True,,0.00303,0.23176
CVE-2024-40970,5.5,1,True,,0.00303,0.23244
CVE-2024-39509,5.5,1,True,,0.00302,0.23041
CVE-2024-40974,7.8,1,True,,0.00302,0.23119
CVE-2024-41000,7.8,1,True,,0.00302,0.23023
CVE-2023-52436,7.8,2,True,,0.00302,0.23124
CVE-2025-38246,5.5,1,False,,0.00302,0.23063
CVE-2025-40141,7.3,1,True,,0.00302,0.23095
CVE-2024-46713,7.8,1,True,,0.00302,0.23067
CVE-2026-46125,6.8,1,True,,0.00302,0.23107
CVE-2025-37862,5.5,1,True,,0.00301,0.22933
CVE-2022-1419,7.8,1,True,,0.00301,0.22992
CVE-2025-37836,5.5,1,True,,0.00301,0.22933
CVE-2024-36484,5.5,1,True,,0.00301,0.2296
CVE-2021-3428,5.5,1,True,,0.00301,0.22964
CVE-2025-37858,5.5,1,True,,0.00301,0.22933
CVE-2025-40039,4.7,1,True,,0.00301,0.22989
CVE-2025-37859,5.5,1,True,,0.00301,0.22932
CVE-2025-37881,5.5,1,True,,0.00301,0.22932
CVE-2025-37857,5.5,1,True,,0.00301,0.22933
CVE-2025-27558,,1,True,,0.003,0.22863
CVE-2023-50431,5.5,1,True,,0.003,0.22815
CVE-2025-37885,7.8,1,True,,0.003,0.2289
CVE-2025-22035,6.7,1,True,,0.003,0.22877
CVE-2025-40253,5.5,1,True,,0.003,0.22845
CVE-2024-27052,5.5,1,True,,0.003,0.22892
CVE-2024-41028,7.8,1,True,,0.003,0.22804
CVE-2024-49878,5.5,1,True,,0.00299,0.22711
CVE-2024-40989,7.8,1,True,,0.00299,0.22705
CVE-2024-40984,5.5,1,True,,0.00299,0.22727
CVE-2024-41035,5.5,1,True,,0.00299,0.22761
CVE-2023-52439,7.8,2,True,,0.00299,0.22735
CVE-2026-52920,7.0,1,True,,0.00299,0.22754
CVE-2022-0322,5.5,1,True,,0.00299,0.22773
CVE-2024-49867,5.5,1,True,,0.00299,0.22737
CVE-2025-39673,4.7,1,True,,0.00299,0.22715
CVE-2024-46744,7.8,1,True,,0.00299,0.22773
CVE-2024-42318,5.5,1,True,,0.00299,0.22759
CVE-2026-43494,7.0,1,True,,0.00299,0.22713
CVE-2023-23559,7.8,1,True,,0.00299,0.22755
CVE-2021-4155,5.5,1,True,,0.00298,0.22689
CVE-2025-40140,5.5,1,True,,0.00298,0.2261
CVE-2025-38495,5.5,1,True,,0.00298,0.22651
CVE-2023-0597,5.5,1,False,,0.00298,0.22657
CVE-2023-7192,4.4,1,True,,0.00298,0.22676
CVE-2026-90224,,1,False,,0.00298,0.22688
CVE-2025-22063,5.5,1,True,,0.00298,0.22678
CVE-2024-40968,5.5,1,True,,0.00298,0.22689
CVE-2026-89897,,1,False,,0.00298,0.22688
CVE-2026-43215,5.5,1,False,,0.00298,0.22674
CVE-2026-43198,7.0,1,False,,0.00298,0.22666
CVE-2024-39499,7.1,1,True,,0.00298,0.22691
CVE-2024-39507,5.5,1,True,,0.00298,0.22606
CVE-2024-0841,7.8,1,True,,0.00298,0.2261
CVE-2024-27046,5.5,2,True,,0.00297,0.22551
CVE-2025-21994,5.5,1,True,,0.00297,0.2253
CVE-2023-53491,5.5,1,False,,0.00297,0.22554
CVE-2024-38552,7.8,2,True,,0.00297,0.2256
CVE-2025-38365,4.7,1,True,,0.00297,0.22569
CVE-2026-68470,7.0,1,False,,0.00297,0.22522
CVE-2026-90041,,1,False,,0.00296,0.22461
CVE-2024-27401,7.1,2,True,,0.00296,0.22499
CVE-2024-40924,5.5,1,True,,0.00296,0.22431
CVE-2024-23851,5.5,2,True,,0.00296,0.22447
CVE-2025-21703,7.0,1,True,,0.00296,0.22402
CVE-2024-27008,7.8,2,True,,0.00296,0.22418
CVE-2024-26994,5.5,2,True,,0.00295,0.22292
CVE-2023-52438,7.8,1,True,,0.00295,0.22316
CVE-2024-36933,5.5,2,True,,0.00295,0.22381
CVE-2021-47541,7.8,1,True,,0.00295,0.22285
CVE-2026-72115,5.5,1,True,,0.00295,0.22286
CVE-2024-36934,7.8,2,True,,0.00295,0.22381
CVE-2024-46673,7.8,1,True,,0.00295,0.22326
CVE-2024-40918,6.3,1,False,,0.00295,0.22309
CVE-2024-26600,5.5,2,True,,0.00295,0.22285
CVE-2019-0148,5.5,1,True,,0.00294,0.22207
CVE-2019-0146,5.5,1,True,,0.00294,0.22207
CVE-2019-0147,5.5,1,True,,0.00294,0.22207
CVE-2024-27017,5.5,1,True,,0.00294,0.22157
CVE-2025-39735,7.1,1,True,,0.00294,0.22158
CVE-2024-27043,7.8,2,True,,0.00294,0.22178
CVE-2023-52489,4.7,1,True,,0.00294,0.22159
CVE-2024-40916,5.5,1,True,,0.00294,0.22259
CVE-2019-0149,5.5,1,True,,0.00294,0.22208
CVE-2023-53034,7.1,1,True,,0.00294,0.22241
CVE-2023-52469,7.8,2,True,,0.00294,0.22178
CVE-2024-26809,5.5,1,True,,0.00294,0.22216
CVE-2024-40973,5.5,1,True,,0.00293,0.22051
CVE-2024-36968,6.5,1,False,,0.00293,0.22099
CVE-2024-26927,5.5,1,True,,0.00293,0.22126
CVE-2024-53057,7.8,1,True,,0.00293,0.2209
CVE-2025-40043,,1,True,,0.00293,0.22116
CVE-2025-39851,5.5,1,False,,0.00293,0.22138
CVE-2024-41023,5.5,1,False,,0.00293,0.22073
CVE-2024-56539,5.5,1,True,,0.00293,0.2213
CVE-2025-68818,5.5,1,True,,0.00293,0.22129
CVE-2021-26401,5.6,1,True,,0.00293,0.22082
CVE-2024-40963,5.5,1,True,,0.00292,0.21973
CVE-2024-40927,7.8,1,True,,0.00292,0.21941
CVE-2024-46743,7.1,1,True,,0.00292,0.22009
CVE-2024-27038,5.5,1,True,,0.00292,0.22021
CVE-2025-38264,5.5,1,False,,0.00292,0.22002
CVE-2024-27073,5.5,1,True,,0.00292,0.21995
CVE-2022-40768,5.5,1,True,,0.00292,0.22004
CVE-2022-45887,4.7,1,True,,0.00292,0.22026
CVE-2023-52470,5.5,2,True,,0.00292,0.22
CVE-2024-41041,5.5,1,True,,0.00292,0.21941
CVE-2024-49948,5.5,1,True,,0.00291,0.21884
CVE-2023-34319,7.8,1,True,,0.00291,0.21861
CVE-2024-26793,7.8,2,True,,0.00291,0.21847
CVE-2025-37867,5.5,1,True,,0.00291,0.21876
CVE-2024-40919,5.5,1,True,,0.00291,0.2183
CVE-2024-40904,5.5,1,True,,0.00291,0.21911
CVE-2024-27032,5.5,1,True,,0.00291,0.21838
CVE-2026-68433,5.5,1,True,,0.00291,0.21862
CVE-2025-22086,5.5,1,True,,0.0029,0.2175
CVE-2024-56590,5.5,1,True,,0.0029,0.21791
CVE-2024-50273,5.5,1,True,,0.0029,0.21775
CVE-2024-53158,5.5,1,True,,0.0029,0.21769
CVE-2026-68353,5.5,1,True,,0.0029,0.21752
CVE-2023-52603,7.8,2,True,,0.00289,0.21667
CVE-2024-46740,7.8,1,True,,0.00289,0.21705
CVE-2024-27078,5.5,2,True,,0.00289,0.21685
CVE-2024-40995,5.5,1,True,,0.00289,0.2166
CVE-2022-0480,5.5,2,False,,0.00289,0.21656
CVE-2024-53239,7.8,1,True,,0.00289,0.21649
CVE-2024-49960,7.8,1,True,,0.00289,0.21698
CVE-2026-72380,5.5,1,False,,0.00289,0.21674
CVE-2025-39932,5.5,1,False,,0.00289,0.21658
CVE-2024-27077,5.5,2,True,,0.00289,0.21685
CVE-2024-47742,7.8,1,True,,0.00289,0.21708
CVE-2024-27074,5.5,2,True,,0.00289,0.21685
CVE-2024-27076,5.5,1,True,,0.00289,0.21685
CVE-2023-52488,5.5,1,True,,0.00289,0.21698
CVE-2024-26601,5.5,1,True,,0.00289,0.21715
CVE-2024-39506,5.5,1,True,,0.00289,0.21694
CVE-2026-46099,7.3,1,True,,0.00288,0.21643
CVE-2026-74649,5.5,1,True,,0.00288,0.21583
CVE-2023-0160,5.5,1,True,,0.00288,0.21637
CVE-2023-2007,7.8,1,True,,0.00288,0.21562
CVE-2024-56631,7.8,1,True,,0.00288,0.21519
CVE-2024-49868,5.5,1,True,,0.00288,0.21579
CVE-2024-27025,5.5,1,True,,0.00288,0.2164
CVE-2024-40921,5.5,1,True,,0.00288,0.21598
CVE-2024-40966,5.5,1,True,,0.00288,0.21598
CVE-2024-41031,5.5,1,False,,0.00288,0.21597
CVE-2024-40975,5.5,1,False,,0.00288,0.21598
CVE-2024-41039,7.8,1,True,,0.00288,0.21594
CVE-2024-41030,5.5,1,True,,0.00288,0.21598
CVE-2024-39496,7.8,1,True,,0.00288,0.21576
CVE-2026-31626,,1,True,,0.00288,0.21513
CVE-2024-41044,5.5,1,True,,0.00287,0.21419
CVE-2025-71093,7.1,1,True,,0.00287,0.2142
CVE-2024-40913,7.8,1,True,,0.00287,0.21461
CVE-2024-49902,5.5,1,True,,0.00287,0.21474
CVE-2024-49952,5.5,1,True,,0.00287,0.21474
CVE-2024-47723,7.1,1,True,,0.00287,0.21474
CVE-2024-36902,5.5,2,True,,0.00287,0.21456
CVE-2025-37864,5.5,1,True,,0.00287,0.21403
CVE-2024-40900,7.8,1,True,,0.00286,0.21336
CVE-2023-52670,5.5,2,True,,0.00286,0.2128
CVE-2025-37851,5.5,1,True,,0.00286,0.21341
CVE-2026-64442,,1,True,,0.00286,0.21345
CVE-2024-47745,7.8,1,True,,0.00286,0.21322
CVE-2024-49863,5.5,1,True,,0.00286,0.21371
CVE-2025-40364,7.8,1,True,,0.00286,0.2134
CVE-2023-52813,5.5,2,True,,0.00286,0.21297
CVE-2024-26593,7.1,1,True,,0.00285,0.21242
CVE-2025-22062,5.5,1,True,,0.00285,0.21266
CVE-2024-36960,7.1,2,True,,0.00285,0.21248
CVE-2026-68354,5.5,1,True,,0.00285,0.21246
CVE-2024-26900,5.5,1,True,,0.00284,0.21171
CVE-2025-37844,5.5,1,True,,0.00284,0.21096
CVE-2024-42311,5.5,1,True,,0.00284,0.21102
CVE-2024-40899,7.8,1,True,,0.00284,0.21089
CVE-2024-40903,7.8,1,True,,0.00284,0.21088
CVE-2025-21647,7.1,1,True,,0.00284,0.21083
CVE-2024-50267,7.8,1,True,,0.00284,0.21172
CVE-2024-39510,7.8,1,True,,0.00284,0.21088
CVE-2024-27034,5.5,1,True,,0.00284,0.21089
CVE-2024-35886,7.8,2,True,,0.00284,0.2118
CVE-2024-36974,7.8,1,True,,0.00284,0.21108
CVE-2024-36978,7.8,1,True,,0.00284,0.21108
CVE-2023-45863,6.4,1,True,,0.00284,0.21091
CVE-2023-54045,4.7,1,True,,0.00284,0.21117
CVE-2024-38538,7.1,1,True,,0.00284,0.21086
CVE-2025-37841,5.5,1,True,,0.00284,0.21096
CVE-2024-1085,7.8,1,True,,0.00284,0.2114
CVE-2025-37850,5.5,1,True,,0.00284,0.21097
CVE-2024-27407,5.5,1,True,,0.00284,0.21093
CVE-2023-4623,7.8,2,True,,0.00284,0.21178
CVE-2024-39505,5.5,1,True,,0.00283,0.20987
CVE-2024-50301,7.1,1,True,,0.00283,0.21009
CVE-2024-45016,5.5,1,True,,0.00283,0.21048
CVE-2024-27001,5.5,2,True,,0.00283,0.20977
CVE-2023-7042,5.5,2,True,,0.00283,0.21026
CVE-2024-41004,5.5,1,True,,0.00283,0.21038
CVE-2026-68138,7.0,1,True,,0.00283,0.20972
CVE-2024-46745,5.5,1,True,,0.00283,0.21028
CVE-2021-38209,3.3,1,True,,0.00283,0.2107
CVE-2024-42070,5.5,1,True,,0.00282,0.20905
CVE-2025-39982,7.5,1,True,,0.00282,0.20878
CVE-2026-31773,5.5,1,True,,0.00282,0.20964
CVE-2024-50151,7.8,1,True,,0.00282,0.20902
CVE-2024-26815,5.5,1,True,,0.00282,0.20966
CVE-2024-46759,7.8,1,True,,0.00282,0.2093
CVE-2025-39942,5.5,1,True,,0.00282,0.20922
CVE-2023-45862,5.5,1,True,,0.00282,0.20968
CVE-2021-3600,7.8,1,True,,0.00282,0.20916
CVE-2021-0512,7.8,1,True,,0.00282,0.20926
CVE-2024-26763,7.1,2,True,,0.00282,0.20956
CVE-2024-26982,7.1,1,True,,0.00282,0.20927
CVE-2024-41050,7.8,1,True,,0.00282,0.20965
CVE-2024-40996,7.8,1,True,,0.00282,0.20864
CVE-2024-53063,5.5,1,True,,0.00282,0.2093
CVE-2024-41027,3.3,1,True,,0.00282,0.20905
CVE-2024-56633,7.8,1,True,,0.00281,0.20808
CVE-2023-52497,6.1,1,True,,0.00281,0.20835
CVE-2024-35978,5.5,2,True,,0.00281,0.20833
CVE-2026-46198,,1,True,,0.00281,0.20858
CVE-2024-26988,7.8,1,True,,0.00281,0.20821
CVE-2026-31622,,1,True,,0.00281,0.20828
CVE-2024-41049,7.0,1,True,,0.00281,0.2077
CVE-2021-47078,4.4,1,True,,0.00281,0.20806
CVE-2024-41058,7.8,1,True,,0.00281,0.20798
CVE-2024-40988,5.5,1,True,,0.00281,0.20816
CVE-2024-56591,5.5,1,False,,0.00281,0.2078
CVE-2024-42119,7.8,1,True,,0.00281,0.20766
CVE-2024-50230,7.8,1,True,,0.00281,0.20863
CVE-2024-27047,5.5,1,True,,0.00281,0.20845
CVE-2023-52600,7.8,2,True,,0.00281,0.20787
CVE-2025-37861,7.8,1,False,,0.00281,0.20857
CVE-2024-38549,5.5,2,True,,0.00281,0.20802
CVE-2024-47697,7.8,1,True,,0.00281,0.20863
CVE-2024-26870,5.5,1,True,,0.00281,0.20825
CVE-2026-64088,,1,True,,0.00281,0.20859
CVE-2024-40990,5.5,1,True,,0.0028,0.20729
CVE-2023-52585,4.4,1,True,,0.0028,0.20705
CVE-2025-71095,5.5,1,True,,0.0028,0.20721
CVE-2023-5633,7.8,1,True,,0.0028,0.20658
CVE-2025-39720,5.5,1,False,,0.0028,0.20654
CVE-2026-64443,,1,True,,0.0028,0.20646
CVE-2026-64444,,1,True,,0.0028,0.20647
CVE-2024-49949,5.5,1,True,,0.0028,0.20668
CVE-2023-52494,7.8,1,True,,0.0028,0.20683
CVE-2023-1118,7.8,1,True,,0.0028,0.20741
CVE-2023-52797,5.5,1,False,,0.0028,0.20711
CVE-2024-49900,7.1,1,True,,0.0028,0.20656
CVE-2025-40282,,1,True,,0.0028,0.20648
CVE-2025-71085,5.5,1,True,,0.00279,0.20637
CVE-2024-26779,5.5,2,True,,0.00279,0.20624
CVE-2025-71131,5.5,1,True,,0.00279,0.20638
CVE-2024-27044,5.5,1,True,,0.00279,0.20578
CVE-2024-40987,5.5,1,True,,0.00279,0.20557
CVE-2024-26840,5.5,2,True,,0.00279,0.20586
CVE-2024-42265,5.5,1,True,,0.00279,0.20589
CVE-2020-27825,5.7,1,True,,0.00279,0.2059
CVE-2024-50024,5.5,1,True,,0.00279,0.20636
CVE-2024-46675,5.5,1,True,,0.00279,0.20544
CVE-2024-26903,5.5,2,True,,0.00279,0.20593
CVE-2022-48627,4.4,1,True,,0.00278,0.20463
CVE-2021-47334,7.8,1,True,,0.00278,0.20461
CVE-2026-74410,5.5,1,True,,0.00278,0.20509
CVE-2024-26603,5.5,1,True,,0.00278,0.20486
CVE-2023-1077,7.0,1,True,,0.00278,0.205
CVE-2024-41057,7.0,1,True,,0.00278,0.2051
CVE-2024-49883,7.8,1,True,,0.00278,0.20498
CVE-2023-52504,7.1,2,True,,0.00278,0.20434
CVE-2024-26739,7.8,1,True,,0.00278,0.20477
CVE-2024-26928,7.8,1,True,,0.00278,0.20532
CVE-2025-39728,5.5,1,True,,0.00278,0.20452
CVE-2023-52467,5.5,1,True,,0.00278,0.20486
CVE-2024-40993,5.5,1,True,,0.00278,0.20462
CVE-2024-56677,5.5,1,True,,0.00278,0.20509
CVE-2023-42752,5.5,1,True,,0.00278,0.20505
CVE-2024-46674,7.8,1,True,,0.00278,0.20466
CVE-2024-25744,8.8,1,True,,0.00278,0.20504
CVE-2024-47737,5.5,1,True,,0.00277,0.20405
CVE-2024-40994,7.8,1,True,,0.00277,0.20325
CVE-2023-52623,5.5,2,True,,0.00277,0.20344
CVE-2026-80599,5.5,1,True,,0.00277,0.20394
CVE-2024-50143,7.8,1,True,,0.00277,0.20404
CVE-2025-37893,5.5,1,False,,0.00277,0.20396
CVE-2024-49944,5.5,1,True,,0.00277,0.20405
CVE-2024-39497,5.5,1,True,,0.00277,0.20393
CVE-2024-47684,5.5,1,True,,0.00277,0.20405
CVE-2026-89524,5.5,1,False,,0.00277,0.20394
CVE-2021-20177,4.4,1,True,,0.00277,0.20299
CVE-2024-36286,5.5,2,True,,0.00277,0.20359
CVE-2026-68373,7.1,1,True,,0.00277,0.20394
CVE-2024-40908,5.5,1,True,,0.00277,0.20378
CVE-2024-40914,5.5,1,True,,0.00277,0.20379
CVE-2021-47294,5.5,1,True,,0.00276,0.2027
CVE-2026-53266,7.5,1,True,2026-09-18,0.00276,0.20195
CVE-2023-52491,7.8,1,True,,0.00276,0.20185
CVE-2024-40959,5.5,1,True,,0.00276,0.20188
CVE-2024-50217,7.8,1,False,,0.00276,0.20219
CVE-2024-46738,7.8,1,True,,0.00276,0.20287
CVE-2025-68254,7.1,1,True,,0.00276,0.20204
CVE-2024-27035,5.5,1,True,,0.00276,0.20176
CVE-2020-0466,7.8,1,True,,0.00276,0.20258
CVE-2020-0465,6.8,1,True,,0.00276,0.20247
CVE-2023-54049,,1,True,,0.00276,0.20273
CVE-2025-37927,7.8,1,True,,0.00276,0.20266
CVE-2023-42756,4.7,1,True,,0.00275,0.20115
CVE-2024-41051,7.8,1,True,,0.00275,0.20052
CVE-2024-53227,7.8,1,True,,0.00275,0.20147
CVE-2026-63891,7.0,1,True,,0.00275,0.20089
CVE-2024-49991,7.8,1,True,,0.00275,0.20119
CVE-2024-49974,5.5,1,True,,0.00275,0.20056
CVE-2020-25212,7.0,1,True,,0.00275,0.20057
CVE-2023-52653,5.5,1,False,,0.00275,0.20054
CVE-2023-1670,7.8,1,True,,0.00275,0.20163
CVE-2023-52664,7.8,1,True,,0.00275,0.20116
CVE-2025-37883,5.5,1,True,,0.00275,0.2015
CVE-2025-37875,5.5,1,True,,0.00275,0.20149
CVE-2024-46739,5.5,1,True,,0.00275,0.20083
CVE-2024-27051,5.5,1,True,,0.00275,0.20121
CVE-2025-37752,7.8,1,True,,0.00275,0.20156
CVE-2024-46747,7.1,1,True,,0.00275,0.20059
CVE-2022-41858,7.1,1,True,,0.00275,0.20117
CVE-2024-50099,5.5,1,True,,0.00274,0.2005
CVE-2026-64547,5.5,1,True,,0.00274,0.19985
CVE-2026-31464,6.1,1,True,,0.00274,0.19985
CVE-2025-38152,5.5,1,True,,0.00274,0.20009
CVE-2026-68198,7.1,1,True,,0.00274,0.19955
CVE-2026-46212,,1,True,,0.00274,0.19955
CVE-2025-37925,5.5,1,True,,0.00274,0.20009
CVE-2026-68140,7.0,1,True,,0.00274,0.19954
CVE-2026-64540,5.5,1,True,,0.00274,0.19985
CVE-2025-38293,5.5,1,True,,0.00274,0.20024
CVE-2026-64406,5.5,1,True,,0.00274,0.20022
CVE-2026-74340,5.5,1,True,,0.00274,0.19986
CVE-2026-74651,5.5,1,True,,0.00274,0.19986
CVE-2024-46795,5.5,1,True,,0.00274,0.19956
CVE-2025-38678,5.5,1,True,,0.00274,0.20003
CVE-2023-52655,5.5,1,True,,0.00274,0.19955
CVE-2023-28466,7.0,1,False,,0.00274,0.19997
CVE-2023-3611,7.8,1,True,,0.00273,0.19891
CVE-2024-27037,5.5,1,True,,0.00273,0.19856
CVE-2024-57902,5.5,1,True,,0.00273,0.19843
CVE-2025-71150,5.5,1,True,,0.00273,0.19914
CVE-2025-68256,7.5,1,True,,0.00273,0.19905
CVE-2023-52652,5.5,1,True,,0.00273,0.19855
CVE-2024-27013,5.5,2,True,,0.00273,0.19905
CVE-2024-50282,7.8,1,False,,0.00273,0.19909
CVE-2022-1247,7.0,1,False,,0.00273,0.19906
CVE-2024-50237,5.5,1,True,,0.00273,0.19861
CVE-2024-27054,5.5,1,True,,0.00273,0.19855
CVE-2024-46771,5.5,1,True,,0.00273,0.19882
CVE-2024-49925,5.5,1,True,,0.00273,0.19907
CVE-2025-71132,5.5,1,True,,0.00273,0.19914
CVE-2024-53203,7.8,1,True,,0.00273,0.19917
CVE-2024-26981,7.8,2,True,,0.00273,0.19939
CVE-2024-49958,5.5,1,True,,0.00273,0.19897
CVE-2024-41047,5.5,1,True,,0.00273,0.19856
CVE-2024-49936,7.8,1,True,,0.00273,0.19897
CVE-2024-41002,5.5,1,True,,0.00272,0.19776
CVE-2024-44974,7.8,1,True,,0.00272,0.19745
CVE-2025-37860,5.5,1,False,,0.00272,0.19822
CVE-2022-48669,5.5,1,True,,0.00272,0.19737
CVE-2024-40905,4.7,1,True,,0.00272,0.19831
CVE-2024-41009,5.5,1,True,,0.00272,0.19734
CVE-2024-27023,5.5,1,True,,0.00272,0.19735
CVE-2024-26735,5.5,2,True,,0.00272,0.19809
CVE-2024-49895,7.8,1,True,,0.00272,0.19818
CVE-2024-27041,5.5,1,False,,0.00272,0.19737
CVE-2024-49969,7.8,1,True,,0.00272,0.19818
CVE-2024-50035,7.1,1,True,,0.00272,0.1981
CVE-2024-50218,5.5,1,True,,0.00272,0.19837
CVE-2024-27391,5.5,1,True,,0.00272,0.19735
CVE-2021-3659,5.5,1,True,,0.00272,0.1977
CVE-2021-29264,5.5,1,True,,0.00272,0.19757
CVE-2020-25285,6.4,1,True,,0.00272,0.19811
CVE-2025-21702,7.0,1,True,,0.00272,0.1979
CVE-2024-50272,5.5,1,True,,0.00272,0.19823
CVE-2024-27012,5.5,1,True,,0.00272,0.19832
CVE-2026-53357,7.0,1,True,,0.00272,0.19782
CVE-2023-23455,5.5,1,True,,0.00272,0.19761
CVE-2025-40301,7.1,1,True,,0.00271,0.19505
CVE-2023-52612,7.8,2,True,,0.00271,0.19542
CVE-2023-53785,6.5,1,True,,0.00271,0.19535
CVE-2024-35807,5.5,2,True,,0.00271,0.19538
CVE-2026-53196,6.8,1,True,,0.00271,0.19582
CVE-2026-89583,7.0,1,False,,0.00271,0.19546
CVE-2024-38621,7.1,2,True,,0.00271,0.19543
CVE-2025-37865,5.5,1,True,,0.00271,0.19581
CVE-2023-52675,5.5,2,True,,0.00271,0.19586
CVE-2021-3764,5.5,1,True,,0.00271,0.19587
CVE-2021-47600,7.8,1,True,,0.00271,0.19558
CVE-2023-52492,4.4,1,True,,0.00271,0.1959
CVE-2026-31779,5.5,1,True,,0.00271,0.19546
CVE-2024-40998,5.5,1,False,,0.00271,0.1972
CVE-2024-56672,7.0,1,True,,0.00271,0.19722
CVE-2024-41001,5.5,1,True,,0.00271,0.1952
CVE-2023-52845,5.5,2,True,,0.00271,0.19505
CVE-2024-26889,5.5,2,True,,0.00271,0.19561
CVE-2024-39480,7.8,1,True,,0.00271,0.19519
CVE-2024-26651,5.5,2,True,,0.0027,0.19453
CVE-2025-40019,6.1,1,True,,0.0027,0.1942
CVE-2024-40960,5.5,1,True,,0.0027,0.19419
CVE-2024-57980,7.8,1,True,,0.0027,0.19405
CVE-2023-32269,6.7,1,True,,0.0027,0.19418
CVE-2024-50269,7.8,1,True,,0.0027,0.19448
CVE-2024-57996,5.5,1,True,,0.0027,0.19406
CVE-2024-50262,7.8,1,True,,0.0027,0.19354
CVE-2024-41059,7.1,1,True,,0.0027,0.19406
CVE-2024-56538,7.8,1,False,,0.0027,0.19439
CVE-2024-1151,5.5,1,True,,0.0027,0.194
CVE-2024-26741,5.5,1,True,,0.0027,0.19374
CVE-2024-26753,7.8,1,True,,0.0027,0.19375
CVE-2024-27022,7.8,1,True,,0.0027,0.19451
CVE-2025-37889,5.5,1,True,,0.0027,0.19418
CVE-2025-40318,7.0,1,True,,0.0027,0.1945
CVE-2024-41092,7.8,1,True,,0.0027,0.19419
CVE-2024-57901,5.5,1,True,,0.0027,0.19449
CVE-2021-47145,5.5,1,True,,0.00269,0.19299
CVE-2025-39798,5.5,1,True,,0.00269,0.19338
CVE-2025-38575,5.5,1,True,,0.00269,0.19286
CVE-2023-52667,7.8,1,True,,0.00269,0.19298
CVE-2024-40958,7.8,1,True,,0.00269,0.19317
CVE-2024-41045,7.8,1,False,,0.00269,0.19245
CVE-2024-26852,7.0,2,True,,0.00269,0.19228
CVE-2020-27675,4.7,1,True,,0.00269,0.19241
CVE-2024-26937,5.5,1,True,,0.00269,0.1932
CVE-2023-52882,5.5,1,True,,0.00269,0.19264
CVE-2024-49966,7.8,1,True,,0.00269,0.19278
CVE-2024-36478,5.5,1,True,,0.00269,0.19233
CVE-2026-43291,,1,True,,0.00269,0.19229
CVE-2024-33621,5.5,2,True,,0.00268,0.19118
CVE-2023-54318,5.5,1,True,,0.00268,0.19105
CVE-2023-23005,5.5,1,False,,0.00268,0.19223
CVE-2021-47343,5.5,1,True,,0.00268,0.19128
CVE-2024-40956,7.8,1,True,,0.00268,0.19147
CVE-2026-53254,7.0,1,True,,0.00268,0.19109
CVE-2026-53147,5.5,1,True,,0.00268,0.19109
CVE-2024-40961,5.5,1,True,,0.00268,0.19117
CVE-2024-49884,7.8,1,True,,0.00268,0.19108
CVE-2024-47698,7.8,1,True,,0.00268,0.19103
CVE-2025-21785,7.8,1,True,,0.00268,0.19123
CVE-2026-68402,7.0,1,True,,0.00268,0.19189
CVE-2024-42079,5.5,1,True,,0.00268,0.19134
CVE-2024-56636,5.5,1,True,,0.00268,0.19112
CVE-2025-37852,5.5,1,True,,0.00268,0.19187
CVE-2024-50233,5.5,1,True,,0.00267,0.1902
CVE-2023-52761,5.5,1,False,,0.00267,0.19041
CVE-2021-28964,4.7,1,True,,0.00267,0.19016
CVE-2024-46818,7.8,1,True,,0.00267,0.19028
CVE-2024-36889,5.5,1,True,,0.00267,0.1904
CVE-2024-35867,7.8,1,True,,0.00267,0.19028
CVE-2024-56705,5.5,1,True,,0.00267,0.19078
CVE-2024-53173,7.8,1,True,,0.00267,0.19068
CVE-2026-64095,,1,True,,0.00267,0.19063
CVE-2024-35947,5.5,2,True,,0.00267,0.19034
CVE-2024-26925,5.5,1,True,,0.00267,0.19088
CVE-2021-47356,6.7,1,True,,0.00267,0.1902
CVE-2023-52927,7.8,1,True,,0.00267,0.19094
CVE-2024-26993,5.5,2,True,,0.00267,0.19069
CVE-2025-37853,5.5,1,False,,0.00267,0.1907
CVE-2025-37842,5.5,1,False,,0.00267,0.19071
CVE-2026-89725,5.5,1,False,,0.00266,0.18719
CVE-2026-80604,5.5,1,True,,0.00266,0.18719
CVE-2023-52864,7.8,2,True,,0.00266,0.18748
CVE-2026-64440,,1,True,,0.00266,0.18734
CVE-2024-26704,7.8,2,True,,0.00266,0.18715
CVE-2025-37856,5.5,1,False,,0.00266,0.18733
CVE-2024-26642,5.5,2,True,,0.00266,0.18715
CVE-2024-35871,7.1,1,True,,0.00266,0.18766
CVE-2023-52464,7.8,2,True,,0.00266,0.18715
CVE-2024-46800,7.8,1,True,,0.00266,0.18742
CVE-2024-36946,5.5,2,True,,0.00266,0.18733
CVE-2024-26766,5.5,2,True,,0.00266,0.18741
CVE-2024-46774,7.1,1,True,,0.00265,0.18645
CVE-2024-42259,5.5,1,True,,0.00265,0.18626
CVE-2024-27039,5.5,1,True,,0.00265,0.1869
CVE-2024-46816,5.5,1,True,,0.00265,0.18672
CVE-2024-58010,5.5,1,True,,0.00265,0.18628
CVE-2024-26907,7.8,1,True,,0.00265,0.18675
CVE-2021-47383,7.1,1,True,,0.00265,0.18663
CVE-2024-53042,5.5,1,True,,0.00265,0.18686
CVE-2024-38560,7.1,2,True,,0.00265,0.18651
CVE-2024-36016,6.4,2,True,,0.00265,0.18681
CVE-2025-37822,7.8,1,True,,0.00265,0.18686
CVE-2024-50022,5.5,1,True,,0.00265,0.18666
CVE-2024-56770,5.5,1,True,,0.00265,0.18684
CVE-2026-64403,5.5,1,True,,0.00265,0.18648
CVE-2023-52620,2.5,2,True,,0.00265,0.18653
CVE-2024-46840,5.5,1,True,,0.00264,0.18499
CVE-2024-26660,5.5,1,True,,0.00264,0.18593
CVE-2025-38248,7.8,1,False,,0.00264,0.18531
CVE-2023-3006,5.5,1,False,,0.00264,0.1857
CVE-2024-43884,5.5,1,True,,0.00264,0.18539
CVE-2024-27397,7.0,1,True,,0.00264,0.18592
CVE-2024-26772,5.5,2,True,,0.00264,0.18503
CVE-2022-45919,7.0,1,True,,0.00264,0.18506
CVE-2024-49896,5.5,1,True,,0.00264,0.1853
CVE-2021-47588,5.5,1,True,,0.00263,0.18419
CVE-2024-42120,7.8,1,True,,0.00263,0.18394
CVE-2024-46677,5.5,1,True,,0.00263,0.1839
CVE-2026-68425,5.5,1,True,,0.00263,0.18453
CVE-2024-27065,7.8,1,True,,0.00263,0.18469
CVE-2024-26706,5.5,1,True,,0.00263,0.18475
CVE-2024-53164,5.5,1,True,,0.00263,0.18419
CVE-2025-38524,4.7,1,False,,0.00263,0.1848
CVE-2024-46815,7.8,1,True,,0.00263,0.18489
CVE-2024-46817,5.5,1,True,,0.00263,0.18455
CVE-2024-57911,7.1,1,True,,0.00263,0.18452
CVE-2024-57951,7.8,1,True,,0.00263,0.18444
CVE-2024-50268,7.1,1,True,,0.00263,0.18384
CVE-2024-57912,7.1,1,True,,0.00263,0.18453
CVE-2025-21791,7.8,1,True,,0.00263,0.18451
CVE-2024-38578,7.8,2,True,,0.00263,0.18468
CVE-2021-47393,7.1,1,True,,0.00263,0.18368
CVE-2024-41098,5.5,1,True,,0.00263,0.18455
CVE-2024-56650,7.1,1,True,,0.00262,0.18325
CVE-2026-23462,5.5,1,True,,0.00262,0.18329
CVE-2023-3212,4.4,1,True,,0.00262,0.18309
CVE-2024-50148,5.5,1,True,,0.00262,0.18271
CVE-2026-68326,5.5,1,True,,0.00262,0.1833
CVE-2026-31570,6.1,1,True,,0.00262,0.18331
CVE-2024-50279,7.1,1,True,,0.00262,0.18323
CVE-2024-26759,5.5,1,True,,0.00262,0.18273
CVE-2025-37849,7.8,1,True,,0.00262,0.18265
CVE-2026-68397,7.0,1,True,,0.00262,0.18328
CVE-2026-74508,5.5,1,True,,0.00262,0.18331
CVE-2026-64408,5.5,1,True,,0.00262,0.18329
CVE-2026-68091,5.5,1,True,,0.00262,0.1833
CVE-2026-74408,5.5,1,True,,0.00262,0.18329
CVE-2026-52918,7.0,1,True,,0.00262,0.1833
CVE-2023-52658,5.5,1,True,,0.00262,0.18309
CVE-2024-56715,5.5,1,True,,0.00262,0.18337
CVE-2026-46238,,1,True,,0.00262,0.1832
CVE-2024-40947,5.5,1,True,,0.00262,0.18316
CVE-2026-46056,7.1,1,True,,0.00262,0.18329
CVE-2024-49899,5.5,1,True,,0.00262,0.18323
CVE-2024-50278,7.1,1,True,,0.00262,0.18323
CVE-2024-46753,5.5,1,True,,0.00261,0.18162
CVE-2024-44999,7.1,1,True,,0.00261,0.18157
CVE-2024-57900,7.8,1,False,,0.00261,0.1816
CVE-2024-50073,7.8,1,True,,0.00261,0.18135
CVE-2024-42101,5.5,1,True,,0.00261,0.18129
CVE-2024-50236,5.5,1,True,,0.00261,0.18172
CVE-2024-26966,5.5,2,True,,0.00261,0.18098
CVE-2024-40939,7.8,1,True,,0.00261,0.18169
CVE-2021-47404,7.8,1,True,,0.00261,0.18128
CVE-2024-38555,7.8,1,True,,0.00261,0.1814
CVE-2024-36270,5.5,1,True,,0.00261,0.18101
CVE-2021-46992,7.1,1,True,,0.00261,0.18128
CVE-2021-3348,7.0,1,True,,0.00261,0.18143
CVE-2024-47699,5.5,1,True,,0.00261,0.18212
CVE-2026-63895,,1,True,,0.00261,0.18206
CVE-2024-26976,5.5,2,True,,0.00261,0.1822
CVE-2024-49934,4.6,1,True,,0.00261,0.18155
CVE-2026-43495,,1,True,,0.00261,0.18227
CVE-2024-35982,5.5,2,True,,0.00261,0.18213
CVE-2024-35910,5.8,2,True,,0.00261,0.18103
CVE-2024-40934,5.5,1,True,,0.00261,0.1821
CVE-2024-40932,5.5,1,True,,0.00261,0.181
CVE-2024-56595,7.8,1,True,,0.0026,0.18
CVE-2026-80635,5.5,1,True,,0.0026,0.17953
CVE-2024-57929,7.1,1,True,,0.0026,0.18024
CVE-2024-57924,5.5,1,True,,0.0026,0.18041
CVE-2025-21697,5.5,1,True,,0.0026,0.18047
CVE-2021-47269,5.5,1,True,,0.0026,0.18045
CVE-2021-20320,5.5,2,True,,0.0026,0.18045
CVE-2024-42121,7.8,1,True,,0.0026,0.17999
CVE-2026-23038,5.5,1,True,,0.0026,0.18069
CVE-2024-35966,7.1,1,True,,0.0026,0.18013
CVE-2025-39943,7.1,1,True,,0.0026,0.18007
CVE-2023-52812,7.8,1,True,,0.0026,0.17978
CVE-2024-36901,5.5,1,True,,0.0026,0.17976
CVE-2024-36950,4.4,2,True,,0.0026,0.18019
CVE-2026-53071,7.5,1,True,,0.0026,0.18017
CVE-2024-42104,7.8,1,True,,0.0026,0.1801
CVE-2024-42105,7.8,1,True,,0.0026,0.18011
CVE-2021-47609,7.8,1,True,,0.0026,0.17983
CVE-2021-46929,5.5,1,True,,0.0026,0.17995
CVE-2021-47277,7.1,1,True,,0.00259,0.17897
CVE-2021-47474,7.8,1,True,,0.00259,0.17835
CVE-2021-47340,5.5,1,True,,0.00259,0.17833
CVE-2021-47345,5.5,1,True,,0.00259,0.17832
CVE-2024-53055,5.5,1,True,,0.00259,0.17934
CVE-2021-47243,7.1,1,True,,0.00259,0.17878
CVE-2024-56615,7.8,1,True,,0.00259,0.17883
CVE-2025-40011,4.7,1,True,,0.00259,0.17845
CVE-2025-40001,4.4,1,True,,0.00259,0.17846
CVE-2021-47319,5.5,1,True,,0.00259,0.17833
CVE-2024-53166,7.8,1,True,,0.00259,0.17827
CVE-2024-40935,7.8,1,True,,0.00259,0.17862
CVE-2024-40942,5.5,1,True,,0.00259,0.17892
CVE-2024-40940,7.8,1,True,,0.00259,0.17862
CVE-2024-57792,7.8,1,True,,0.00259,0.1783
CVE-2026-80645,5.5,1,True,,0.00259,0.17883
CVE-2021-47320,5.5,1,True,,0.00259,0.17832
CVE-2024-38556,7.8,1,True,,0.00259,0.17863
CVE-2024-37078,7.1,1,True,,0.00259,0.17818
CVE-2024-49973,5.5,1,True,,0.00259,0.17828
CVE-2024-49938,5.5,1,True,,0.00259,0.17919
CVE-2023-52810,6.1,2,True,,0.00259,0.17894
CVE-2022-48710,5.5,1,True,,0.00259,0.17832
CVE-2024-42148,7.8,1,True,,0.00259,0.17818
CVE-2026-31709,7.8,1,True,,0.00259,0.17877
CVE-2025-71126,5.5,1,True,,0.00259,0.17926
CVE-2024-35950,5.5,1,True,,0.00259,0.17819
CVE-2023-52614,7.8,1,True,,0.00259,0.17901
CVE-2024-35976,5.5,1,True,,0.00259,0.17898
CVE-2024-26726,5.5,1,True,,0.00259,0.1782
CVE-2024-35958,5.5,1,True,,0.00259,0.17818
CVE-2026-64206,5.5,1,True,,0.00259,0.17858
CVE-2025-38236,7.8,1,True,,0.00259,0.17937
CVE-2021-47589,7.8,1,True,,0.00259,0.17853
CVE-2024-42115,5.5,1,True,,0.00259,0.1786
CVE-2024-50142,5.5,1,True,,0.00259,0.17936
CVE-2024-26615,5.5,2,True,,0.00259,0.17879
CVE-2021-47475,7.8,1,True,,0.00259,0.17836
CVE-2024-38661,5.5,2,True,,0.00259,0.17859
CVE-2024-46751,5.5,1,True,,0.00259,0.17853
CVE-2024-46685,5.5,1,True,,0.00259,0.17927
CVE-2023-6039,5.5,1,False,,0.00258,0.17719
CVE-2022-4095,7.8,1,True,,0.00258,0.17777
CVE-2024-42154,4.4,1,True,,0.00258,0.17745
CVE-2024-42106,5.5,1,True,,0.00258,0.17809
CVE-2024-50040,5.5,1,True,,0.00258,0.17811
CVE-2024-38583,7.8,2,True,,0.00258,0.17784
CVE-2023-51779,7.0,1,True,,0.00258,0.17792
CVE-2023-52503,7.0,1,True,,0.00258,0.17786
CVE-2024-53165,7.8,1,True,,0.00258,0.17809
CVE-2024-50153,5.5,1,True,,0.00258,0.17732
CVE-2021-29265,4.7,1,True,,0.00258,0.17721
CVE-2024-26715,5.5,1,True,,0.00258,0.17724
CVE-2023-6915,5.5,1,True,,0.00258,0.17785
CVE-2024-46821,7.8,1,True,,0.00258,0.17775
CVE-2025-21763,5.5,1,True,,0.00258,0.17737
CVE-2024-56596,7.8,1,True,,0.00258,0.17778
CVE-2026-80601,5.5,1,True,,0.00258,0.17788
CVE-2024-58055,7.8,1,True,,0.00258,0.17757
CVE-2024-31076,5.5,2,True,,0.00258,0.17809
CVE-2024-56598,7.8,1,True,,0.00258,0.17778
CVE-2024-40954,7.8,1,True,,0.00258,0.17723
CVE-2024-26965,7.8,2,True,,0.00258,0.17737
CVE-2024-53060,5.5,1,True,,0.00258,0.17773
CVE-2025-21780,7.8,1,True,,0.00258,0.1775
CVE-2024-47713,5.5,1,True,,0.00258,0.1781
CVE-2024-27410,5.5,2,True,,0.00257,0.17702
CVE-2024-43890,5.5,1,True,,0.00257,0.17635
CVE-2024-43893,5.5,1,True,,0.00257,0.17635
CVE-2024-26969,5.5,2,True,,0.00257,0.17658
CVE-2024-40945,5.5,1,True,,0.00257,0.1764
CVE-2021-47010,4.4,1,True,,0.00257,0.17674
CVE-2025-23133,7.8,1,False,,0.00257,0.17663
CVE-2024-58007,7.1,1,True,,0.00257,0.1769
CVE-2025-21753,7.1,1,True,,0.00257,0.17614
CVE-2024-35984,5.5,2,True,,0.00257,0.17691
CVE-2024-36020,5.5,2,True,,0.00257,0.17701
CVE-2023-52482,7.8,1,True,,0.00257,0.17651
CVE-2024-26654,7.0,2,True,,0.00257,0.17687
CVE-2023-53831,4.5,1,True,,0.00257,0.17656
CVE-2023-52806,5.5,2,True,,0.00257,0.17599
CVE-2024-36979,7.8,1,True,,0.00257,0.17619
CVE-2024-26597,7.1,2,True,,0.00257,0.1768
CVE-2024-49989,7.8,1,True,,0.00257,0.17663
CVE-2024-49963,5.5,1,True,,0.00257,0.17701
CVE-2024-49959,5.5,1,True,,0.00257,0.17701
CVE-2024-49892,5.5,1,True,,0.00257,0.17701
CVE-2023-53825,5.5,1,True,,0.00257,0.17656
CVE-2024-49889,7.8,1,True,,0.00257,0.17609
CVE-2023-52818,7.8,2,True,,0.00257,0.17652
CVE-2024-38577,7.8,1,True,,0.00257,0.17669
CVE-2021-46904,5.5,1,True,,0.00256,0.17494
CVE-2026-43018,5.5,1,True,,0.00256,0.17571
CVE-2024-38547,5.5,1,True,,0.00256,0.17486
CVE-2026-64441,,1,True,,0.00256,0.17572
CVE-2024-26733,5.5,1,True,,0.00256,0.17503
CVE-2024-46844,7.8,1,True,,0.00256,0.17573
CVE-2023-52867,7.8,2,True,,0.00256,0.17493
CVE-2024-41090,7.1,1,True,,0.00256,0.1759
CVE-2023-52923,5.5,1,True,,0.00256,0.1745
CVE-2025-21764,7.0,1,True,,0.00256,0.17464
CVE-2021-47576,7.8,1,True,,0.00256,0.1745
CVE-2024-41091,7.1,1,True,,0.00256,0.1759
CVE-2022-20423,4.6,1,True,,0.00256,0.17543
CVE-2026-43172,5.5,1,False,,0.00256,0.17566
CVE-2024-38576,5.5,1,True,,0.00256,0.17513
CVE-2024-42102,4.7,1,True,,0.00256,0.17582
CVE-2024-35852,5.5,1,True,,0.00256,0.1758
CVE-2024-35849,7.1,2,True,,0.00256,0.17491
CVE-2024-50257,7.8,1,True,,0.00256,0.17489
CVE-2024-26920,5.5,1,True,,0.00256,0.17464
CVE-2026-74691,,1,True,,0.00256,0.17571
CVE-2024-57979,6.4,1,True,,0.00256,0.1751
CVE-2026-74300,5.5,1,True,,0.00256,0.17571
CVE-2023-52672,5.5,1,True,,0.00255,0.17407
CVE-2024-57922,5.5,1,True,,0.00255,0.17355
CVE-2024-56614,7.8,1,True,,0.00255,0.17301
CVE-2024-44987,7.8,1,True,,0.00255,0.17408
CVE-2024-56634,5.5,1,True,,0.00255,0.17355
CVE-2024-56630,5.5,1,True,,0.00255,0.17355
CVE-2024-45021,5.5,1,True,,0.00255,0.17442
CVE-2024-40931,5.5,1,True,,0.00255,0.17339
CVE-2026-74488,7.0,1,True,,0.00255,0.17357
CVE-2024-56608,7.8,1,True,,0.00255,0.17437
CVE-2026-31393,4.7,1,True,,0.00255,0.17401
CVE-2024-46813,7.8,1,False,,0.00255,0.17331
CVE-2023-52764,7.8,2,True,,0.00255,0.17323
CVE-2024-46812,7.8,1,True,,0.00255,0.17354
CVE-2024-35959,5.5,1,True,,0.00255,0.17381
CVE-2024-42124,5.5,1,True,,0.00255,0.17338
CVE-2024-26808,6.5,1,True,,0.00255,0.17359
CVE-2026-64554,7.0,1,True,,0.00255,0.17357
CVE-2022-3202,7.1,1,True,,0.00255,0.17402
CVE-2024-50110,5.5,1,True,,0.00255,0.17338
CVE-2021-47598,7.8,1,True,,0.00255,0.1741
CVE-2023-52836,7.8,2,True,,0.00255,0.17322
CVE-2024-42122,5.5,1,True,,0.00255,0.17446
CVE-2023-52799,7.8,2,True,,0.00255,0.17323
CVE-2024-50180,7.8,1,True,,0.00255,0.17359
CVE-2024-26956,7.8,2,True,,0.00255,0.17446
CVE-2024-26955,7.8,2,True,,0.00255,0.17445
CVE-2024-26973,5.5,2,True,,0.00255,0.17325
CVE-2024-53214,7.8,1,True,,0.00255,0.17305
CVE-2026-74540,5.5,1,True,,0.00255,0.17358
CVE-2024-41055,5.5,1,True,,0.00255,0.17358
CVE-2026-43051,7.1,1,True,,0.00255,0.17401
CVE-2026-43038,7.3,1,True,,0.00255,0.17416
CVE-2024-36489,5.5,1,True,,0.00255,0.17338
CVE-2026-53275,7.0,1,True,,0.00255,0.17312
CVE-2024-49903,7.0,1,True,,0.00255,0.17322
CVE-2026-64010,,1,True,,0.00255,0.17357
CVE-2023-52805,7.8,2,True,,0.00255,0.17322
CVE-2023-52804,7.8,2,True,,0.00255,0.17323
CVE-2026-64434,7.0,1,True,,0.00255,0.17356
CVE-2024-26744,5.5,2,True,,0.00255,0.17315
CVE-2026-64096,,1,True,,0.00255,0.17357
CVE-2024-50117,5.5,1,True,,0.00254,0.17148
CVE-2024-26675,5.5,2,True,,0.00254,0.17281
CVE-2024-46777,5.5,1,True,,0.00254,0.17242
CVE-2024-38579,5.5,2,True,,0.00254,0.17281
CVE-2024-50055,7.8,1,True,,0.00254,0.17221
CVE-2024-54458,5.5,1,True,,0.00254,0.17219
CVE-2024-53690,5.5,1,True,,0.00254,0.17159
CVE-2024-56587,5.5,1,True,,0.00254,0.1723
CVE-2024-44983,7.1,1,True,,0.00254,0.17146
CVE-2024-53112,5.5,1,True,,0.00254,0.17194
CVE-2023-52920,5.5,1,False,,0.00254,0.17191
CVE-2024-50287,5.5,1,True,,0.00254,0.17222
CVE-2024-26894,6.0,2,True,,0.00254,0.17252
CVE-2024-57981,5.5,1,True,,0.00254,0.17285
CVE-2024-50167,5.5,1,True,,0.00254,0.1715
CVE-2022-3239,7.8,1,True,,0.00254,0.17279
CVE-2022-23042,7.0,2,True,,0.00254,0.17263
CVE-2024-38567,5.5,2,True,,0.00254,0.17281
CVE-2021-47375,5.6,1,True,,0.00254,0.17138
CVE-2024-50290,5.5,1,True,,0.00254,0.17222
CVE-2024-50296,5.5,1,True,,0.00254,0.17222
CVE-2024-43839,7.8,1,True,,0.00254,0.17221
CVE-2026-53232,5.5,1,False,,0.00254,0.17156
CVE-2024-23848,5.5,2,True,,0.00254,0.17279
CVE-2025-71289,5.5,1,False,,0.00254,0.17227
CVE-2024-26778,5.5,2,True,,0.00254,0.17228
CVE-2023-52588,7.1,1,True,,0.00254,0.17265
CVE-2024-49860,7.1,1,True,,0.00254,0.17147
CVE-2024-26777,5.5,2,True,,0.00254,0.17228
CVE-2024-35877,5.5,2,True,,0.00254,0.17181
CVE-2024-50039,5.5,1,True,,0.00254,0.17261
CVE-2024-41056,5.5,1,True,,0.00253,0.17043
CVE-2024-45006,5.5,1,True,,0.00253,0.17038
CVE-2025-40013,,1,True,,0.00253,0.1704
CVE-2024-57850,7.8,1,True,,0.00253,0.17075
CVE-2025-40016,4.7,1,True,,0.00253,0.1704
CVE-2025-21655,4.7,1,True,,0.00253,0.17033
CVE-2024-26906,5.5,1,True,,0.00253,0.17032
CVE-2021-47006,4.4,1,True,,0.00253,0.17054
CVE-2025-37854,7.8,1,True,,0.00253,0.1701
CVE-2024-38619,5.5,1,True,,0.00253,0.17074
CVE-2024-39463,7.8,1,True,,0.00253,0.17041
CVE-2025-21782,7.1,1,True,,0.00253,0.17044
CVE-2021-47432,5.5,1,True,,0.00253,0.17095
CVE-2023-52835,7.8,2,True,,0.00253,0.17064
CVE-2024-38559,4.4,2,True,,0.00253,0.17105
CVE-2024-36015,7.8,2,True,,0.00253,0.17008
CVE-2023-52560,5.5,1,True,,0.00253,0.17058
CVE-2024-47730,7.8,1,True,,0.00253,0.1703
CVE-2025-39839,7.1,1,True,,0.00253,0.17096
CVE-2024-46722,7.1,1,True,,0.00253,0.17082
CVE-2024-46689,5.5,1,True,,0.00253,0.17023
CVE-2023-52703,5.5,1,True,,0.00253,0.17134
CVE-2024-22705,7.8,1,True,,0.00252,0.16927
CVE-2023-52686,5.5,2,True,,0.00252,0.16934
CVE-2023-52683,5.5,2,True,,0.00252,0.16887
CVE-2021-35039,7.8,1,True,,0.00252,0.16934
CVE-2024-53168,7.8,1,False,,0.00252,0.16973
CVE-2024-56557,5.5,1,True,,0.00252,0.16876
CVE-2024-58002,7.8,1,True,,0.00252,0.16982
CVE-2021-47315,5.5,1,True,,0.00252,0.1692
CVE-2021-47310,7.8,1,True,,0.00252,0.16926
CVE-2024-50134,5.5,1,True,,0.00252,0.1694
CVE-2025-22055,5.5,1,True,,0.00252,0.16977
CVE-2023-52844,4.4,1,True,,0.00252,0.16908
CVE-2023-52858,4.4,1,True,,0.00252,0.16907
CVE-2024-38586,7.8,1,True,,0.00252,0.16926
CVE-2023-52838,4.4,2,True,,0.00252,0.16907
CVE-2021-47505,7.8,1,True,,0.00252,0.16995
CVE-2024-38545,7.8,1,True,,0.00252,0.16884
CVE-2024-35964,7.1,1,True,,0.00252,0.16893
CVE-2024-35973,5.5,2,True,,0.00252,0.1693
CVE-2024-38546,5.5,1,True,,0.00252,0.16966
CVE-2024-35875,5.5,1,True,,0.00252,0.16982
CVE-2026-43334,7.0,1,True,,0.00252,0.16962
CVE-2024-26754,7.8,2,True,,0.00252,0.1699
CVE-2021-47082,7.8,1,True,,0.00252,0.16904
CVE-2024-26752,5.5,2,True,,0.00252,0.1692
CVE-2024-45828,5.5,1,True,,0.00252,0.16904
CVE-2023-52705,5.5,1,True,,0.00252,0.1688
CVE-2024-27415,4.7,1,True,,0.00252,0.1699
CVE-2026-63831,7.0,1,True,,0.00252,0.16878
CVE-2024-36959,5.5,2,True,,0.00252,0.1688
CVE-2024-50280,3.3,1,True,,0.00251,0.16806
CVE-2025-21745,5.5,1,True,,0.00251,0.16865
CVE-2024-58017,5.5,1,True,,0.00251,0.16865
CVE-2024-40938,5.5,1,True,,0.00251,0.16788
CVE-2023-52765,4.4,1,True,,0.00251,0.16868
CVE-2024-26883,7.8,2,True,,0.00251,0.16739
CVE-2024-26884,7.8,2,True,,0.00251,0.16739
CVE-2024-48881,5.5,1,True,,0.00251,0.16802
CVE-2024-38627,7.8,2,True,,0.00251,0.16867
CVE-2021-47527,5.5,1,True,,0.00251,0.16754
CVE-2024-38630,7.8,1,False,,0.00251,0.16767
CVE-2021-47387,5.5,1,True,,0.00251,0.16753
CVE-2021-47542,5.5,1,True,,0.00251,0.16754
CVE-2021-47405,5.5,1,True,,0.00251,0.16753
CVE-2024-39472,5.5,1,True,,0.00251,0.16866
CVE-2024-57897,5.5,1,True,,0.00251,0.16859
CVE-2024-42103,5.5,1,True,,0.00251,0.16867
CVE-2021-47311,7.8,1,True,,0.00251,0.16741
CVE-2025-21736,5.5,1,True,,0.00251,0.16865
CVE-2021-47373,5.5,1,True,,0.00251,0.16753
CVE-2022-48651,5.8,1,True,,0.00251,0.16866
CVE-2024-26737,5.5,1,True,,0.00251,0.16798
CVE-2023-1838,7.1,1,True,,0.00251,0.16766
CVE-2024-46761,5.5,1,True,,0.00251,0.1682
CVE-2024-46822,5.5,1,True,,0.00251,0.16728
CVE-2024-27056,5.5,1,True,,0.00251,0.16818
CVE-2024-44977,7.8,1,True,,0.00251,0.16802
CVE-2026-68085,5.5,1,False,,0.00251,0.16801
CVE-2024-43830,7.8,1,True,,0.00251,0.16764
CVE-2023-52478,4.7,2,True,,0.00251,0.16819
CVE-2023-6176,4.7,1,True,,0.00251,0.16784
CVE-2024-36025,5.5,1,True,,0.00251,0.16808
CVE-2024-46723,7.1,1,True,,0.00251,0.16793
CVE-2024-46781,5.5,1,True,,0.00251,0.16814
CVE-2024-53119,5.5,1,True,,0.00251,0.16779
CVE-2023-52742,5.5,1,True,,0.00251,0.16753
CVE-2023-52730,5.5,1,True,,0.00251,0.16754
CVE-2024-49881,5.5,1,True,,0.0025,0.16624
CVE-2024-49879,5.5,1,True,,0.0025,0.16624
CVE-2024-26913,7.8,1,False,,0.0025,0.16647
CVE-2023-52837,7.8,1,True,,0.0025,0.16695
CVE-2024-49877,5.5,1,True,,0.0025,0.16625
CVE-2024-56708,7.8,1,True,,0.0025,0.1672
CVE-2024-33619,5.5,1,True,,0.0025,0.16695
CVE-2024-49890,5.5,1,True,,0.0025,0.16625
CVE-2024-49957,5.5,1,True,,0.0025,0.16625
CVE-2024-26855,5.5,1,True,,0.0025,0.16639
CVE-2024-43835,5.5,1,True,,0.0025,0.1662
CVE-2024-46805,5.5,1,True,,0.0025,0.16719
CVE-2025-21811,7.8,1,True,,0.0025,0.1662
CVE-2024-36915,7.1,1,True,,0.0025,0.16666
CVE-2021-47401,5.5,1,True,,0.0025,0.16649
CVE-2024-46849,7.8,1,True,,0.0025,0.16681
CVE-2024-46828,7.8,1,True,,0.0025,0.16593
CVE-2023-52811,5.5,1,True,,0.0025,0.16622
CVE-2024-49975,5.5,1,True,,0.0025,0.16625
CVE-2026-53075,7.0,1,True,,0.0025,0.16683
CVE-2024-49962,5.5,1,True,,0.0025,0.16626
CVE-2024-49983,7.8,1,True,,0.0025,0.16594
CVE-2024-38548,4.4,1,True,,0.0025,0.1665
CVE-2024-35897,5.5,1,True,,0.0025,0.16586
CVE-2026-23193,7.8,1,True,,0.0025,0.16623
CVE-2024-50007,7.8,1,True,,0.0025,0.16722
CVE-2024-58096,5.5,1,False,,0.0025,0.16656
CVE-2024-53148,5.5,1,True,,0.0025,0.16592
CVE-2024-26685,5.5,2,True,,0.0025,0.16589
CVE-2024-26599,7.8,1,True,,0.0025,0.16692
CVE-2024-38540,4.4,1,True,,0.00249,0.16496
CVE-2024-40948,5.5,1,True,,0.00249,0.16511
CVE-2024-49924,7.8,1,True,,0.00249,0.1654
CVE-2024-56369,5.5,1,True,,0.00249,0.16562
CVE-2024-53174,7.1,1,True,,0.00249,0.16489
CVE-2023-52604,7.8,2,True,,0.00249,0.16556
CVE-2026-74509,8.0,1,True,,0.00249,0.16539
CVE-2021-47403,5.5,1,True,,0.00249,0.16484
CVE-2021-46985,5.5,1,True,,0.00249,0.16546
CVE-2023-1078,7.8,1,True,,0.00249,0.16544
CVE-2021-47346,7.1,1,True,,0.00249,0.16484
CVE-2026-23395,8.8,1,True,,0.00249,0.16583
CVE-2023-52429,5.5,2,True,,0.00249,0.16476
CVE-2024-50232,5.5,1,True,,0.00249,0.16469
CVE-2024-36017,5.5,2,True,,0.00249,0.16575
CVE-2024-35815,5.5,2,True,,0.00249,0.16505
CVE-2023-52447,6.7,1,True,,0.00249,0.1656
CVE-2024-26863,5.5,2,True,,0.00249,0.16547
CVE-2022-41848,4.2,1,False,,0.00249,0.16512
CVE-2024-42109,5.5,1,True,,0.00249,0.16569
CVE-2026-64586,,1,True,,0.00249,0.16582
CVE-2026-64536,,1,True,,0.00249,0.16558
CVE-2025-38003,5.5,1,True,,0.00249,0.16523
CVE-2024-47709,5.5,1,True,,0.00249,0.1649
CVE-2023-52748,7.8,1,True,,0.00249,0.16569
CVE-2024-53113,5.5,1,True,,0.00249,0.16506
CVE-2021-47194,7.8,1,True,,0.00249,0.16549
CVE-2024-42082,5.5,1,True,,0.00249,0.16581
CVE-2024-53101,5.5,1,True,,0.00249,0.16462
CVE-2025-21744,5.5,1,True,,0.00249,0.16567
CVE-2023-52601,5.5,2,True,,0.00249,0.16556
CVE-2024-26997,5.5,2,True,,0.00249,0.16505
CVE-2023-52693,5.5,2,True,,0.00249,0.16505
CVE-2024-52332,7.1,1,True,,0.00249,0.16552
CVE-2023-52599,7.8,2,True,,0.00249,0.16557
CVE-2023-52602,4.7,2,True,,0.00249,0.16556
CVE-2024-26625,7.8,2,True,,0.00249,0.1649
CVE-2025-21814,5.5,1,True,,0.00249,0.16463
CVE-2023-2162,5.5,1,True,,0.00249,0.16573
CVE-2023-4459,5.5,1,True,,0.00249,0.1657
CVE-2025-21917,5.5,1,True,,0.00249,0.16507
CVE-2024-36954,5.5,2,True,,0.00249,0.16581
CVE-2026-64178,5.5,1,True,,0.00249,0.16523
CVE-2023-52809,5.5,2,True,,0.00249,0.16499
CVE-2024-36908,5.5,1,True,,0.00249,0.16461
CVE-2025-71236,5.5,1,True,,0.00248,0.16386
CVE-2024-53142,7.8,1,True,,0.00248,0.16373
CVE-2023-52691,7.8,2,True,,0.00248,0.16353
CVE-2021-47184,5.5,1,True,,0.00248,0.16375
CVE-2024-45028,5.5,1,True,,0.00248,0.16425
CVE-2026-43377,,1,True,,0.00248,0.16392
CVE-2024-44931,5.5,1,True,,0.00248,0.16363
CVE-2024-49913,5.5,1,True,,0.00248,0.16434
CVE-2023-52594,7.8,2,True,,0.00248,0.16439
CVE-2024-26885,7.8,1,True,,0.00248,0.16372
CVE-2024-35813,5.5,1,True,,0.00248,0.16353
CVE-2024-56648,5.5,1,True,,0.00248,0.16445
CVE-2023-52679,7.8,2,True,,0.00248,0.16353
CVE-2023-52766,7.1,1,True,,0.00248,0.16431
CVE-2024-36880,7.8,1,True,,0.00248,0.16432
CVE-2022-48672,7.8,1,True,,0.00248,0.16376
CVE-2024-26812,5.5,1,True,,0.00248,0.16439
CVE-2024-36014,5.5,2,True,,0.00248,0.16459
CVE-2024-26764,3.3,2,True,,0.00248,0.16399
CVE-2024-36033,7.1,1,True,,0.00248,0.16347
CVE-2023-52861,4.4,1,True,,0.00248,0.16426
CVE-2025-22079,7.1,1,True,,0.00248,0.16417
CVE-2024-42292,7.1,1,True,,0.00248,0.16352
CVE-2024-26712,4.4,1,True,,0.00248,0.16399
CVE-2021-46938,7.8,1,True,,0.00248,0.16376
CVE-2024-49935,5.5,1,True,,0.00248,0.16337
CVE-2024-50048,5.5,1,True,,0.00248,0.16413
CVE-2024-49986,7.8,1,True,,0.00248,0.16444
CVE-2026-23095,5.5,1,True,,0.00248,0.16386
CVE-2021-46950,7.8,1,True,,0.00248,0.16375
CVE-2024-36914,7.8,1,True,,0.00248,0.164
CVE-2024-46814,7.8,1,True,,0.00248,0.1642
CVE-2024-46826,5.5,1,True,,0.00248,0.16363
CVE-2023-52807,7.8,1,True,,0.00248,0.16432
CVE-2024-46746,7.8,1,True,,0.00248,0.16444
CVE-2024-25739,5.5,2,True,,0.00248,0.16387
CVE-2024-49977,5.5,1,True,,0.00248,0.16336
CVE-2026-53256,7.0,1,True,,0.00248,0.1643
CVE-2024-50141,5.5,1,True,,0.00248,0.16384
CVE-2025-21699,5.5,1,True,,0.00248,0.16415
CVE-2025-21645,5.5,1,True,,0.00248,0.16353
CVE-2024-41060,5.5,1,True,,0.00248,0.16436
CVE-2021-47309,7.1,1,True,,0.00248,0.16375
CVE-2024-56758,5.5,1,True,,0.00248,0.16424
CVE-2024-26664,7.1,2,True,,0.00248,0.16439
CVE-2024-26663,5.5,2,True,,0.00248,0.1644
CVE-2024-50304,5.5,1,True,,0.00247,0.1628
CVE-2024-50131,7.8,1,True,,0.00247,0.1627
CVE-2024-41015,5.5,1,True,,0.00247,0.16322
CVE-2021-39698,7.8,1,True,,0.00247,0.16301
CVE-2024-50127,7.8,1,True,,0.00247,0.1628
CVE-2024-53172,5.5,1,True,,0.00247,0.16281
CVE-2021-46974,5.5,1,True,,0.00247,0.16282
CVE-2024-53181,5.5,1,True,,0.00247,0.16281
CVE-2024-53183,5.5,1,True,,0.00247,0.16281
CVE-2024-47701,7.8,1,True,,0.00247,0.16277
CVE-2022-2977,7.8,1,True,,0.00247,0.16251
CVE-2023-34256,5.5,1,True,,0.00247,0.16225
CVE-2025-21865,5.5,1,True,,0.00247,0.16264
CVE-2023-51043,7.0,1,True,,0.00247,0.16232
CVE-2022-49034,5.5,1,True,,0.00247,0.16282
CVE-2024-37356,5.5,2,True,,0.00247,0.16302
CVE-2024-26791,7.1,2,True,,0.00247,0.16278
CVE-2024-46754,5.5,1,True,,0.00247,0.16298
CVE-2024-43834,5.5,1,True,,0.00247,0.16252
CVE-2024-36940,7.8,2,True,,0.00247,0.16322
CVE-2025-21836,5.5,1,False,,0.00247,0.16257
CVE-2023-52502,7.1,2,True,,0.00247,0.16277
CVE-2024-41017,5.5,1,True,,0.00247,0.16322
CVE-2024-50008,5.5,1,True,,0.00247,0.16254
CVE-2024-46830,7.8,1,True,,0.00247,0.16298
CVE-2024-41016,5.5,1,True,,0.00247,0.16322
CVE-2021-47321,7.8,1,True,,0.00247,0.16241
CVE-2024-26875,4.4,2,True,,0.00247,0.16229
CVE-2025-39989,5.5,1,False,,0.00247,0.16279
CVE-2024-40977,5.5,1,True,,0.00247,0.16243
CVE-2024-43892,4.7,1,True,,0.00247,0.16297
CVE-2024-25743,7.1,1,False,,0.00247,0.16265
CVE-2021-47357,7.8,1,True,,0.00247,0.16241
CVE-2021-47355,7.8,1,True,,0.00247,0.16241
CVE-2024-53184,5.5,1,True,,0.00247,0.16282
CVE-2024-50036,7.0,1,True,,0.00247,0.16258
CVE-2024-47727,7.8,1,True,,0.00247,0.16298
CVE-2021-47458,7.8,1,True,,0.00247,0.1622
CVE-2024-26586,6.7,1,True,,0.00247,0.16242
CVE-2024-35951,5.5,1,False,,0.00246,0.16121
CVE-2021-47222,7.8,1,True,,0.00246,0.16094
CVE-2023-52796,7.8,2,True,,0.00246,0.16173
CVE-2025-40010,5.5,1,True,,0.00246,0.16121
CVE-2024-47718,7.8,1,True,,0.00246,0.16157
CVE-2021-4159,4.4,2,True,,0.00246,0.16083
CVE-2024-26915,4.7,1,True,,0.00246,0.16146
CVE-2023-52752,7.8,1,True,,0.00246,0.16124
CVE-2021-47058,7.8,1,True,,0.00246,0.16094
CVE-2024-36004,5.5,2,True,,0.00246,0.16202
CVE-2024-27412,5.5,2,True,,0.00246,0.16142
CVE-2021-47118,7.8,1,True,,0.00246,0.16104
CVE-2024-27413,5.5,2,True,,0.00246,0.16143
CVE-2025-37838,,1,True,,0.00246,0.16077
CVE-2021-46936,7.8,1,True,,0.00246,0.16083
CVE-2021-46939,5.5,1,True,,0.00246,0.16207
CVE-2023-52828,5.5,1,True,,0.00246,0.1617
CVE-2021-46963,5.5,1,True,,0.00246,0.16094
CVE-2024-42276,5.5,1,True,,0.00246,0.16086
CVE-2025-40008,,1,True,,0.00246,0.16121
CVE-2024-36910,4.4,1,True,,0.00246,0.16146
CVE-2021-47336,7.8,1,True,,0.00246,0.16143
CVE-2024-46811,7.8,1,False,,0.00246,0.16197
CVE-2024-42306,5.5,1,True,,0.00246,0.16069
CVE-2024-47674,5.5,1,True,,0.00246,0.16107
CVE-2023-52789,5.5,2,True,,0.00246,0.16149
CVE-2024-36244,5.5,1,True,,0.00246,0.16092
CVE-2024-46752,5.5,1,True,,0.00246,0.16093
CVE-2024-42297,5.5,1,True,,0.00246,0.16086
CVE-2024-46679,4.7,1,True,,0.00246,0.16096
CVE-2024-35847,7.8,2,True,,0.00245,0.1598
CVE-2023-52855,4.4,2,True,,0.00245,0.16034
CVE-2025-21858,7.8,1,True,,0.00245,0.15996
CVE-2023-52816,7.8,1,True,,0.00245,0.16004
CVE-2024-26804,5.5,1,True,,0.00245,0.15974
CVE-2024-50101,5.5,1,True,,0.00245,0.16028
CVE-2024-50058,5.5,1,True,,0.00245,0.16048
CVE-2024-26688,5.5,1,True,,0.00245,0.1594
CVE-2025-40325,5.5,1,False,,0.00245,0.16044
CVE-2021-47314,5.5,1,True,,0.00245,0.16034
CVE-2024-38599,7.1,2,True,,0.00245,0.16039
CVE-2024-46676,5.5,1,True,,0.00245,0.16007
CVE-2024-56548,7.8,1,True,,0.00245,0.15939
CVE-2025-40309,6.4,1,True,,0.00245,0.1602
CVE-2024-53043,5.5,1,True,,0.00245,0.1595
CVE-2024-50115,7.1,1,True,,0.00245,0.16055
CVE-2024-26742,7.8,1,True,,0.00245,0.16005
CVE-2024-26749,7.8,1,True,,0.00245,0.15937
CVE-2024-44991,5.5,1,True,,0.00245,0.16018
CVE-2024-26751,5.5,2,True,,0.00245,0.16035
CVE-2024-46841,5.5,1,True,,0.00245,0.16023
CVE-2023-4387,7.1,1,True,,0.00245,0.15949
CVE-2024-39469,7.1,1,True,,0.00245,0.15974
CVE-2024-46735,5.5,1,True,,0.00245,0.15951
CVE-2024-49968,5.5,1,True,,0.00245,0.16005
CVE-2023-52865,5.5,2,True,,0.00245,0.16034
CVE-2024-46804,7.8,1,True,,0.00245,0.16026
CVE-2021-47330,5.5,1,True,,0.00245,0.16033
CVE-2021-46906,5.5,1,True,,0.00245,0.16009
CVE-2023-52880,5.5,2,True,,0.00245,0.16018
CVE-2024-49886,5.5,1,True,,0.00245,0.16027
CVE-2024-50031,5.5,1,True,,0.00245,0.16026
CVE-2021-46959,7.8,1,True,,0.00245,0.16039
CVE-2024-57982,7.1,1,False,,0.00245,0.15966
CVE-2024-49951,5.5,1,True,,0.00245,0.16026
CVE-2023-52843,5.5,2,True,,0.00245,0.16034
CVE-2021-47159,5.5,1,True,,0.00245,0.15951
CVE-2023-53762,7.0,1,False,,0.00245,0.16043
CVE-2024-47706,5.5,1,True,,0.00245,0.16019
CVE-2024-47690,5.5,1,True,,0.00245,0.16027
CVE-2024-46742,5.5,1,True,,0.00245,0.16006
CVE-2024-38659,7.1,2,True,,0.00245,0.15938
CVE-2023-52444,7.8,2,True,,0.00245,0.15971
CVE-2024-38633,5.5,2,True,,0.00245,0.16001
CVE-2021-47344,5.5,1,True,,0.00245,0.16035
CVE-2024-41087,7.8,1,True,,0.00244,0.15872
CVE-2024-50096,5.5,1,True,,0.00244,0.15914
CVE-2024-35996,5.5,1,True,,0.00244,0.15873
CVE-2023-52768,4.4,1,True,,0.00244,0.15876
CVE-2026-43110,7.5,1,True,,0.00244,0.15914
CVE-2021-46933,5.5,1,True,,0.00244,0.15904
CVE-2024-46765,5.5,1,False,,0.00244,0.15889
CVE-2024-46836,7.8,1,True,,0.00244,0.15889
CVE-2024-26783,5.5,1,True,,0.00244,0.15894
CVE-2023-52445,7.8,2,True,,0.00244,0.15827
CVE-2024-26950,5.5,1,True,,0.00244,0.15896
CVE-2026-52934,,1,True,,0.00244,0.15914
CVE-2024-47686,7.1,1,True,,0.00244,0.15929
CVE-2023-52448,5.5,1,True,,0.00244,0.15908
CVE-2023-52640,7.1,1,True,,0.00244,0.15905
CVE-2024-36938,5.5,1,True,,0.00244,0.15908
CVE-2023-52451,7.8,2,True,,0.00244,0.15871
CVE-2026-23414,5.5,1,True,,0.00244,0.15831
CVE-2024-26958,7.8,1,True,,0.00244,0.15828
CVE-2024-42131,4.4,1,True,,0.00244,0.1592
CVE-2021-47409,5.5,1,True,,0.00244,0.15829
CVE-2025-21853,5.5,1,True,,0.00244,0.15826
CVE-2023-52463,5.5,1,True,,0.00244,0.15908
CVE-2026-43113,5.5,1,True,,0.00244,0.15913
CVE-2024-50150,7.8,1,True,,0.00244,0.15869
CVE-2025-21761,7.0,1,True,,0.00244,0.15887
CVE-2024-26939,7.0,1,True,,0.00244,0.15911
CVE-2024-42280,7.8,1,True,,0.00244,0.15827
CVE-2024-42288,5.5,1,True,,0.00244,0.15871
CVE-2024-26596,5.5,1,True,,0.00244,0.15848
CVE-2023-52842,7.1,1,True,,0.00244,0.15906
CVE-2024-49906,5.5,1,False,,0.00244,0.15884
CVE-2024-49914,5.5,1,False,,0.00244,0.15884
CVE-2024-53140,5.5,1,True,,0.00244,0.15832
CVE-2024-27400,5.5,1,True,,0.00244,0.15918
CVE-2024-27395,7.8,2,True,,0.00244,0.15828
CVE-2024-27396,7.8,2,True,,0.00244,0.15827
CVE-2023-52509,7.8,1,True,,0.00244,0.15903
CVE-2023-52510,7.8,2,True,,0.00244,0.15904
CVE-2023-52819,5.5,2,True,,0.00244,0.15872
CVE-2024-50235,7.8,1,True,,0.00244,0.15857
CVE-2024-26697,5.5,2,True,,0.00243,0.15703
CVE-2024-53110,5.5,1,True,,0.00243,0.15815
CVE-2024-41068,5.5,1,True,,0.00243,0.15755
CVE-2024-49907,5.5,1,True,,0.00243,0.15788
CVE-2023-52619,5.5,2,True,,0.00243,0.15756
CVE-2023-52606,5.5,2,True,,0.00243,0.15728
CVE-2024-56720,5.5,1,True,,0.00243,0.15778
CVE-2024-35844,5.5,1,True,,0.00243,0.15805
CVE-2024-56693,6.7,1,True,,0.00243,0.15817
CVE-2023-52622,5.5,2,True,,0.00243,0.15756
CVE-2024-35890,5.5,1,True,,0.00243,0.15812
CVE-2024-56600,7.8,1,True,,0.00243,0.15757
CVE-2024-36955,5.5,1,True,,0.00243,0.15783
CVE-2024-46853,7.8,1,True,,0.00243,0.15817
CVE-2024-56601,7.8,1,True,,0.00243,0.15758
CVE-2022-2978,7.8,1,True,,0.00243,0.15795
CVE-2024-56642,7.8,1,True,,0.00243,0.15771
CVE-2024-56606,7.8,1,True,,0.00243,0.15757
CVE-2024-50116,5.5,1,True,,0.00243,0.15817
CVE-2023-52475,7.8,2,True,,0.00243,0.1577
CVE-2023-52854,7.8,1,True,,0.00242,0.15694
CVE-2021-47521,7.8,1,True,,0.00242,0.15693
CVE-2024-26776,5.5,1,True,,0.00242,0.15634
CVE-2026-53146,5.5,1,True,,0.00242,0.15658
CVE-2020-36777,5.5,1,True,,0.00242,0.15621
CVE-2021-46998,7.8,1,True,,0.00242,0.15692
CVE-2021-47358,7.8,1,True,,0.00242,0.15692
CVE-2023-2513,6.7,1,True,,0.00242,0.15629
CVE-2024-26805,5.5,2,True,,0.00242,0.1566
CVE-2026-80722,7.0,1,True,,0.00242,0.15628
CVE-2026-74507,5.5,1,True,,0.00242,0.15657
CVE-2024-35830,5.5,2,True,,0.00242,0.15663
CVE-2023-2194,6.7,1,True,,0.00242,0.15682
CVE-2022-48687,5.5,1,True,,0.00242,0.15652
CVE-2022-1048,7.0,1,True,,0.00242,0.15654
CVE-2024-27059,5.5,2,True,,0.00242,0.1566
CVE-2024-26635,5.5,2,True,,0.00242,0.15662
CVE-2024-42283,5.5,1,True,,0.00242,0.15662
CVE-2022-48772,5.5,1,True,,0.00242,0.15667
CVE-2024-26606,5.5,2,True,,0.00242,0.1566
CVE-2024-26627,5.5,1,True,,0.00242,0.15622
CVE-2023-52598,7.1,2,True,,0.00242,0.15652
CVE-2023-52840,7.8,2,True,,0.00242,0.15694
CVE-2024-26645,5.5,2,True,,0.00242,0.15662
CVE-2021-47104,5.5,1,True,,0.00242,0.15608
CVE-2024-50275,7.0,1,True,,0.00242,0.15609
CVE-2021-47117,5.5,1,True,,0.00242,0.15698
CVE-2025-38004,7.1,1,True,,0.00242,0.15672
CVE-2024-56704,7.8,1,True,,0.00242,0.15663
CVE-2024-41006,5.5,1,True,,0.00242,0.15701
CVE-2024-35866,7.8,1,True,,0.00242,0.15621
CVE-2024-39487,7.1,1,True,,0.00242,0.15678
CVE-2023-52449,5.5,2,True,,0.00242,0.15661
CVE-2024-46724,7.1,1,True,,0.00242,0.15668
CVE-2021-47361,7.8,1,True,,0.00242,0.15693
CVE-2021-47372,7.8,1,True,,0.00242,0.15692
CVE-2024-43882,7.0,1,True,,0.00242,0.15651
CVE-2023-52762,5.5,1,True,,0.00242,0.15674
CVE-2024-26695,5.5,1,True,,0.00242,0.15696
CVE-2024-44948,5.5,1,True,,0.00242,0.15646
CVE-2024-26743,5.5,1,True,,0.00242,0.15695
CVE-2024-53082,7.1,1,True,,0.00242,0.15675
CVE-2023-52629,5.5,1,False,,0.00242,0.15619
CVE-2024-26748,7.8,1,True,,0.00242,0.15693
CVE-2024-27079,5.5,1,False,,0.00242,0.15682
CVE-2025-21694,5.5,1,True,,0.00242,0.15686
CVE-2023-52784,5.5,1,True,,0.00242,0.15695
CVE-2024-26935,5.5,1,True,,0.00242,0.15661
CVE-2021-47500,7.8,1,True,,0.00242,0.15694
CVE-2024-42289,5.5,1,True,,0.00242,0.15661
CVE-2023-52826,5.5,1,True,,0.00241,0.15461
CVE-2024-44989,5.5,1,True,,0.00241,0.1553
CVE-2025-37998,5.5,1,True,,0.00241,0.15572
CVE-2023-52821,5.5,1,True,,0.00241,0.15462
CVE-2021-47073,5.5,1,True,,0.00241,0.15546
CVE-2021-47142,5.5,1,True,,0.00241,0.1551
CVE-2024-53070,5.5,1,True,,0.00241,0.15538
CVE-2024-35965,7.1,1,True,,0.00241,0.15532
CVE-2024-49933,5.5,1,True,,0.00241,0.15536
CVE-2024-56707,5.5,1,True,,0.00241,0.15495
CVE-2021-47100,5.5,1,True,,0.00241,0.15466
CVE-2024-53106,7.8,1,True,,0.00241,0.15467
CVE-2024-26668,5.5,1,True,,0.00241,0.15546
CVE-2023-52520,5.5,1,True,,0.00241,0.15466
CVE-2024-44982,5.5,1,True,,0.00241,0.15575
CVE-2024-45018,5.5,1,True,,0.00241,0.15508
CVE-2024-26723,4.4,1,True,,0.00241,0.15536
CVE-2025-40003,,1,False,,0.00241,0.15557
CVE-2021-46953,6.7,1,True,,0.00241,0.15569
CVE-2024-44990,5.5,1,True,,0.00241,0.1553
CVE-2026-43249,,1,False,,0.00241,0.1559
CVE-2023-4244,7.0,2,True,,0.00241,0.15494
CVE-2026-43048,5.5,1,False,,0.00241,0.1546
CVE-2024-26677,5.5,1,False,,0.00241,0.15546
CVE-2023-52754,5.5,1,True,,0.00241,0.15461
CVE-2023-52777,7.8,1,True,,0.00241,0.15579
CVE-2023-52795,7.8,1,True,,0.00241,0.1558
CVE-2023-52772,7.8,1,True,,0.00241,0.15579
CVE-2023-52751,7.8,1,False,,0.00241,0.15533
CVE-2024-53198,5.5,1,True,,0.00241,0.15541
CVE-2024-56558,7.1,1,True,,0.00241,0.15507
CVE-2024-49994,5.5,1,True,,0.00241,0.15474
CVE-2024-56574,5.5,1,True,,0.00241,0.15481
CVE-2020-35501,3.4,1,False,,0.00241,0.15584
CVE-2024-46819,5.5,1,True,,0.00241,0.15475
CVE-2021-47171,5.5,1,True,,0.00241,0.15516
CVE-2023-52859,7.8,1,True,,0.00241,0.1558
CVE-2024-56586,5.5,1,True,,0.00241,0.15481
CVE-2021-47254,7.8,1,True,,0.00241,0.15509
CVE-2024-26946,5.5,1,True,,0.00241,0.15474
CVE-2024-56605,7.8,1,True,,0.00241,0.15507
CVE-2021-46909,5.5,1,True,,0.00241,0.15515
CVE-2024-42272,5.5,1,True,,0.00241,0.15575
CVE-2021-46915,5.5,1,True,,0.00241,0.15516
CVE-2024-36926,5.5,1,True,,0.00241,0.15545
CVE-2024-38543,5.5,1,True,,0.00241,0.15503
CVE-2024-26767,5.5,1,True,,0.00241,0.15504
CVE-2022-48695,7.8,1,True,,0.00241,0.1551
CVE-2024-42236,5.5,1,True,,0.00241,0.15512
CVE-2022-48659,5.5,1,True,,0.00241,0.15566
CVE-2026-64557,7.0,1,True,,0.00241,0.15494
CVE-2024-56681,5.5,1,True,,0.00241,0.15541
CVE-2025-21787,5.5,1,True,,0.00241,0.15515
CVE-2024-0607,6.6,2,True,,0.00241,0.15558
CVE-2023-52781,5.5,1,True,,0.00241,0.15587
CVE-2026-53264,7.0,1,True,,0.00241,0.15594
CVE-2024-39292,5.5,2,True,,0.00241,0.15512
CVE-2024-35963,7.1,1,True,,0.0024,0.15393
CVE-2023-52616,5.5,1,True,,0.0024,0.15338
CVE-2024-27437,5.5,1,True,,0.0024,0.1538
CVE-2024-41096,7.8,1,True,,0.0024,0.15396
CVE-2023-52750,5.5,1,True,,0.0024,0.15341
CVE-2021-47499,5.5,1,True,,0.0024,0.15342
CVE-2021-47518,5.5,1,True,,0.0024,0.15343
CVE-2024-35817,5.5,1,True,,0.0024,0.15311
CVE-2025-37803,7.8,1,True,,0.0024,0.15355
CVE-2023-52591,5.5,1,False,,0.0024,0.15306
CVE-2023-52621,7.8,1,True,,0.0024,0.15446
CVE-2023-52841,5.5,1,True,,0.0024,0.15346
CVE-2023-52833,5.5,1,True,,0.0024,0.15425
CVE-2023-52817,5.5,2,True,,0.0024,0.15346
CVE-2023-52831,5.5,1,True,,0.0024,0.1531
CVE-2023-52853,5.5,2,True,,0.0024,0.15343
CVE-2024-26989,7.8,1,True,,0.0024,0.15367
CVE-2024-26598,7.8,1,True,,0.0024,0.15338
CVE-2023-52863,5.5,1,True,,0.0024,0.15345
CVE-2023-26242,7.8,1,False,,0.0024,0.15381
CVE-2024-26961,7.8,1,True,,0.0024,0.15388
CVE-2024-26636,5.5,2,True,,0.0024,0.1538
CVE-2022-48708,5.5,1,True,,0.0024,0.1534
CVE-2024-47670,7.8,1,True,,0.0024,0.15329
CVE-2024-46770,5.5,1,True,,0.0024,0.15351
CVE-2023-52814,5.5,1,True,,0.0024,0.15344
CVE-2024-41022,5.5,1,True,,0.0024,0.15377
CVE-2021-47516,5.5,1,True,,0.0024,0.15342
CVE-2024-42228,7.0,1,True,,0.0024,0.15386
CVE-2025-22071,5.5,1,True,,0.0024,0.15323
CVE-2021-47511,5.5,1,True,,0.0024,0.15341
CVE-2021-47395,5.5,1,True,,0.0024,0.15341
CVE-2021-47509,5.5,1,True,,0.0024,0.1534
CVE-2022-3424,7.8,1,True,,0.0024,0.15452
CVE-2024-26640,5.5,1,True,,0.0024,0.15338
CVE-2024-50171,5.5,1,True,,0.0024,0.15332
CVE-2020-36766,3.3,1,True,,0.0024,0.15387
CVE-2023-52443,5.5,2,True,,0.0024,0.1538
CVE-2024-53190,5.5,1,True,,0.0024,0.15418
CVE-2024-46780,5.5,1,True,,0.0024,0.15301
CVE-2023-52574,5.5,2,True,,0.0024,0.15311
CVE-2024-50015,5.5,1,True,,0.0024,0.15352
CVE-2021-47337,5.5,1,True,,0.0024,0.15343
CVE-2026-90169,,1,False,,0.0024,0.15379
CVE-2024-53170,7.8,1,True,,0.0024,0.15366
CVE-2021-46988,5.5,1,True,,0.0024,0.15342
CVE-2023-52774,5.5,2,True,,0.0024,0.15345
CVE-2023-52791,5.5,1,True,,0.0024,0.15346
CVE-2024-26659,5.5,1,True,,0.0024,0.15338
CVE-2023-52753,5.5,2,True,,0.0024,0.15342
CVE-2023-52747,5.5,1,True,,0.0024,0.15341
CVE-2025-40254,4.7,1,True,,0.00239,0.15188
CVE-2023-52641,5.5,1,True,,0.00239,0.152
CVE-2023-52888,5.5,1,False,,0.00239,0.15207
CVE-2024-44944,5.5,1,True,,0.00239,0.15271
CVE-2021-47301,7.8,1,True,,0.00239,0.1522
CVE-2026-90360,,1,False,,0.00239,0.15226
CVE-2024-39493,5.5,1,True,,0.00239,0.15229
CVE-2026-74537,7.0,1,False,,0.00239,0.15214
CVE-2023-52926,3.3,1,True,,0.00239,0.15237
CVE-2025-21772,7.8,1,True,,0.00239,0.1518
CVE-2024-42127,5.5,1,True,,0.00239,0.153
CVE-2025-21776,5.5,1,True,,0.00239,0.1524
CVE-2024-39489,5.5,1,True,,0.00239,0.15229
CVE-2024-26957,7.8,2,True,,0.00239,0.15211
CVE-2021-47240,7.1,1,True,,0.00239,0.15253
CVE-2024-26917,5.5,2,True,,0.00239,0.15287
CVE-2023-52860,5.5,1,True,,0.00239,0.15202
CVE-2025-21926,5.5,1,True,,0.00239,0.1518
CVE-2021-47435,4.7,1,True,,0.00239,0.15169
CVE-2023-52857,5.5,1,True,,0.00239,0.15205
CVE-2026-90379,,1,False,,0.00239,0.15215
CVE-2024-49918,5.5,1,False,,0.00239,0.15216
CVE-2024-26618,5.5,1,True,,0.00239,0.15202
CVE-2026-68409,7.0,1,False,,0.00239,0.15214
CVE-2021-47583,5.5,1,True,,0.00239,0.15202
CVE-2024-35943,5.5,1,True,,0.00239,0.15173
CVE-2024-26589,7.8,1,True,,0.00239,0.15197
CVE-2024-36881,5.3,1,False,,0.00239,0.152
CVE-2024-46719,5.5,1,True,,0.00239,0.15212
CVE-2024-26771,5.5,1,True,,0.00239,0.1518
CVE-2024-45008,5.5,1,True,,0.00239,0.1523
CVE-2024-27403,5.5,1,True,,0.00239,0.15179
CVE-2024-45026,7.8,1,True,,0.00239,0.15174
CVE-2023-52507,7.1,2,True,,0.00239,0.15237
CVE-2024-46714,5.5,1,True,,0.00239,0.15212
CVE-2024-46731,7.1,1,True,,0.00239,0.15284
CVE-2023-52778,5.5,1,True,,0.00239,0.15208
CVE-2024-38564,5.5,1,False,,0.00239,0.15179
CVE-2024-26839,5.5,2,True,,0.00239,0.15287
CVE-2024-43828,5.5,1,True,,0.00239,0.15168
CVE-2022-48742,7.8,1,True,,0.00239,0.15221
CVE-2021-46991,7.8,1,True,,0.00239,0.15221
CVE-2024-43871,5.5,1,True,,0.00239,0.15271
CVE-2024-36909,5.5,1,True,,0.00239,0.15253
CVE-2023-52808,5.5,1,True,,0.00239,0.15205
CVE-2024-42086,7.8,1,True,,0.00239,0.15174
CVE-2024-50226,7.8,1,False,,0.00239,0.15275
CVE-2024-47734,5.5,1,True,,0.00239,0.1528
CVE-2024-56593,5.5,1,True,,0.00239,0.15289
CVE-2022-1975,5.5,2,True,,0.00239,0.15244
CVE-2024-35967,7.1,1,True,,0.00239,0.15236
CVE-2024-26612,3.3,1,True,,0.00239,0.15202
CVE-2024-47757,7.1,1,True,,0.00239,0.15241
CVE-2024-41064,5.5,1,True,,0.00239,0.15189
CVE-2024-53135,6.5,1,True,,0.00239,0.15263
CVE-2024-44960,5.5,1,True,,0.00239,0.15272
CVE-2024-44963,5.5,1,False,,0.00239,0.15217
CVE-2023-52564,5.5,1,True,,0.00239,0.15299
CVE-2025-38601,5.5,1,True,,0.00239,0.15277
CVE-2024-26799,5.5,1,False,,0.00239,0.1519
CVE-2024-43817,5.5,1,True,,0.00239,0.15167
CVE-2024-27417,5.5,1,True,,0.00239,0.15301
CVE-2023-52452,7.8,1,False,,0.00239,0.15197
CVE-2024-36029,5.5,1,True,,0.00239,0.15203
CVE-2024-49905,5.5,1,True,,0.00238,0.15084
CVE-2024-49929,5.5,1,True,,0.00238,0.15085
CVE-2023-52852,7.8,1,True,,0.00238,0.1512
CVE-2024-49909,5.5,1,True,,0.00238,0.15084
CVE-2024-49911,5.5,1,True,,0.00238,0.15083
CVE-2024-49992,7.8,1,True,,0.00238,0.15139
CVE-2024-39482,5.5,1,True,,0.00238,0.15138
CVE-2024-49940,5.5,1,False,,0.00238,0.15124
CVE-2021-47146,5.5,1,True,,0.00238,0.1514
CVE-2024-50074,7.8,1,True,,0.00238,0.15049
CVE-2021-47305,5.5,1,True,,0.00238,0.15141
CVE-2024-35791,7.8,1,True,,0.00238,0.15106
CVE-2026-74575,7.0,1,True,,0.00238,0.15045
CVE-2024-53072,5.5,1,True,,0.00238,0.1512
CVE-2024-53103,7.8,1,True,,0.00238,0.15049
CVE-2024-49927,5.5,1,True,,0.00238,0.15065
CVE-2023-52851,7.8,1,True,,0.00238,0.1512
CVE-2024-58005,5.5,1,True,,0.00238,0.15072
CVE-2024-58052,5.5,1,True,,0.00238,0.15116
CVE-2024-49917,5.5,1,True,,0.00238,0.15084
CVE-2024-57948,5.5,1,True,,0.00238,0.15054
CVE-2024-49898,5.5,1,True,,0.00238,0.15084
CVE-2024-49915,5.5,1,True,,0.00238,0.15083
CVE-2024-26902,5.5,1,False,,0.00238,0.15061
CVE-2024-49897,5.5,1,True,,0.00238,0.15083
CVE-2024-49912,5.5,1,True,,0.00238,0.15085
CVE-2026-68278,7.3,1,True,,0.00238,0.15049
CVE-2022-48704,5.5,1,True,,0.00238,0.1514
CVE-2022-48641,5.5,1,True,,0.00238,0.15142
CVE-2021-47166,5.5,1,True,,0.00238,0.15141
CVE-2024-35962,5.5,1,True,,0.00238,0.15055
CVE-2024-26872,7.0,1,True,,0.00238,0.15095
CVE-2024-26874,4.7,2,True,,0.00238,0.15048
CVE-2024-26622,7.8,1,True,,0.00238,0.15095
CVE-2021-47177,5.5,1,True,,0.00238,0.15141
CVE-2024-42096,5.5,1,True,,0.00238,0.15072
CVE-2024-56658,7.8,1,True,,0.00238,0.15109
CVE-2023-52525,7.1,2,True,,0.00238,0.15156
CVE-2021-47054,5.5,1,True,,0.00238,0.15142
CVE-2023-1074,5.5,1,True,,0.00238,0.15163
CVE-2024-36957,5.5,1,True,,0.00238,0.15047
CVE-2024-36973,7.8,1,True,,0.00238,0.15115
CVE-2024-46809,5.5,1,True,,0.00238,0.15085
CVE-2024-35868,7.8,1,True,,0.00238,0.15118
CVE-2023-2176,7.8,1,True,,0.00238,0.15137
CVE-2023-52498,5.5,1,True,,0.00238,0.15107
CVE-2023-52646,5.5,1,True,,0.00238,0.15131
CVE-2024-26774,5.5,1,True,,0.00238,0.15061
CVE-2026-52943,7.8,1,True,,0.00238,0.15129
CVE-2023-52518,5.5,1,True,,0.00238,0.15166
CVE-2024-46702,5.5,1,True,,0.00238,0.15121
CVE-2024-26747,4.4,1,True,,0.00238,0.1508
CVE-2024-26669,7.1,1,False,,0.00238,0.15115
CVE-2023-53782,,1,True,,0.00237,0.14956
CVE-2024-39467,7.1,1,True,,0.00237,0.14959
CVE-2024-46802,5.5,1,True,,0.00237,0.14973
CVE-2025-21715,7.8,1,True,,0.00237,0.15022
CVE-2024-53156,7.8,1,True,,0.00237,0.15004
CVE-2023-52676,5.5,1,False,,0.00237,0.14989
CVE-2025-21638,5.5,1,True,,0.00237,0.14931
CVE-2024-38615,5.5,1,True,,0.00237,0.14981
CVE-2025-21640,5.5,1,True,,0.00237,0.14932
CVE-2024-53208,7.8,1,True,,0.00237,0.14955
CVE-2024-53229,5.5,1,True,,0.00237,0.15021
CVE-2023-54230,3.3,1,True,,0.00237,0.14958
CVE-2024-36941,5.5,2,True,,0.00237,0.15028
CVE-2023-52531,7.8,1,True,,0.00237,0.14952
CVE-2024-56551,7.8,1,True,,0.00237,0.14955
CVE-2024-43859,5.5,1,True,,0.00237,0.15023
CVE-2021-47485,7.8,1,True,,0.00237,0.14962
CVE-2024-56584,5.5,1,True,,0.00237,0.15021
CVE-2024-47707,5.5,1,True,,0.00237,0.15043
CVE-2024-47691,7.8,1,False,,0.00237,0.15027
CVE-2024-46725,7.8,1,True,,0.00237,0.15016
CVE-2024-42281,5.5,1,True,,0.00237,0.15024
CVE-2024-39488,5.5,1,True,,0.00237,0.14942
CVE-2024-42160,7.8,1,True,,0.00237,0.14959
CVE-2024-38588,7.8,1,True,,0.00237,0.15011
CVE-2025-38174,5.5,1,True,,0.00237,0.14957
CVE-2023-52617,4.4,1,True,,0.00237,0.1497
CVE-2024-39471,7.1,1,True,,0.00237,0.1496
CVE-2024-46773,5.5,1,True,,0.00237,0.14973
CVE-2024-52559,5.5,1,False,,0.00237,0.15044
CVE-2023-46343,5.5,2,True,,0.00237,0.15008
CVE-2024-49923,5.5,1,False,,0.00237,0.14974
CVE-2024-26795,5.5,1,True,,0.00237,0.15003
CVE-2024-26825,5.5,2,True,,0.00237,0.15025
CVE-2022-48702,7.8,1,True,,0.00237,0.15003
CVE-2024-43904,5.5,1,True,,0.00237,0.14942
CVE-2024-56603,7.8,1,True,,0.00237,0.1501
CVE-2024-46772,5.5,1,True,,0.00237,0.14973
CVE-2025-21846,5.5,1,True,,0.00237,0.15043
CVE-2024-35879,5.5,1,True,,0.00237,0.14989
CVE-2024-38580,4.7,1,True,,0.00237,0.14975
CVE-2024-34027,5.5,1,True,,0.00237,0.1497
CVE-2024-56582,7.8,1,True,,0.00237,0.14982
CVE-2024-27389,5.5,1,True,,0.00237,0.14988
CVE-2025-22045,5.5,1,True,,0.00237,0.14952
CVE-2024-49919,5.5,1,False,,0.00237,0.14974
CVE-2024-42068,5.5,1,True,,0.00237,0.14989
CVE-2025-40277,7.8,1,True,,0.00237,0.15002
CVE-2024-26820,5.5,2,True,,0.00237,0.15025
CVE-2024-26673,7.1,1,True,,0.00237,0.14986
CVE-2024-26765,5.5,1,True,,0.00236,0.14799
CVE-2024-47731,5.5,1,True,,0.00236,0.14826
CVE-2023-52662,5.5,1,True,,0.00236,0.14866
CVE-2024-26761,5.5,1,True,,0.00236,0.14805
CVE-2024-50103,5.5,1,True,,0.00236,0.14827
CVE-2024-43858,7.8,1,True,,0.00236,0.14891
CVE-2025-39848,5.5,1,True,,0.00236,0.14851
CVE-2022-48701,7.1,1,True,,0.00236,0.14919
CVE-2022-48724,5.5,1,True,,0.00236,0.14896
CVE-2026-68360,5.5,1,True,,0.00236,0.14914
CVE-2023-52787,5.5,1,True,,0.00236,0.14799
CVE-2023-52773,5.5,1,True,,0.00236,0.148
CVE-2021-47223,5.5,1,True,,0.00236,0.14896
CVE-2024-49871,5.5,1,True,,0.00236,0.14833
CVE-2024-49870,5.5,1,True,,0.00236,0.14827
CVE-2024-50000,5.5,1,True,,0.00236,0.14828
CVE-2024-36898,7.8,1,True,,0.00236,0.14864
CVE-2024-26646,5.5,1,True,,0.00236,0.14877
CVE-2023-52788,5.5,1,True,,0.00236,0.148
CVE-2024-49937,5.5,1,True,,0.00236,0.1483
CVE-2024-49961,5.5,1,True,,0.00236,0.14831
CVE-2024-50010,4.7,1,True,,0.00236,0.1487
CVE-2024-50019,5.5,1,True,,0.00236,0.14831
CVE-2024-45025,5.5,1,True,,0.00236,0.14807
CVE-2024-41014,7.1,1,True,,0.00236,0.1493
CVE-2024-50002,5.5,1,True,,0.00236,0.14832
CVE-2024-41095,5.5,1,True,,0.00236,0.14834
CVE-2021-47456,5.5,1,True,,0.00236,0.14892
CVE-2021-47276,5.5,1,True,,0.00236,0.14897
CVE-2021-47249,5.5,1,True,,0.00236,0.14896
CVE-2024-57998,7.8,1,True,,0.00236,0.1487
CVE-2023-52523,5.5,1,True,,0.00236,0.14863
CVE-2024-35804,5.5,1,True,,0.00236,0.14862
CVE-2021-47238,5.3,1,True,,0.00236,0.14896
CVE-2024-47728,5.5,1,True,,0.00236,0.14833
CVE-2021-47258,5.5,1,True,,0.00236,0.14898
CVE-2024-35860,5.5,1,False,,0.00236,0.14864
CVE-2024-35872,5.5,1,True,,0.00236,0.14864
CVE-2024-47683,5.5,1,True,,0.00236,0.14829
CVE-2024-56581,7.8,1,True,,0.00236,0.14843
CVE-2023-52803,5.5,1,True,,0.00236,0.14813
CVE-2024-46832,5.5,1,True,,0.00236,0.1483
CVE-2024-53230,5.5,1,True,,0.00236,0.14824
CVE-2024-49891,5.5,1,True,,0.00236,0.1483
CVE-2024-53155,7.1,1,True,,0.00236,0.14922
CVE-2024-41089,5.5,1,True,,0.00236,0.14834
CVE-2024-53187,5.5,1,False,,0.00236,0.14905
CVE-2021-47260,5.5,1,True,,0.00236,0.14898
CVE-2025-21664,5.5,1,True,,0.00236,0.14812
CVE-2024-26632,5.5,1,True,,0.00236,0.14878
CVE-2025-21792,5.5,1,True,,0.00236,0.14928
CVE-2024-53231,5.5,1,True,,0.00236,0.14825
CVE-2024-35983,5.5,1,True,,0.00236,0.14889
CVE-2024-53131,5.5,1,True,,0.00236,0.14885
CVE-2024-38554,5.5,1,True,,0.00236,0.14804
CVE-2024-26802,5.5,1,True,,0.00236,0.14877
CVE-2023-52849,5.5,1,True,,0.00236,0.14801
CVE-2024-46810,5.5,1,True,,0.00236,0.14828
CVE-2024-46807,5.5,1,True,,0.00236,0.1483
CVE-2024-50093,5.5,1,True,,0.00236,0.14828
CVE-2023-52763,5.5,1,True,,0.00236,0.148
CVE-2024-49954,5.5,1,True,,0.00236,0.14829
CVE-2024-49946,5.5,1,True,,0.00236,0.14829
CVE-2023-52770,5.5,1,False,,0.00236,0.14802
CVE-2024-43829,5.5,1,True,,0.00236,0.14852
CVE-2022-48688,5.5,1,True,,0.00236,0.14897
CVE-2024-43889,5.5,1,True,,0.00236,0.14892
CVE-2023-52792,5.5,1,True,,0.00236,0.14801
CVE-2023-54134,5.5,1,True,,0.00236,0.14852
CVE-2023-52815,5.5,1,True,,0.00236,0.148
CVE-2024-26588,7.8,1,True,,0.00236,0.14877
CVE-2024-50121,7.8,1,True,,0.00236,0.14843
CVE-2021-47250,5.5,1,True,,0.00236,0.14897
CVE-2021-47434,5.5,1,True,,0.00236,0.14897
CVE-2023-52868,7.8,2,True,,0.00236,0.14922
CVE-2023-52780,5.5,1,True,,0.00235,0.14762
CVE-2024-56589,5.5,1,True,,0.00235,0.14774
CVE-2021-46921,5.5,1,True,,0.00235,0.14758
CVE-2024-0340,5.5,2,True,,0.00235,0.14644
CVE-2024-42296,5.5,1,True,,0.00235,0.14727
CVE-2023-52856,5.5,1,True,,0.00235,0.14763
CVE-2024-49922,5.5,1,False,,0.00235,0.14684
CVE-2022-48732,7.8,1,True,,0.00235,0.14727
CVE-2024-42094,7.1,1,True,,0.00235,0.14676
CVE-2025-21905,7.1,1,True,,0.00235,0.14729
CVE-2024-49926,5.5,1,False,,0.00235,0.14683
CVE-2024-49901,5.5,1,False,,0.00235,0.1468
CVE-2021-47170,5.5,1,True,,0.00235,0.1477
CVE-2024-46776,5.5,1,False,,0.00235,0.1468
CVE-2023-53226,5.5,1,True,,0.00235,0.1475
CVE-2024-38635,7.1,1,True,,0.00235,0.14653
CVE-2024-57904,7.8,1,True,,0.00235,0.1469
CVE-2024-50108,5.5,1,True,,0.00235,0.14682
CVE-2021-4439,7.8,1,True,,0.00235,0.14727
CVE-2024-56575,5.5,1,True,,0.00235,0.14774
CVE-2024-56572,5.5,1,True,,0.00235,0.14774
CVE-2023-52850,5.5,1,True,,0.00235,0.14764
CVE-2024-50067,7.8,1,True,,0.00235,0.14734
CVE-2024-46806,5.5,1,False,,0.00235,0.14681
CVE-2024-46835,5.5,1,True,,0.00235,0.14684
CVE-2024-50026,5.5,1,True,,0.00235,0.14684
CVE-2023-52674,5.5,1,True,,0.00235,0.14729
CVE-2021-47538,5.5,1,True,,0.00235,0.14768
CVE-2021-47549,7.8,1,True,,0.00235,0.14726
CVE-2024-53105,5.5,1,True,,0.00235,0.14682
CVE-2024-42118,7.8,1,False,,0.00235,0.14673
CVE-2024-50111,5.5,1,False,,0.00235,0.14682
CVE-2024-26996,7.8,1,True,,0.00235,0.14715
CVE-2025-21779,5.5,1,True,,0.00235,0.14655
CVE-2024-56570,7.8,1,True,,0.00235,0.1469
CVE-2021-47579,5.5,1,True,,0.00235,0.14768
CVE-2022-1195,5.5,1,True,,0.00235,0.1465
CVE-2024-26895,7.8,1,True,,0.00235,0.1465
CVE-2024-53180,5.5,1,True,,0.00235,0.14773
CVE-2026-46320,5.5,1,True,,0.00235,0.14766
CVE-2024-53175,5.5,1,True,,0.00235,0.14774
CVE-2024-42224,6.1,1,True,,0.00235,0.14646
CVE-2022-48628,5.5,1,True,,0.00235,0.14777
CVE-2025-21862,5.5,1,True,,0.00235,0.14793
CVE-2023-52519,7.1,1,True,,0.00235,0.14773
CVE-2025-39726,4.7,1,False,,0.00235,0.14792
CVE-2024-58013,7.1,1,True,,0.00235,0.14704
CVE-2024-42271,7.8,1,True,,0.00235,0.14743
CVE-2024-50098,5.5,1,True,,0.00235,0.14684
CVE-2024-36890,5.5,1,True,,0.00235,0.14726
CVE-2022-48636,5.5,1,True,,0.00235,0.14726
CVE-2021-47217,5.5,1,True,,0.00235,0.14769
CVE-2024-35801,5.5,1,True,,0.00235,0.1473
CVE-2025-38377,7.8,1,True,,0.00235,0.14776
CVE-2024-56597,7.1,1,True,,0.00235,0.1469
CVE-2026-80789,,1,True,,0.00234,0.14576
CVE-2024-56578,5.5,1,True,,0.00234,0.14544
CVE-2024-35819,5.5,2,True,,0.00234,0.14626
CVE-2024-42279,5.5,1,False,,0.00234,0.14581
CVE-2025-68346,6.8,1,True,,0.00234,0.14632
CVE-2024-36906,7.8,1,True,,0.00234,0.14579
CVE-2024-43832,5.5,1,True,,0.00234,0.14582
CVE-2021-47296,5.5,1,True,,0.00234,0.14582
CVE-2021-47288,7.1,1,True,,0.00234,0.14619
CVE-2021-47293,7.8,1,True,,0.00234,0.14583
CVE-2024-47740,5.5,1,True,,0.00234,0.14568
CVE-2024-50059,7.0,1,True,,0.00234,0.14622
CVE-2024-38568,7.8,1,True,,0.00234,0.14583
CVE-2024-50063,7.8,1,True,,0.00234,0.14569
CVE-2024-38569,7.8,1,True,,0.00234,0.14581
CVE-2024-26807,5.5,1,True,,0.00234,0.14579
CVE-2026-80800,,1,True,,0.00234,0.14576
CVE-2024-26608,5.5,1,True,,0.00234,0.14581
CVE-2026-80798,,1,True,,0.00234,0.14575
CVE-2026-80799,,1,True,,0.00234,0.14575
CVE-2025-21678,5.5,1,True,,0.00234,0.14533
CVE-2021-47547,6.1,1,True,,0.00234,0.14516
CVE-2024-38550,4.4,1,True,,0.00234,0.14548
CVE-2023-5090,5.5,1,True,,0.00234,0.14512
CVE-2024-53194,5.5,1,True,,0.00234,0.14624
CVE-2024-50271,5.5,1,True,,0.00234,0.14639
CVE-2024-56567,5.5,1,True,,0.00234,0.14545
CVE-2024-56569,5.5,1,True,,0.00234,0.14545
CVE-2024-56579,5.5,1,True,,0.00234,0.14623
CVE-2022-48738,7.1,1,True,,0.00234,0.1462
CVE-2024-35893,5.5,2,True,,0.00234,0.14626
CVE-2024-42304,5.5,1,True,,0.00234,0.14596
CVE-2024-42138,7.8,1,True,,0.00234,0.14579
CVE-2024-56599,5.5,1,True,,0.00234,0.14595
CVE-2021-47425,5.5,1,True,,0.00234,0.14513
CVE-2024-42147,7.8,1,True,,0.00234,0.1458
CVE-2021-47416,5.5,1,True,,0.00234,0.14514
CVE-2021-47418,5.5,1,True,,0.00234,0.14514
CVE-2024-42301,7.8,1,True,,0.00234,0.1461
CVE-2024-42136,7.8,1,True,,0.00234,0.1458
CVE-2024-56588,5.5,1,False,,0.00234,0.14623
CVE-2021-47261,7.8,1,True,,0.00234,0.14578
CVE-2024-35851,5.5,1,True,,0.00234,0.14627
CVE-2024-36918,5.5,1,True,,0.00234,0.14577
CVE-2024-44939,5.5,1,True,,0.00234,0.14595
CVE-2024-26838,5.5,1,True,,0.00234,0.14583
CVE-2024-46760,5.5,1,False,,0.00234,0.14639
CVE-2024-50195,5.5,1,True,,0.00234,0.1459
CVE-2024-26789,5.5,1,True,,0.00234,0.14583
CVE-2026-68480,8.8,1,True,,0.00234,0.14635
CVE-2024-42295,5.5,1,True,,0.00234,0.14612
CVE-2024-26813,5.5,1,True,,0.00234,0.14531
CVE-2024-35944,5.5,2,True,,0.00234,0.14626
CVE-2023-52607,5.5,2,True,,0.00234,0.1453
CVE-2024-26656,5.5,1,True,,0.00234,0.14552
CVE-2024-43854,5.5,1,True,,0.00234,0.14586
CVE-2024-27414,5.5,1,True,,0.00234,0.14609
CVE-2024-41097,5.5,1,True,,0.00234,0.1453
CVE-2023-4385,5.5,1,True,,0.00233,0.14509
CVE-2024-46782,7.8,1,True,,0.00233,0.14441
CVE-2024-36009,5.5,1,True,,0.00233,0.14468
CVE-2024-26718,5.5,1,True,,0.00233,0.14466
CVE-2024-26951,7.8,1,True,,0.00233,0.14388
CVE-2024-56723,5.5,1,True,,0.00233,0.14441
CVE-2021-47256,5.5,1,True,,0.00233,0.14463
CVE-2024-50186,7.8,1,True,,0.00233,0.14445
CVE-2024-47751,7.8,1,True,,0.00233,0.1442
CVE-2021-47606,5.5,1,True,,0.00233,0.14393
CVE-2024-36931,7.1,1,True,,0.00233,0.14496
CVE-2025-39806,7.1,1,True,,0.00233,0.14442
CVE-2023-52597,4.0,2,True,,0.00233,0.14398
CVE-2024-42089,5.5,1,True,,0.00233,0.14459
CVE-2024-38585,7.1,1,True,,0.00233,0.14497
CVE-2024-42137,5.5,1,True,,0.00233,0.14427
CVE-2025-21863,7.8,1,True,,0.00233,0.14469
CVE-2025-39995,,1,True,,0.00233,0.14507
CVE-2023-52565,7.1,1,True,,0.00233,0.14497
CVE-2025-39996,4.7,1,True,,0.00233,0.14508
CVE-2025-68304,5.5,1,False,,0.00233,0.1441
CVE-2024-46721,5.5,1,True,,0.00233,0.14389
CVE-2024-45000,5.5,1,True,,0.00233,0.14471
CVE-2024-36005,5.5,1,True,,0.00233,0.14422
CVE-2024-46854,7.1,1,True,,0.00233,0.14445
CVE-2024-36939,5.5,1,True,,0.00233,0.14422
CVE-2023-52477,5.5,2,True,,0.00233,0.14478
CVE-2024-42223,5.5,1,True,,0.00233,0.14421
CVE-2024-46707,5.5,1,True,,0.00233,0.1451
CVE-2024-50179,5.5,1,True,,0.00233,0.1449
CVE-2024-38388,4.4,1,True,,0.00233,0.14484
CVE-2024-53213,7.8,1,True,,0.00233,0.14398
CVE-2021-46934,3.3,1,True,,0.00233,0.14442
CVE-2025-21687,7.8,1,True,,0.00233,0.14483
CVE-2024-42069,5.5,1,True,,0.00233,0.14505
CVE-2025-21682,5.5,1,True,,0.00233,0.1448
CVE-2024-39276,5.5,2,True,,0.00233,0.1446
CVE-2024-41072,5.5,1,True,,0.00233,0.14422
CVE-2023-52678,5.5,1,True,,0.00233,0.14428
CVE-2021-47068,7.8,1,True,,0.00233,0.14388
CVE-2024-35825,5.5,2,True,,0.00232,0.14299
CVE-2026-80914,,1,False,,0.00232,0.14328
CVE-2024-53220,5.5,1,True,,0.00232,0.14308
CVE-2024-35822,5.5,2,True,,0.00232,0.14299
CVE-2024-27431,5.5,1,True,,0.00232,0.14363
CVE-2024-58093,7.8,1,True,,0.00232,0.1428
CVE-2023-52644,6.3,2,True,,0.00232,0.14281
CVE-2024-35936,5.5,2,True,,0.00232,0.14299
CVE-2024-58034,7.8,1,True,,0.00232,0.14276
CVE-2025-37790,5.5,1,True,,0.00232,0.14295
CVE-2026-53361,7.8,1,True,,0.00232,0.14267
CVE-2024-39282,5.5,1,True,,0.00232,0.14278
CVE-2020-27784,5.5,1,True,,0.00232,0.14312
CVE-2024-50182,5.5,1,True,,0.00232,0.14356
CVE-2024-56739,5.5,1,True,,0.00232,0.14294
CVE-2024-49861,7.1,1,True,,0.00232,0.14367
CVE-2024-26822,5.5,1,True,,0.00232,0.14283
CVE-2024-27011,5.5,1,False,,0.00232,0.14378
CVE-2023-52501,7.1,1,True,,0.00232,0.14363
CVE-2025-21848,5.5,1,True,,0.00232,0.14303
CVE-2024-35785,7.1,1,True,,0.00232,0.14362
CVE-2025-21700,6.4,1,True,,0.00232,0.14332
CVE-2026-74356,5.5,1,False,,0.00232,0.14387
CVE-2025-68287,5.5,1,True,,0.00232,0.14377
CVE-2023-52682,7.1,1,True,,0.00232,0.14348
CVE-2024-26983,7.8,1,True,,0.00232,0.14374
CVE-2024-26992,3.3,1,True,,0.00232,0.14264
CVE-2024-26607,4.7,1,True,,0.00232,0.14365
CVE-2024-50072,5.5,1,True,,0.00232,0.14268
CVE-2024-53099,7.1,1,True,,0.00232,0.14365
CVE-2022-3521,2.5,1,True,,0.00232,0.14378
CVE-2024-50038,5.5,1,True,,0.00232,0.143
CVE-2025-21669,5.5,1,True,,0.00232,0.14283
CVE-2024-56583,5.5,1,False,,0.00231,0.14187
CVE-2023-52435,5.5,1,True,,0.00231,0.14231
CVE-2023-52458,5.5,1,True,,0.00231,0.14231
CVE-2023-52457,7.8,1,True,,0.00231,0.1419
CVE-2023-52483,7.8,1,True,,0.00231,0.14174
CVE-2024-50146,5.5,1,True,,0.00231,0.14205
CVE-2025-21726,7.0,1,True,,0.00231,0.14199
CVE-2023-1855,6.3,1,True,,0.00231,0.14222
CVE-2024-50051,7.8,1,True,,0.00231,0.1415
CVE-2024-43840,5.5,1,True,,0.00231,0.14223
CVE-2021-46990,5.5,1,True,,0.00231,0.14207
CVE-2024-50202,5.5,1,True,,0.00231,0.14262
CVE-2026-68359,,1,True,,0.00231,0.14191
CVE-2024-35885,5.5,1,True,,0.00231,0.14252
CVE-2024-42290,5.5,1,True,,0.00231,0.14207
CVE-2024-44949,7.8,1,True,,0.00231,0.14206
CVE-2024-42273,5.5,1,True,,0.00231,0.14175
CVE-2023-52889,5.5,1,True,,0.00231,0.14207
CVE-2024-42246,5.5,1,True,,0.00231,0.14238
CVE-2025-68345,5.5,1,True,,0.00231,0.14158
CVE-2024-26676,5.5,1,True,,0.00231,0.14127
CVE-2024-46686,5.5,1,True,,0.00231,0.14194
CVE-2024-40981,5.5,1,True,,0.00231,0.1416
CVE-2024-42097,5.5,1,True,,0.00231,0.14244
CVE-2023-52637,7.8,1,True,,0.00231,0.1419
CVE-2024-26836,7.8,1,False,,0.00231,0.14174
CVE-2023-4133,5.5,1,False,,0.00231,0.14168
CVE-2024-50012,5.5,1,True,,0.00231,0.14168
CVE-2024-26919,5.5,1,True,,0.00231,0.14199
CVE-2023-52572,7.8,1,True,,0.00231,0.1419
CVE-2024-36953,5.5,1,True,,0.00231,0.14145
CVE-2024-50147,5.5,1,True,,0.00231,0.14205
CVE-2024-26843,6.0,1,True,,0.00231,0.14236
CVE-2024-26830,6.3,1,True,,0.00231,0.14181
CVE-2024-26891,5.5,1,True,,0.00231,0.14207
CVE-2024-36007,5.5,1,True,,0.00231,0.14244
CVE-2024-46783,5.5,1,True,,0.00231,0.14242
CVE-2021-47153,7.1,1,True,,0.00231,0.14156
CVE-2024-38637,5.5,2,True,,0.00231,0.14153
CVE-2024-50009,5.5,1,False,,0.00231,0.14172
CVE-2024-47710,5.5,1,True,,0.00231,0.14262
CVE-2023-52532,5.5,1,True,,0.00231,0.14252
CVE-2024-53127,5.5,1,True,,0.00231,0.14164
CVE-2021-4135,5.5,1,True,,0.00231,0.1424
CVE-2026-23037,,1,True,,0.0023,0.14109
CVE-2026-23030,,1,True,,0.0023,0.14109
CVE-2024-26964,5.5,1,True,,0.0023,0.14123
CVE-2025-21920,7.1,1,True,,0.0023,0.1409
CVE-2024-56747,5.5,1,True,,0.0023,0.14049
CVE-2025-21928,7.8,1,True,,0.0023,0.14067
CVE-2024-26717,5.5,1,True,,0.0023,0.14009
CVE-2024-41012,6.3,1,True,,0.0023,0.14052
CVE-2024-27015,5.5,1,True,,0.0023,0.1405
CVE-2024-53091,5.5,1,False,,0.0023,0.14074
CVE-2024-56748,5.5,1,True,,0.0023,0.14049
CVE-2024-43894,5.5,1,True,,0.0023,0.14067
CVE-2023-52875,5.5,2,True,,0.0023,0.14118
CVE-2021-47121,5.5,1,True,,0.0023,0.1405
CVE-2024-26865,7.8,1,True,,0.0023,0.14002
CVE-2024-41070,7.8,1,True,,0.0023,0.14071
CVE-2024-42080,5.5,1,True,,0.0023,0.1407
CVE-2024-53130,5.5,1,True,,0.0023,0.14036
CVE-2023-52528,5.5,2,True,,0.0023,0.14109
CVE-2024-39301,5.5,2,True,,0.0023,0.14098
CVE-2021-46966,7.8,1,True,,0.0023,0.14007
CVE-2024-26595,5.5,1,True,,0.0023,0.14009
CVE-2024-26591,5.5,1,True,,0.0023,0.14009
CVE-2025-37923,7.8,1,True,,0.0023,0.14096
CVE-2024-53125,5.5,1,True,,0.0023,0.14053
CVE-2024-47738,3.3,1,True,,0.0023,0.14021
CVE-2024-45011,5.5,1,True,,0.0023,0.14064
CVE-2023-52529,6.0,1,True,,0.0023,0.14114
CVE-2024-36903,5.5,1,True,,0.0023,0.1405
CVE-2024-26644,5.5,1,True,,0.0023,0.14123
CVE-2024-43846,5.5,1,True,,0.0023,0.14066
CVE-2023-52571,3.3,1,True,,0.0023,0.14093
CVE-2024-50187,5.5,1,True,,0.0023,0.14074
CVE-2026-68414,5.5,1,True,,0.0023,0.14032
CVE-2024-42313,7.8,1,True,,0.0023,0.14016
CVE-2024-35855,7.8,1,True,,0.0023,0.14107
CVE-2024-26947,5.5,1,False,,0.0023,0.14009
CVE-2024-58006,5.5,1,False,,0.0023,0.14105
CVE-2024-47809,5.5,1,True,,0.0023,0.14121
CVE-2024-35247,5.5,1,True,,0.0023,0.14097
CVE-2024-50155,7.8,1,True,,0.0023,0.14063
CVE-2024-38581,7.8,1,True,,0.0023,0.14003
CVE-2024-50126,7.8,1,True,,0.0023,0.14119
CVE-2024-39475,5.5,1,True,,0.00229,0.13997
CVE-2024-35896,7.1,1,True,,0.00229,0.13905
CVE-2024-45022,5.5,1,True,,0.00229,0.13971
CVE-2025-21972,5.5,1,False,,0.00229,0.13958
CVE-2023-54178,,1,True,,0.00229,0.13896
CVE-2024-46732,5.5,1,True,,0.00229,0.13943
CVE-2024-42084,5.5,1,True,,0.00229,0.13929
CVE-2025-40341,3.3,1,True,,0.00229,0.13988
CVE-2024-50292,5.5,1,True,,0.00229,0.1396
CVE-2024-50295,5.5,1,True,,0.00229,0.13959
CVE-2025-39864,7.8,1,True,,0.00229,0.13978
CVE-2023-52635,5.5,1,True,,0.00229,0.13973
CVE-2024-50194,5.5,1,True,,0.00229,0.13994
CVE-2024-56769,5.5,1,True,,0.00229,0.13927
CVE-2024-35799,5.5,1,False,,0.00229,0.13916
CVE-2024-56602,7.8,1,True,,0.00229,0.13952
CVE-2024-56643,5.5,1,True,,0.00229,0.13918
CVE-2024-56675,7.8,1,True,,0.00229,0.13949
CVE-2023-54282,3.3,1,True,,0.00229,0.13969
CVE-2025-21866,5.5,1,True,,0.00229,0.13905
CVE-2024-35907,5.5,1,True,,0.00229,0.13902
CVE-2024-50205,5.5,1,True,,0.00229,0.13993
CVE-2023-1513,3.3,1,True,,0.00229,0.13941
CVE-2021-47566,7.8,1,True,,0.00229,0.13943
CVE-2021-47483,7.8,1,True,,0.00229,0.13943
CVE-2024-56549,5.5,1,True,,0.00229,0.13927
CVE-2024-53680,5.5,1,True,,0.00229,0.13918
CVE-2024-35956,5.5,1,True,,0.00229,0.13944
CVE-2026-63892,5.5,1,True,,0.00229,0.13988
CVE-2023-52577,5.5,2,True,,0.00229,0.13921
CVE-2023-53454,7.8,1,True,,0.00229,0.13903
CVE-2024-42244,5.5,1,True,,0.00229,0.13997
CVE-2024-53128,5.5,1,True,,0.00229,0.13961
CVE-2021-46935,5.5,1,True,,0.00229,0.1397
CVE-2021-47565,7.8,1,True,,0.00229,0.13943
CVE-2024-53157,5.5,1,True,,0.00229,0.13957
CVE-2024-53161,5.5,1,True,,0.00229,0.13957
CVE-2024-58069,7.8,1,True,,0.00229,0.1396
CVE-2021-47239,7.8,1,True,,0.00228,0.13883
CVE-2021-47236,5.5,1,True,,0.00228,0.13888
CVE-2024-42126,5.5,1,True,,0.00228,0.13887
CVE-2025-21957,5.5,1,True,,0.00228,0.13892
CVE-2024-56609,7.8,1,True,,0.00228,0.13783
CVE-2024-56663,7.1,1,True,,0.00228,0.13893
CVE-2024-35904,5.5,1,False,,0.00228,0.13752
CVE-2024-35796,5.5,1,True,,0.00228,0.13792
CVE-2024-36920,5.5,1,True,,0.00228,0.13746
CVE-2023-52567,5.5,2,True,,0.00228,0.13792
CVE-2025-21956,5.5,1,True,,0.00228,0.13891
CVE-2025-21919,7.8,1,True,,0.00228,0.13848
CVE-2024-26727,5.5,1,True,,0.00228,0.13807
CVE-2023-52690,5.5,1,True,,0.00228,0.13791
CVE-2024-26687,5.5,1,True,,0.00228,0.13888
CVE-2023-52694,5.5,1,True,,0.00228,0.13791
CVE-2024-26680,5.5,1,True,,0.00228,0.13746
CVE-2023-52486,5.5,2,True,,0.00228,0.13814
CVE-2024-49945,5.5,1,False,,0.00228,0.13832
CVE-2022-48693,5.5,1,True,,0.00228,0.13808
CVE-2022-48630,5.5,1,True,,0.00228,0.13791
CVE-2024-26829,5.5,1,True,,0.00228,0.13807
CVE-2024-42087,5.5,1,True,,0.00228,0.13883
CVE-2024-26833,5.5,1,True,,0.00228,0.13808
CVE-2024-33847,5.5,1,True,,0.00228,0.13759
CVE-2025-39952,7.8,1,False,,0.00228,0.13815
CVE-2021-47235,7.8,1,True,,0.00228,0.13884
CVE-2024-50128,7.1,1,True,,0.00228,0.1388
CVE-2024-42309,5.5,1,True,,0.00228,0.13833
CVE-2024-42310,5.5,1,True,,0.00228,0.13834
CVE-2025-21864,5.5,1,True,,0.00228,0.13868
CVE-2025-21794,7.1,1,True,,0.00228,0.1387
CVE-2024-46694,5.5,1,True,,0.00228,0.1383
CVE-2024-57984,7.0,1,False,,0.00228,0.13771
CVE-2025-22054,5.5,1,True,,0.00228,0.13892
CVE-2025-21999,6.4,1,True,,0.00228,0.13813
CVE-2024-50242,7.8,1,True,,0.00228,0.13826
CVE-2025-22073,5.5,1,True,,0.00228,0.13892
CVE-2024-46726,5.5,1,True,,0.00228,0.13809
CVE-2024-42229,4.1,1,True,,0.00228,0.13848
CVE-2023-52476,5.5,1,True,,0.00228,0.13851
CVE-2024-38611,5.5,1,True,,0.00228,0.13823
CVE-2025-21639,5.5,1,True,,0.00228,0.13869
CVE-2024-50250,7.1,1,True,,0.00228,0.13871
CVE-2024-42077,5.5,1,True,,0.00228,0.13793
CVE-2024-50247,7.1,1,True,,0.00228,0.13826
CVE-2024-50041,5.5,1,True,,0.00228,0.13879
CVE-2024-35790,5.5,1,True,,0.00228,0.13792
CVE-2024-39484,5.5,1,True,,0.00228,0.13753
CVE-2021-46932,5.5,1,True,,0.00228,0.13887
CVE-2024-53051,5.5,1,False,,0.00228,0.13885
CVE-2023-53861,4.7,1,True,,0.00228,0.13768
CVE-2024-53081,5.5,1,True,,0.00228,0.13773
CVE-2024-38667,7.8,1,True,,0.00228,0.13845
CVE-2021-47122,5.5,1,True,,0.00228,0.13808
CVE-2024-38571,5.5,1,True,,0.00228,0.13808
CVE-2024-38561,7.0,1,True,,0.00227,0.13731
CVE-2024-26700,5.5,1,True,,0.00227,0.13675
CVE-2024-53097,5.5,1,True,,0.00227,0.13697
CVE-2024-26634,5.5,1,True,,0.00227,0.13676
CVE-2026-89575,7.0,1,False,,0.00227,0.13733
CVE-2026-90393,,1,False,,0.00227,0.13618
CVE-2023-1990,4.7,1,True,,0.00227,0.13708
CVE-2025-38512,7.8,1,True,,0.00227,0.1363
CVE-2024-50184,5.5,1,True,,0.00227,0.13696
CVE-2023-54266,,1,True,,0.00227,0.1362
CVE-2024-26893,5.5,1,True,,0.00227,0.13672
CVE-2024-36930,5.5,1,True,,0.00227,0.13673
CVE-2024-42322,5.5,1,True,,0.00227,0.13736
CVE-2023-52582,5.5,1,True,,0.00227,0.13657
CVE-2024-57999,5.5,1,False,,0.00227,0.13609
CVE-2025-21812,7.8,1,True,,0.00227,0.1368
CVE-2024-26940,5.5,1,True,,0.00227,0.13677
CVE-2024-43914,5.5,1,True,,0.00227,0.13729
CVE-2024-36928,4.1,1,True,,0.00227,0.13701
CVE-2024-42302,7.8,1,True,,0.00227,0.13668
CVE-2024-58020,5.5,1,True,,0.00227,0.13681
CVE-2024-58001,5.5,1,True,,0.00227,0.13617
CVE-2024-42129,5.5,1,True,,0.00227,0.13676
CVE-2024-35800,5.5,1,True,,0.00227,0.13659
CVE-2023-52800,4.4,1,True,,0.00227,0.13744
CVE-2024-43861,5.5,1,True,,0.00227,0.13729
CVE-2024-39298,5.5,1,True,,0.00227,0.13646
CVE-2024-44935,5.5,1,True,,0.00227,0.13728
CVE-2024-35961,5.5,1,False,,0.00227,0.13658
CVE-2024-43880,5.5,1,True,,0.00227,0.13696
CVE-2024-47747,7.0,1,True,,0.00227,0.13647
CVE-2024-26714,5.5,1,True,,0.00227,0.13675
CVE-2024-35981,5.5,1,True,,0.00227,0.13623
CVE-2021-47206,5.5,1,True,,0.00227,0.13638
CVE-2022-48754,5.6,1,True,,0.00227,0.13641
CVE-2023-52627,4.4,1,True,,0.00227,0.13638
CVE-2024-46716,5.5,1,True,,0.00227,0.13696
CVE-2024-50208,5.5,1,True,,0.00227,0.137
CVE-2024-56562,5.5,1,True,,0.00227,0.13648
CVE-2024-42314,7.8,1,True,,0.00227,0.13618
CVE-2025-22104,7.1,1,True,,0.00227,0.13646
CVE-2023-53856,5.5,1,True,,0.00227,0.13743
CVE-2024-35925,5.5,2,True,,0.00227,0.13729
CVE-2024-41088,5.5,1,True,,0.00227,0.13673
CVE-2024-36897,5.5,1,True,,0.00227,0.13674
CVE-2024-36891,5.5,1,True,,0.00227,0.13673
CVE-2024-36893,5.5,1,True,,0.00227,0.13674
CVE-2023-53462,5.5,1,True,,0.00227,0.13662
CVE-2023-52680,5.5,1,True,,0.00227,0.13656
CVE-2023-52677,5.5,1,True,,0.00227,0.13656
CVE-2023-53848,4.7,1,True,,0.00227,0.13743
CVE-2024-56594,5.5,1,True,,0.00227,0.13648
CVE-2024-35900,5.5,1,True,,0.00227,0.13728
CVE-2026-72441,5.5,1,True,,0.00227,0.13618
CVE-2026-23230,5.5,1,True,,0.00227,0.13623
CVE-2024-26835,5.5,1,True,,0.00227,0.13661
CVE-2023-46862,4.7,1,True,,0.00227,0.13619
CVE-2025-21904,5.5,1,True,,0.00226,0.13539
CVE-2021-47237,5.5,1,True,,0.00226,0.13547
CVE-2021-47165,5.5,1,True,,0.00226,0.13546
CVE-2024-26788,5.5,1,True,,0.00226,0.13542
CVE-2021-47149,5.5,1,True,,0.00226,0.13545
CVE-2021-47445,5.5,1,True,,0.00226,0.13543
CVE-2024-26787,5.5,1,True,,0.00226,0.13544
CVE-2021-47443,5.5,1,True,,0.00226,0.13544
CVE-2025-21969,7.8,1,False,,0.00226,0.13499
CVE-2021-46924,5.5,1,True,,0.00226,0.13546
CVE-2021-47180,5.5,1,True,,0.00226,0.13542
CVE-2025-21922,5.5,1,True,,0.00226,0.13539
CVE-2023-52573,5.5,1,True,,0.00226,0.1355
CVE-2026-63904,5.5,1,True,,0.00226,0.13505
CVE-2025-21898,5.5,1,True,,0.00226,0.13538
CVE-2021-47257,5.5,1,True,,0.00226,0.13551
CVE-2026-63899,7.0,1,True,,0.00226,0.13505
CVE-2024-42267,5.5,1,True,,0.00226,0.13547
CVE-2021-47297,5.5,1,True,,0.00226,0.13543
CVE-2021-47252,5.5,1,True,,0.00226,0.13551
CVE-2021-47270,5.5,1,True,,0.00226,0.13549
CVE-2021-47284,5.5,1,True,,0.00226,0.1357
CVE-2023-52527,5.5,2,True,,0.00226,0.13543
CVE-2026-63901,7.0,1,True,,0.00226,0.13505
CVE-2024-26970,5.5,1,True,,0.00226,0.13548
CVE-2021-47229,5.5,1,True,,0.00226,0.13545
CVE-2024-42277,5.5,1,True,,0.00226,0.13547
CVE-2026-80744,,1,True,,0.00226,0.13588
CVE-2024-43853,5.5,1,True,,0.00226,0.13602
CVE-2024-46786,7.8,1,True,,0.00226,0.13489
CVE-2026-89732,4.1,1,False,,0.00226,0.13593
CVE-2024-41082,5.5,1,False,,0.00226,0.13515
CVE-2021-47086,5.5,1,True,,0.00226,0.13549
CVE-2021-47161,4.4,1,True,,0.00226,0.1355
CVE-2025-21689,5.5,1,True,,0.00226,0.13516
CVE-2024-42269,5.5,1,True,,0.00226,0.13546
CVE-2023-52879,5.5,1,True,,0.00226,0.13523
CVE-2024-26977,5.5,1,True,,0.00226,0.13545
CVE-2024-42305,5.5,1,True,,0.00226,0.13575
CVE-2024-41935,7.1,1,False,,0.00226,0.13516
CVE-2024-42270,5.5,1,True,,0.00226,0.13547
CVE-2025-21731,6.7,1,True,,0.00226,0.13585
CVE-2022-3707,5.5,1,True,,0.00226,0.13532
CVE-2024-36006,5.5,1,True,,0.00226,0.1349
CVE-2024-42291,5.5,1,True,,0.00226,0.13542
CVE-2021-47442,5.5,1,True,,0.00226,0.13545
CVE-2024-46710,4.7,1,True,,0.00226,0.1354
CVE-2023-52462,5.5,1,True,,0.00226,0.1359
CVE-2021-47436,5.5,1,True,,0.00226,0.13544
CVE-2021-47114,5.5,1,True,,0.00226,0.13549
CVE-2021-47020,5.5,1,True,,0.00226,0.1355
CVE-2021-47056,5.5,1,True,,0.00226,0.13543
CVE-2024-27030,6.3,1,True,,0.00226,0.13554
CVE-2021-47181,5.5,1,True,,0.00226,0.13542
CVE-2021-47207,5.5,1,True,,0.00226,0.13548
CVE-2021-47216,5.5,1,True,,0.00226,0.13549
CVE-2024-38632,5.5,1,True,,0.00226,0.13524
CVE-2025-38000,7.8,1,True,,0.00226,0.13511
CVE-2024-26707,5.5,1,True,,0.00226,0.1355
CVE-2024-36023,5.5,1,True,,0.00226,0.13587
CVE-2025-39860,7.8,1,True,,0.00226,0.13567
CVE-2021-47231,5.1,1,True,,0.00226,0.13548
CVE-2024-56659,5.5,1,True,,0.00226,0.13565
CVE-2023-52633,5.0,1,True,,0.00226,0.13568
CVE-2021-47173,5.5,1,True,,0.00226,0.13541
CVE-2021-47169,5.5,1,True,,0.00226,0.13546
CVE-2025-21910,5.5,1,True,,0.00226,0.13538
CVE-2023-52500,5.5,1,True,,0.00226,0.13593
CVE-2024-50013,5.5,1,True,,0.00225,0.13349
CVE-2024-26876,5.5,1,False,,0.00225,0.13426
CVE-2023-52648,5.5,1,False,,0.00225,0.13418
CVE-2024-36900,5.5,1,True,,0.00225,0.13424
CVE-2024-43833,5.5,1,True,,0.00225,0.13418
CVE-2024-38575,5.5,1,True,,0.00225,0.13411
CVE-2024-26661,4.4,1,False,,0.00225,0.13421
CVE-2024-41077,5.5,1,True,,0.00225,0.1344
CVE-2024-40912,5.5,1,True,,0.00225,0.13434
CVE-2024-26803,5.5,1,True,,0.00225,0.1341
CVE-2024-26896,5.5,1,True,,0.00225,0.13415
CVE-2024-44950,5.5,1,True,,0.00225,0.1339
CVE-2024-45007,5.5,1,True,,0.00225,0.13406
CVE-2024-35828,5.5,2,True,,0.00225,0.13391
CVE-2024-36937,5.5,1,True,,0.00225,0.13412
CVE-2024-26943,5.5,1,True,,0.00225,0.13413
CVE-2024-43818,5.5,1,True,,0.00225,0.13417
CVE-2024-36917,5.5,1,True,,0.00225,0.13411
CVE-2023-52876,5.5,1,True,,0.00225,0.13439
CVE-2023-52561,3.3,1,True,,0.00225,0.13426
CVE-2025-40339,5.5,1,False,,0.00225,0.13409
CVE-2024-26681,5.5,1,True,,0.00225,0.13411
CVE-2024-42128,5.5,1,False,,0.00225,0.13367
CVE-2021-47150,5.5,1,True,,0.00225,0.13414
CVE-2024-41093,5.5,1,True,,0.00225,0.13431
CVE-2023-52631,5.5,1,True,,0.00225,0.13421
CVE-2024-44942,7.8,1,False,,0.00225,0.1343
CVE-2021-47210,5.5,1,True,,0.00225,0.13419
CVE-2024-36000,5.5,1,True,,0.00225,0.13355
CVE-2023-52580,5.5,1,True,,0.00225,0.13418
CVE-2024-42142,5.5,1,True,,0.00225,0.13416
CVE-2024-0775,7.1,1,True,,0.00225,0.13372
CVE-2024-58094,5.5,1,True,,0.00225,0.13353
CVE-2024-43823,5.5,1,True,,0.00225,0.13412
CVE-2020-35508,4.5,1,True,,0.00225,0.13454
CVE-2023-52568,4.7,1,True,,0.00225,0.13459
CVE-2024-38607,5.5,2,True,,0.00225,0.13465
CVE-2024-50188,5.5,1,True,,0.00225,0.13408
CVE-2024-26670,5.5,1,False,,0.00225,0.13416
CVE-2024-26662,4.4,1,False,,0.00225,0.13422
CVE-2024-42076,5.5,1,True,,0.00225,0.13472
CVE-2024-26978,5.5,1,True,,0.00225,0.13386
CVE-2022-39188,4.7,1,True,,0.00225,0.13483
CVE-2023-52643,5.5,1,True,,0.00225,0.13428
CVE-2026-89645,5.5,1,False,,0.00225,0.13349
CVE-2024-41065,5.5,1,True,,0.00225,0.13439
CVE-2024-26667,5.5,1,True,,0.00225,0.1341
CVE-2025-40146,6.2,1,False,,0.00225,0.13437
CVE-2023-52661,5.5,1,True,,0.00225,0.13363
CVE-2024-43831,5.5,1,True,,0.00225,0.13417
CVE-2024-55916,5.5,1,True,,0.00225,0.13392
CVE-2024-35905,7.8,1,True,,0.00225,0.13457
CVE-2023-52871,5.5,1,True,,0.00225,0.13443
CVE-2024-35922,5.5,2,True,,0.00225,0.13391
CVE-2024-35933,5.5,2,True,,0.00225,0.13391
CVE-2024-35935,3.3,2,True,,0.00225,0.13442
CVE-2024-35930,5.5,2,True,,0.00225,0.13479
CVE-2024-26844,5.5,1,True,,0.00225,0.13427
CVE-2024-27402,5.5,1,True,,0.00225,0.13461
CVE-2024-54031,5.5,1,True,,0.00225,0.1347
CVE-2024-26750,5.5,1,True,,0.00224,0.13273
CVE-2023-52692,5.5,1,True,,0.00224,0.13258
CVE-2025-21711,5.5,1,True,,0.00224,0.13329
CVE-2024-39371,5.5,1,True,,0.00224,0.13299
CVE-2025-21683,5.5,1,True,,0.00224,0.13256
CVE-2023-52559,5.5,1,True,,0.00224,0.13272
CVE-2025-21668,5.5,1,True,,0.00224,0.13345
CVE-2025-21675,5.5,1,True,,0.00224,0.13345
CVE-2024-50082,4.7,1,True,,0.00224,0.13291
CVE-2025-21666,5.5,1,True,,0.00224,0.13257
CVE-2026-31629,,1,True,,0.00224,0.13216
CVE-2023-52566,5.5,2,True,,0.00224,0.13269
CVE-2023-52508,4.4,1,True,,0.00224,0.13278
CVE-2024-57940,5.5,1,True,,0.00224,0.13326
CVE-2024-26944,7.8,1,False,,0.00224,0.1326
CVE-2024-39508,4.7,1,False,,0.00224,0.13277
CVE-2023-2269,4.4,1,True,,0.00224,0.1329
CVE-2024-58089,5.5,1,False,,0.00224,0.1326
CVE-2024-58058,5.5,1,True,,0.00224,0.1323
CVE-2024-45002,5.5,1,True,,0.00224,0.13299
CVE-2024-39490,5.5,1,True,,0.00224,0.13324
CVE-2025-21680,7.8,1,True,,0.00224,0.13215
CVE-2025-21875,5.5,1,True,,0.00224,0.13214
CVE-2024-44938,5.5,1,True,,0.00224,0.13287
CVE-2024-57841,5.5,1,True,,0.00224,0.13229
CVE-2024-36021,5.5,1,True,,0.00224,0.13311
CVE-2024-26841,5.5,1,False,,0.00224,0.13257
CVE-2024-56678,6.7,1,True,,0.00224,0.13308
CVE-2024-56670,5.5,1,True,,0.00224,0.13307
CVE-2024-56661,5.5,1,True,,0.00224,0.13307
CVE-2024-46750,5.5,1,True,,0.00224,0.1327
CVE-2026-43350,5.5,1,True,,0.00224,0.13289
CVE-2024-56709,5.5,1,True,,0.00224,0.13263
CVE-2024-35803,5.5,1,True,,0.00224,0.13258
CVE-2024-56724,5.5,1,True,,0.00224,0.13324
CVE-2024-39474,5.5,1,True,,0.00224,0.13298
CVE-2024-53685,5.5,1,True,,0.00224,0.13229
CVE-2025-71127,5.5,1,True,,0.00224,0.13256
CVE-2024-50246,7.8,1,True,,0.00224,0.13301
CVE-2023-6531,7.0,1,True,,0.00224,0.13303
CVE-2024-36026,5.5,1,True,,0.00224,0.13312
CVE-2025-40219,5.5,1,True,,0.00224,0.1323
CVE-2021-47423,5.5,1,True,,0.00223,0.132
CVE-2024-27390,5.5,1,True,,0.00223,0.13148
CVE-2024-56604,7.8,1,True,,0.00223,0.13191
CVE-2024-35902,5.5,2,True,,0.00223,0.13158
CVE-2024-26849,5.5,1,True,,0.00223,0.13148
CVE-2023-52873,5.5,1,True,,0.00223,0.13199
CVE-2023-52869,5.5,1,True,,0.00223,0.13201
CVE-2025-22018,5.5,1,True,,0.00223,0.13184
CVE-2024-36949,4.7,1,False,,0.00223,0.13107
CVE-2024-43860,5.5,1,True,,0.00223,0.13163
CVE-2025-37810,7.8,1,True,,0.00223,0.13125
CVE-2024-35794,5.5,1,False,,0.00223,0.13184
CVE-2024-27432,5.5,1,True,,0.00223,0.13201
CVE-2024-44968,5.5,1,True,,0.00223,0.13158
CVE-2024-43913,5.5,1,False,,0.00223,0.13106
CVE-2021-47612,5.5,1,True,,0.00223,0.132
CVE-2024-42093,7.3,1,True,,0.00223,0.13212
CVE-2024-42092,7.8,1,True,,0.00223,0.13135
CVE-2024-56647,5.5,1,True,,0.00223,0.13119
CVE-2024-26879,5.5,1,True,,0.00223,0.13149
CVE-2025-21708,5.5,1,True,,0.00223,0.13104
CVE-2024-26684,5.5,1,True,,0.00223,0.13167
CVE-2023-52698,5.5,2,True,,0.00223,0.13157
CVE-2024-41078,5.5,1,True,,0.00223,0.13172
CVE-2022-48722,5.5,1,True,,0.00223,0.132
CVE-2024-50199,5.5,1,True,,0.00223,0.13209
CVE-2024-41011,7.8,1,True,,0.00223,0.13198
CVE-2024-26702,6.0,1,True,,0.00223,0.13167
CVE-2025-21723,5.5,1,False,,0.00223,0.13189
CVE-2025-21722,6.2,1,True,,0.00223,0.13122
CVE-2024-26814,5.5,1,True,,0.00223,0.13166
CVE-2024-26860,5.5,1,True,,0.00222,0.13023
CVE-2025-37932,5.5,1,True,,0.00222,0.13065
CVE-2024-26832,5.5,1,True,,0.00222,0.13021
CVE-2023-52671,5.5,1,False,,0.00222,0.13022
CVE-2025-23150,5.5,1,True,,0.00222,0.13066
CVE-2024-38390,5.5,1,True,,0.00222,0.13088
CVE-2024-42063,5.5,1,True,,0.00222,0.13087
CVE-2024-47743,5.5,1,True,,0.00222,0.13051
CVE-2024-53215,5.5,1,True,,0.00222,0.12989
CVE-2026-23035,5.1,1,False,,0.00222,0.12956
CVE-2024-41013,7.1,1,True,,0.00222,0.12991
CVE-2024-56722,5.5,1,True,,0.00222,0.12989
CVE-2023-52563,5.5,1,True,,0.00222,0.13015
CVE-2024-56679,5.5,1,True,,0.00222,0.12988
CVE-2024-38622,5.5,1,False,,0.00222,0.13086
CVE-2024-50017,5.5,1,False,,0.00222,0.13064
CVE-2023-28328,5.5,1,True,,0.00222,0.12981
CVE-2024-56610,5.5,1,True,,0.00222,0.12989
CVE-2024-44965,5.5,1,True,,0.00222,0.13031
CVE-2023-52506,5.5,1,True,,0.00222,0.13017
CVE-2024-39481,5.5,1,True,,0.00222,0.12995
CVE-2021-47424,5.5,1,True,,0.00222,0.13085
CVE-2025-21971,5.5,1,True,,0.00222,0.13063
CVE-2025-68364,,1,True,,0.00222,0.12992
CVE-2024-53216,7.1,1,False,,0.00222,0.13004
CVE-2022-42328,5.5,1,True,,0.00222,0.13095
CVE-2024-35939,7.1,1,True,,0.00222,0.12981
CVE-2024-26780,5.5,1,True,,0.00222,0.13018
CVE-2025-21925,5.5,1,True,,0.00222,0.13088
CVE-2024-49970,5.5,1,False,,0.00222,0.12993
CVE-2024-56531,5.5,1,True,,0.00222,0.13025
CVE-2023-52499,5.5,1,True,,0.00222,0.13014
CVE-2025-21861,5.5,1,True,,0.00222,0.12957
CVE-2024-53196,5.5,1,True,,0.00222,0.12989
CVE-2024-53210,5.5,1,True,,0.00222,0.1299
CVE-2025-40078,5.5,1,True,,0.00222,0.13067
CVE-2024-53221,5.5,1,True,,0.00222,0.13047
CVE-2024-53233,5.5,1,True,,0.00222,0.1299
CVE-2025-21914,7.8,1,True,,0.00222,0.12967
CVE-2024-26963,5.5,1,True,,0.00222,0.13016
CVE-2024-42159,7.8,1,True,,0.00222,0.13079
CVE-2024-57931,5.5,1,True,,0.00222,0.12965
CVE-2025-21799,5.5,1,True,,0.00222,0.13054
CVE-2023-52512,6.7,1,True,,0.00222,0.13015
CVE-2024-50049,5.5,1,True,,0.00222,0.12949
CVE-2024-26590,5.5,1,True,,0.00222,0.13018
CVE-2024-43868,5.5,1,True,,0.00222,0.13054
CVE-2023-52570,5.5,1,True,,0.00222,0.13013
CVE-2024-36952,4.7,1,True,,0.00222,0.12982
CVE-2024-50176,5.5,1,True,,0.00222,0.13051
CVE-2025-37937,5.5,1,True,,0.00222,0.12971
CVE-2024-40967,5.5,1,True,,0.00222,0.1299
CVE-2024-26638,4.4,1,True,,0.00222,0.12957
CVE-2024-36951,5.5,1,False,,0.00222,0.13087
CVE-2024-38624,5.5,1,True,,0.00222,0.13084
CVE-2023-52562,5.5,1,True,,0.00222,0.13014
CVE-2025-21721,5.5,1,True,,0.00222,0.12992
CVE-2024-57795,6.7,1,False,,0.00222,0.13003
CVE-2021-47602,5.5,1,True,,0.00222,0.13085
CVE-2024-38662,4.7,1,True,,0.00222,0.1295
CVE-2024-47671,5.5,1,True,,0.00222,0.1296
CVE-2023-52593,5.5,1,True,,0.00222,0.13047
CVE-2022-48757,7.1,1,True,,0.00222,0.13058
CVE-2023-52877,5.5,1,True,,0.00222,0.13084
CVE-2023-52526,5.5,1,True,,0.00222,0.13024
CVE-2024-27057,5.5,1,False,,0.00222,0.13013
CVE-2024-53219,5.5,1,False,,0.00221,0.12874
CVE-2024-50261,7.8,1,True,,0.00221,0.12872
CVE-2024-53068,7.8,1,False,,0.00221,0.12902
CVE-2024-53218,7.8,1,False,,0.00221,0.12936
CVE-2021-47497,7.8,1,True,,0.00221,0.12931
CVE-2024-41019,5.5,1,True,,0.00221,0.12875
CVE-2021-47034,4.4,1,True,,0.00221,0.12838
CVE-2024-40972,5.5,1,True,,0.00221,0.12874
CVE-2024-36965,5.5,1,True,,0.00221,0.12876
CVE-2024-39500,4.7,1,True,,0.00221,0.12916
CVE-2024-39503,7.0,1,True,,0.00221,0.12914
CVE-2024-36977,5.5,1,True,,0.00221,0.12847
CVE-2026-90314,,1,False,,0.00221,0.12867
CVE-2025-21839,5.5,1,True,,0.00221,0.12848
CVE-2026-72236,5.5,1,True,,0.00221,0.12936
CVE-2023-52660,5.5,1,True,,0.00221,0.12919
CVE-2024-46715,5.5,1,True,,0.00221,0.12912
CVE-2025-21916,5.5,1,True,,0.00221,0.12841
CVE-2026-90219,,1,False,,0.00221,0.12896
CVE-2025-21948,5.5,1,True,,0.00221,0.1284
CVE-2025-38077,7.8,1,True,,0.00221,0.12864
CVE-2024-43897,5.5,1,True,,0.00221,0.12875
CVE-2024-57834,5.5,1,True,,0.00221,0.12906
CVE-2024-44966,5.5,1,True,,0.00221,0.12858
CVE-2024-50138,5.5,1,True,,0.00221,0.12846
CVE-2024-56766,7.8,1,True,,0.00221,0.12925
CVE-2024-40965,5.5,1,False,,0.00221,0.12874
CVE-2023-52576,5.5,1,True,,0.00221,0.12835
CVE-2025-37913,7.8,1,True,,0.00221,0.12936
CVE-2024-27020,7.0,2,True,,0.00221,0.12908
CVE-2024-38625,5.5,1,False,,0.00221,0.1292
CVE-2022-2380,5.5,1,True,,0.00221,0.12916
CVE-2024-50168,5.5,1,True,,0.00221,0.12898
CVE-2024-27418,5.5,1,True,,0.00221,0.1292
CVE-2024-35986,5.5,1,True,,0.00221,0.12847
CVE-2026-90198,,1,False,,0.00221,0.12912
CVE-2026-72245,5.5,1,True,,0.00221,0.12896
CVE-2026-90283,,1,False,,0.00221,0.12867
CVE-2025-40333,,1,False,,0.00221,0.12939
CVE-2023-54017,,1,True,,0.0022,0.1274
CVE-2026-46307,5.5,1,True,,0.0022,0.12822
CVE-2023-54006,5.5,1,True,,0.0022,0.1274
CVE-2024-41069,7.8,1,True,,0.0022,0.12743
CVE-2026-89628,5.5,1,False,,0.0022,0.12701
CVE-2024-43879,5.5,1,True,,0.0022,0.12754
CVE-2026-72076,5.5,1,True,,0.0022,0.12698
CVE-2026-72077,5.5,1,True,,0.0022,0.12732
CVE-2026-72078,5.5,1,True,,0.0022,0.127
CVE-2026-72079,5.5,1,True,,0.0022,0.12699
CVE-2026-72068,5.5,1,True,,0.0022,0.12729
CVE-2024-40969,5.5,1,False,,0.0022,0.12782
CVE-2026-72070,5.5,1,True,,0.0022,0.12729
CVE-2026-72056,5.5,1,True,,0.0022,0.12733
CVE-2026-72063,5.5,1,True,,0.0022,0.12729
CVE-2026-63903,5.5,1,True,,0.0022,0.12703
CVE-2026-63905,,1,True,,0.0022,0.12703
CVE-2024-58083,5.5,1,True,,0.0022,0.12738
CVE-2026-72087,5.5,1,True,,0.0022,0.12733
CVE-2026-63902,5.5,1,True,,0.0022,0.12703
CVE-2026-63900,5.5,1,True,,0.0022,0.12702
CVE-2026-63882,5.5,1,True,,0.0022,0.12828
CVE-2026-63890,5.5,1,True,,0.0022,0.12702
CVE-2026-63897,5.5,1,True,,0.0022,0.12704
CVE-2026-63898,7.0,1,True,,0.0022,0.12703
CVE-2026-72074,5.5,1,True,,0.0022,0.12701
CVE-2024-50248,5.5,1,True,,0.0022,0.12788
CVE-2026-68223,,1,True,,0.0022,0.12728
CVE-2024-56660,5.5,1,True,,0.0022,0.12767
CVE-2023-1637,5.5,1,True,,0.0022,0.12761
CVE-2024-45010,5.5,1,True,,0.0022,0.12812
CVE-2024-56657,5.5,1,True,,0.0022,0.12766
CVE-2026-89621,5.5,1,False,,0.0022,0.12701
CVE-2024-39277,7.8,1,True,,0.0022,0.12743
CVE-2026-68405,5.5,1,True,,0.0022,0.12728
CVE-2024-56683,5.5,1,True,,0.0022,0.12787
CVE-2024-56665,5.5,1,True,,0.0022,0.12767
CVE-2024-46787,4.7,1,False,,0.0022,0.12809
CVE-2024-50060,5.5,1,True,,0.0022,0.12831
CVE-2024-26745,4.4,1,True,,0.0022,0.12704
CVE-2023-52878,5.5,1,True,,0.0022,0.1269
CVE-2024-57798,7.8,1,True,,0.0022,0.12692
CVE-2024-56759,7.8,1,True,,0.0022,0.12828
CVE-2024-35837,5.5,1,True,,0.0022,0.12719
CVE-2025-21738,5.5,1,True,,0.0022,0.12761
CVE-2024-42258,5.5,1,True,,0.0022,0.1276
CVE-2024-35839,5.5,1,True,,0.0022,0.12821
CVE-2024-57892,7.8,1,True,,0.0022,0.1275
CVE-2024-57890,5.5,1,True,,0.0022,0.12694
CVE-2021-47619,5.5,1,True,,0.0022,0.12759
CVE-2024-44969,5.5,1,True,,0.0022,0.12713
CVE-2024-57906,7.1,1,True,,0.0022,0.12737
CVE-2024-57976,5.5,1,False,,0.0022,0.12735
CVE-2026-68227,5.5,1,True,,0.0022,0.127
CVE-2026-68231,5.5,1,True,,0.0022,0.1273
CVE-2026-68277,5.5,1,True,,0.0022,0.12698
CVE-2024-42157,4.1,1,True,,0.0022,0.1269
CVE-2025-21991,7.8,1,True,,0.0022,0.12821
CVE-2024-42161,6.3,1,True,,0.0022,0.1281
CVE-2026-72308,5.5,1,True,,0.0022,0.12731
CVE-2026-72307,5.5,1,True,,0.0022,0.12731
CVE-2026-72349,5.5,1,True,,0.0022,0.12733
CVE-2026-68187,5.5,1,True,,0.0022,0.12699
CVE-2026-72316,4.7,1,True,,0.0022,0.1273
CVE-2026-72326,5.5,1,True,,0.0022,0.1273
CVE-2026-68212,5.5,1,True,,0.0022,0.12699
CVE-2026-68214,5.5,1,True,,0.0022,0.12731
CVE-2024-42073,5.5,1,True,,0.0022,0.12742
CVE-2026-68215,5.5,1,True,,0.0022,0.1273
CVE-2024-47720,5.5,1,True,,0.0022,0.12693
CVE-2026-68351,7.0,1,True,,0.0022,0.127
CVE-2026-68217,5.5,1,True,,0.0022,0.12699
CVE-2026-72223,5.5,1,True,,0.0022,0.12728
CVE-2026-72414,5.5,1,True,,0.0022,0.12732
CVE-2026-72396,5.5,1,True,,0.0022,0.12732
CVE-2026-68218,5.5,1,True,,0.0022,0.12698
CVE-2026-72447,5.5,1,True,,0.0022,0.12731
CVE-2026-68226,5.5,1,True,,0.0022,0.12729
CVE-2024-50003,5.5,1,True,,0.0022,0.12693
CVE-2026-43213,5.5,1,False,,0.0022,0.12809
CVE-2024-41075,5.5,1,True,,0.0022,0.12744
CVE-2024-50255,5.5,1,True,,0.0022,0.12782
CVE-2025-38244,5.5,1,False,,0.0022,0.12713
CVE-2024-41074,7.8,1,True,,0.0022,0.12743
CVE-2026-93141,,1,False,,0.0022,0.127
CVE-2026-72224,5.5,1,True,,0.0022,0.12698
CVE-2025-71268,5.5,1,True,,0.0022,0.1269
CVE-2025-71269,5.5,1,True,,0.0022,0.1269
CVE-2024-56623,5.5,1,True,,0.0022,0.12828
CVE-2024-46846,5.5,1,True,,0.00219,0.12589
CVE-2024-57978,5.5,1,True,,0.00219,0.12631
CVE-2025-37990,5.5,1,True,,0.00219,0.12658
CVE-2026-64452,5.5,1,True,,0.00219,0.12613
CVE-2024-50249,5.5,1,True,,0.00219,0.1267
CVE-2024-46728,5.5,1,False,,0.00219,0.12592
CVE-2024-34777,7.1,1,True,,0.00219,0.1265
CVE-2024-47756,5.5,1,True,,0.00219,0.12659
CVE-2024-43908,5.5,1,True,,0.00219,0.12624
CVE-2024-35840,5.5,1,True,,0.00219,0.12619
CVE-2025-68217,,1,True,,0.00219,0.12647
CVE-2024-46848,5.5,1,True,,0.00219,0.12591
CVE-2024-42299,5.5,1,True,,0.00219,0.12617
CVE-2024-50259,5.5,1,True,,0.00219,0.12671
CVE-2024-43877,7.1,1,True,,0.00219,0.12616
CVE-2024-50245,5.5,1,True,,0.00219,0.12671
CVE-2023-53864,,1,True,,0.00219,0.12625
CVE-2025-22097,6.7,1,True,,0.00219,0.12677
CVE-2024-50244,5.5,1,True,,0.00219,0.1267
CVE-2025-21648,5.5,1,True,,0.00219,0.12605
CVE-2024-35827,5.5,1,True,,0.00219,0.12604
CVE-2026-72073,5.5,1,False,,0.00219,0.12672
CVE-2024-58014,7.1,1,True,,0.00219,0.12602
CVE-2024-49851,5.5,1,True,,0.00219,0.12658
CVE-2022-42329,5.5,1,True,,0.00219,0.12684
CVE-2023-54093,5.5,1,True,,0.00219,0.12646
CVE-2022-41850,4.7,1,True,,0.00219,0.12593
CVE-2024-50136,5.5,1,True,,0.00219,0.1259
CVE-2024-56751,5.5,1,True,,0.00219,0.12608
CVE-2024-50056,5.5,1,True,,0.00219,0.12589
CVE-2024-40976,5.5,1,True,,0.00219,0.1267
CVE-2022-48717,7.8,1,True,,0.00219,0.12617
CVE-2025-21790,5.5,1,True,,0.00219,0.1263
CVE-2024-42240,5.5,1,True,,0.00219,0.12651
CVE-2024-44934,7.8,1,True,,0.00219,0.12612
CVE-2024-35924,5.5,1,False,,0.00219,0.1265
CVE-2024-46720,5.5,1,True,,0.00218,0.12551
CVE-2025-40278,,1,True,,0.00218,0.12473
CVE-2025-68264,4.7,1,True,,0.00218,0.12474
CVE-2025-23159,5.5,1,True,,0.00218,0.12502
CVE-2024-43842,7.8,1,True,,0.00218,0.12506
CVE-2024-53145,5.5,1,True,,0.00218,0.12469
CVE-2024-50258,5.5,1,True,,0.00218,0.12556
CVE-2025-40264,5.5,1,True,,0.00218,0.12474
CVE-2024-56592,5.5,1,False,,0.00218,0.12458
CVE-2025-22007,5.5,1,True,,0.00218,0.12536
CVE-2025-40022,,1,True,,0.00218,0.12474
CVE-2024-46896,5.5,1,True,,0.00218,0.12486
CVE-2024-57910,7.1,1,True,,0.00218,0.12515
CVE-2024-57908,7.1,1,True,,0.00218,0.12515
CVE-2024-46784,5.5,1,True,,0.00218,0.12555
CVE-2024-44967,7.8,1,True,,0.00218,0.12476
CVE-2024-43873,7.8,1,True,,0.00218,0.12493
CVE-2024-50133,5.5,1,True,,0.00218,0.1255
CVE-2024-56746,5.5,1,True,,0.00218,0.12468
CVE-2026-74407,5.5,1,False,,0.00218,0.1254
CVE-2024-56756,5.5,1,True,,0.00218,0.12468
CVE-2024-42312,5.5,1,True,,0.00218,0.12481
CVE-2025-38037,5.5,1,True,,0.00218,0.12485
CVE-2024-56691,5.5,1,True,,0.00218,0.12468
CVE-2024-50252,5.5,1,True,,0.00218,0.1255
CVE-2024-50298,5.5,1,True,,0.00218,0.12497
CVE-2025-40281,4.4,1,True,,0.00218,0.12473
CVE-2023-52870,4.4,1,True,,0.00218,0.12525
CVE-2024-53687,5.5,1,False,,0.00218,0.12458
CVE-2024-50243,5.5,1,True,,0.00218,0.12551
CVE-2024-56546,5.5,1,True,,0.00218,0.12472
CVE-2025-21775,5.5,1,True,,0.00218,0.12453
CVE-2025-21739,7.0,1,True,,0.00218,0.12553
CVE-2024-56700,5.5,1,True,,0.00218,0.12468
CVE-2025-37798,7.8,1,True,,0.00218,0.12514
CVE-2023-52916,7.8,1,True,,0.00218,0.12507
CVE-2025-21727,7.0,1,True,,0.00218,0.12517
CVE-2025-21712,5.5,1,True,,0.00218,0.12451
CVE-2024-26846,4.4,1,True,,0.00218,0.12469
CVE-2023-3220,5.5,1,True,,0.00218,0.12481
CVE-2025-40070,5.5,1,True,,0.00218,0.12474
CVE-2024-53195,5.5,1,False,,0.00218,0.12458
CVE-2025-37914,7.8,1,True,,0.00217,0.12436
CVE-2024-46859,7.8,1,True,,0.00217,0.12404
CVE-2024-43867,5.5,1,True,,0.00217,0.12394
CVE-2024-57883,5.5,1,True,,0.00217,0.12351
CVE-2025-21636,5.5,1,True,,0.00217,0.12437
CVE-2024-56767,5.5,1,True,,0.00217,0.12355
CVE-2024-46834,5.5,1,False,,0.00217,0.12374
CVE-2025-21667,5.5,1,True,,0.00217,0.12408
CVE-2024-57917,7.8,1,True,,0.00217,0.12351
CVE-2025-39849,7.8,1,True,,0.00217,0.12384
CVE-2026-43362,5.5,1,False,,0.00217,0.12426
CVE-2024-47705,5.5,1,True,,0.00217,0.12433
CVE-2023-23039,5.7,1,False,,0.00217,0.12335
CVE-2024-26672,4.4,1,False,,0.00217,0.12407
CVE-2024-26866,5.5,1,False,,0.00216,0.1225
CVE-2021-20321,4.7,1,True,,0.00216,0.12271
CVE-2022-3107,5.5,1,True,,0.00216,0.12214
CVE-2026-72433,5.5,1,True,,0.00216,0.12313
CVE-2024-46711,4.7,1,True,,0.00216,0.1226
CVE-2025-68291,5.5,1,True,,0.00216,0.12275
CVE-2026-72481,5.5,1,True,,0.00216,0.12311
CVE-2026-72392,5.5,1,True,,0.00216,0.12315
CVE-2026-72428,5.5,1,True,,0.00216,0.12311
CVE-2025-40035,3.3,1,True,,0.00216,0.12285
CVE-2024-47703,5.5,1,False,,0.00216,0.12293
CVE-2026-74284,5.5,1,True,,0.00216,0.12314
CVE-2026-72218,7.0,1,True,,0.00216,0.12314
CVE-2024-56692,5.5,1,False,,0.00216,0.12286
CVE-2026-72039,5.5,1,True,,0.00216,0.12313
CVE-2026-72229,5.5,1,True,,0.00216,0.12315
CVE-2025-21653,5.5,1,True,,0.00216,0.12225
CVE-2024-56566,5.5,1,False,,0.00216,0.12303
CVE-2026-72010,5.5,1,True,,0.00216,0.12312
CVE-2026-72260,5.5,1,True,,0.00216,0.12277
CVE-2026-72256,5.5,1,True,,0.00216,0.12312
CVE-2026-72219,7.0,1,True,,0.00216,0.12313
CVE-2026-72228,5.5,1,True,,0.00216,0.12314
CVE-2026-63957,7.0,1,True,,0.00216,0.12311
CVE-2024-49920,5.5,1,False,,0.00216,0.1228
CVE-2025-22058,5.5,1,True,,0.00216,0.12254
CVE-2024-56565,5.5,1,False,,0.00216,0.12302
CVE-2026-72241,5.5,1,True,,0.00216,0.12314
CVE-2023-53808,6.1,1,True,,0.00216,0.12274
CVE-2025-21681,5.5,1,True,,0.00216,0.12241
CVE-2024-35838,5.5,1,True,,0.00216,0.12292
CVE-2025-21671,7.8,1,True,,0.00216,0.12251
CVE-2025-22044,5.5,1,True,,0.00216,0.12225
CVE-2025-37909,5.5,1,True,,0.00216,0.12213
CVE-2026-72106,5.5,1,False,,0.00216,0.12319
CVE-2026-72138,5.5,1,True,,0.00216,0.12312
CVE-2024-26914,7.8,1,False,,0.00216,0.12297
CVE-2025-68227,5.5,1,True,,0.00216,0.12274
CVE-2025-40121,5.0,1,True,,0.00216,0.12285
CVE-2022-3111,5.5,1,True,,0.00216,0.12214
CVE-2024-35843,5.5,1,False,,0.00216,0.12325
CVE-2026-72182,5.5,1,True,,0.00216,0.12312
CVE-2024-49853,7.8,1,True,,0.00216,0.12276
CVE-2024-35842,5.5,1,True,,0.00216,0.12277
CVE-2026-63933,,1,True,,0.00216,0.12315
CVE-2026-63928,7.0,1,True,,0.00216,0.12311
CVE-2024-50156,5.5,1,True,,0.00216,0.12296
CVE-2024-50163,5.5,1,True,,0.00216,0.12296
CVE-2024-50160,5.5,1,True,,0.00216,0.12296
CVE-2026-68130,5.5,1,True,,0.00216,0.12302
CVE-2022-3238,7.8,1,False,,0.00216,0.12238
CVE-2026-93131,,1,False,,0.00215,0.12149
CVE-2025-21806,5.5,1,True,,0.00215,0.12111
CVE-2025-40338,5.2,1,False,,0.00215,0.12202
CVE-2026-72437,5.5,1,True,,0.00215,0.1215
CVE-2026-68251,5.5,1,True,,0.00215,0.12149
CVE-2026-72082,5.5,1,True,,0.00215,0.12104
CVE-2024-50193,7.1,1,True,,0.00215,0.12113
CVE-2021-47571,7.8,1,True,,0.00215,0.12203
CVE-2026-72081,5.5,1,True,,0.00215,0.12104
CVE-2026-72075,5.5,1,True,,0.00215,0.12148
CVE-2026-72059,5.5,1,True,,0.00215,0.1215
CVE-2021-47440,4.4,1,True,,0.00215,0.12152
CVE-2025-22005,5.5,1,True,,0.00215,0.12112
CVE-2026-72306,,1,True,,0.00215,0.12151
CVE-2026-68164,5.5,1,True,,0.00215,0.12103
CVE-2026-68207,5.5,1,True,,0.00215,0.12149
CVE-2026-68205,5.5,1,False,,0.00215,0.12103
CVE-2024-53147,7.1,1,False,,0.00215,0.12131
CVE-2026-93142,,1,False,,0.00215,0.12104
CVE-2024-46871,7.8,1,True,,0.00215,0.12186
CVE-2023-1095,5.5,1,True,,0.00215,0.12121
CVE-2025-23136,5.5,1,True,,0.00215,0.12111
CVE-2026-72058,5.5,1,True,,0.00215,0.12105
CVE-2024-46852,7.8,1,True,,0.00215,0.12186
CVE-2026-93136,,1,False,,0.00215,0.12103
CVE-2025-21934,7.8,1,True,,0.00215,0.12205
CVE-2025-37797,7.8,1,True,,0.00215,0.12198
CVE-2024-36919,5.5,2,True,,0.00215,0.12093
CVE-2026-72062,5.5,1,True,,0.00215,0.12149
CVE-2024-50189,5.5,1,True,,0.00215,0.12185
CVE-2024-56628,7.8,1,True,,0.00215,0.12196
CVE-2024-58090,5.5,1,True,,0.00215,0.12133
CVE-2024-56616,7.8,1,True,,0.00215,0.12152
CVE-2026-43062,5.5,1,True,,0.00215,0.12161
CVE-2022-48758,5.5,1,True,,0.00215,0.1219
CVE-2023-3159,6.7,1,True,,0.00215,0.12181
CVE-2026-68422,5.5,1,True,,0.00215,0.12104
CVE-2024-50209,7.8,1,True,,0.00215,0.12186
CVE-2025-23144,5.5,1,True,,0.00215,0.12172
CVE-2025-23142,7.8,1,True,,0.00215,0.12134
CVE-2026-72276,5.5,1,True,,0.00215,0.1215
CVE-2025-21665,5.5,1,True,,0.00215,0.12156
CVE-2024-47669,5.5,1,True,,0.00215,0.12143
CVE-2024-50061,7.0,1,True,,0.00215,0.12138
CVE-2025-21690,5.5,1,True,,0.00215,0.12157
CVE-2024-50028,5.5,1,False,,0.00215,0.12173
CVE-2026-53358,5.5,1,False,,0.00215,0.12116
CVE-2024-50166,5.5,1,False,,0.00215,0.12188
CVE-2025-40115,5.5,1,True,,0.00214,0.12051
CVE-2024-57838,7.1,1,True,,0.00214,0.12032
CVE-2025-21935,5.5,1,True,,0.00214,0.12007
CVE-2025-40126,,1,True,,0.00214,0.1205
CVE-2024-42252,5.5,1,True,,0.00214,0.1199
CVE-2025-22090,5.5,1,True,,0.00214,0.1198
CVE-2025-21781,5.5,1,True,,0.00214,0.12007
CVE-2024-52560,5.5,1,False,,0.00214,0.12008
CVE-2025-22020,7.8,1,True,,0.00214,0.12052
CVE-2025-22015,5.5,1,True,,0.00214,0.11973
CVE-2025-21877,5.5,1,True,,0.00214,0.12008
CVE-2025-37930,5.5,1,True,,0.00214,0.12015
CVE-2025-21993,7.1,1,True,,0.00214,0.12084
CVE-2024-43907,5.5,1,True,,0.00214,0.12034
CVE-2023-54137,5.5,1,True,,0.00214,0.12036
CVE-2024-56532,5.5,1,True,,0.00214,0.12085
CVE-2024-50087,5.5,1,True,,0.00214,0.1207
CVE-2024-49858,5.5,1,True,,0.00214,0.11944
CVE-2024-36008,5.5,1,True,,0.00214,0.1208
CVE-2024-50077,5.5,1,True,,0.00214,0.12069
CVE-2024-56544,5.5,1,False,,0.00214,0.12
CVE-2025-22075,5.5,1,True,,0.00214,0.12007
CVE-2024-50078,5.5,1,True,,0.00214,0.12071
CVE-2024-35932,7.8,1,True,,0.00214,0.11967
CVE-2025-23158,7.8,1,True,,0.00214,0.12048
CVE-2024-50088,7.8,1,True,,0.00214,0.1207
CVE-2023-54183,,1,True,,0.00214,0.12052
CVE-2024-35989,5.5,1,True,,0.00214,0.1199
CVE-2024-50211,3.3,1,False,,0.00214,0.12071
CVE-2026-23033,,1,True,,0.00214,0.12034
CVE-2024-57907,7.1,1,True,,0.00214,0.12052
CVE-2024-43902,5.5,1,True,,0.00214,0.12034
CVE-2024-56742,5.5,1,False,,0.00214,0.11989
CVE-2024-50164,7.1,1,True,,0.00214,0.12026
CVE-2024-43905,5.5,1,True,,0.00214,0.12034
CVE-2024-43909,5.5,1,True,,0.00214,0.12035
CVE-2024-43900,7.8,1,True,,0.00214,0.12052
CVE-2025-21887,7.1,1,True,,0.00213,0.11874
CVE-2025-22049,5.5,1,True,,0.00213,0.11932
CVE-2024-36969,5.5,1,True,,0.00213,0.119
CVE-2025-21996,5.5,1,True,,0.00213,0.11875
CVE-2024-47663,5.5,1,True,,0.00213,0.11935
CVE-2024-26686,5.5,1,True,,0.00213,0.11883
CVE-2024-27072,5.5,1,True,,0.00213,0.11925
CVE-2025-22072,5.5,1,True,,0.00213,0.11932
CVE-2024-56619,7.8,1,True,,0.00213,0.11852
CVE-2022-48771,7.8,1,True,,0.00213,0.11869
CVE-2024-47748,7.8,1,True,,0.00213,0.11886
CVE-2024-50201,5.5,1,True,,0.00213,0.11924
CVE-2024-36479,5.5,1,True,,0.00213,0.11917
CVE-2022-48619,5.5,1,True,,0.00213,0.11847
CVE-2025-23140,5.5,1,True,,0.00213,0.11927
CVE-2021-47495,5.5,1,True,,0.00213,0.11872
CVE-2024-38610,7.8,1,True,,0.00213,0.1187
CVE-2024-57896,7.8,1,True,,0.00213,0.11914
CVE-2024-35945,5.5,1,False,,0.00213,0.11918
CVE-2024-46798,7.8,1,True,,0.00213,0.11885
CVE-2019-9444,4.4,1,False,,0.00213,0.11878
CVE-2024-35946,5.5,1,False,,0.00213,0.11918
CVE-2024-57884,5.5,1,True,,0.00213,0.11897
CVE-2025-37890,7.8,1,True,,0.00213,0.11897
CVE-2024-37021,5.5,1,True,,0.00213,0.11917
CVE-2025-40134,4.7,1,True,,0.00212,0.11741
CVE-2025-21924,5.5,1,True,,0.00212,0.11786
CVE-2024-42156,4.1,1,False,,0.00212,0.11797
CVE-2024-27004,5.5,1,True,,0.00212,0.11831
CVE-2025-40363,5.5,1,True,,0.00212,0.1174
CVE-2024-57857,4.7,1,False,,0.00212,0.11804
CVE-2024-56728,5.5,1,True,,0.00212,0.11778
CVE-2024-44971,5.5,1,True,,0.00212,0.11811
CVE-2024-57945,7.1,1,True,,0.00212,0.11753
CVE-2024-56745,5.5,1,True,,0.00212,0.11746
CVE-2024-56754,5.5,1,True,,0.00212,0.11778
CVE-2025-23156,7.1,1,True,,0.00212,0.11841
CVE-2024-35934,5.5,1,True,,0.00212,0.1181
CVE-2025-40055,,1,True,,0.00212,0.11741
CVE-2025-37765,5.5,1,True,,0.00212,0.11841
CVE-2024-43869,5.5,1,True,,0.00212,0.11812
CVE-2025-21637,5.5,1,True,,0.00212,0.11729
CVE-2025-23157,7.1,1,True,,0.00212,0.1184
CVE-2025-21649,5.5,1,False,,0.00212,0.1176
CVE-2024-35833,5.5,1,True,,0.00212,0.11811
CVE-2024-35829,5.5,1,True,,0.00212,0.1181
CVE-2025-21899,5.5,1,True,,0.00212,0.11787
CVE-2024-35940,5.5,1,True,,0.00212,0.11812
CVE-2025-68185,5.5,1,True,,0.00212,0.1174
CVE-2024-46729,7.8,1,False,,0.00212,0.11788
CVE-2026-68469,5.5,1,True,,0.00212,0.11764
CVE-2024-36012,7.8,1,True,,0.00212,0.1177
CVE-2024-44958,5.5,1,True,,0.00212,0.1179
CVE-2024-50057,3.3,1,False,,0.00212,0.1178
CVE-2025-22048,5.5,1,False,,0.00212,0.11813
CVE-2024-26758,4.4,1,False,,0.00212,0.11751
CVE-2025-68362,6.5,1,True,,0.00212,0.11824
CVE-2024-36967,5.5,1,True,,0.00212,0.11828
CVE-2025-40030,5.5,1,True,,0.00212,0.1174
CVE-2025-68354,6.5,1,True,,0.00212,0.11824
CVE-2025-68344,,1,True,,0.00212,0.11824
CVE-2025-40042,5.5,1,True,,0.00212,0.11741
CVE-2025-68331,5.5,1,True,,0.00212,0.11744
CVE-2025-22089,5.5,1,True,,0.00212,0.11786
CVE-2025-22081,5.5,1,True,,0.00212,0.11787
CVE-2025-40049,5.5,1,True,,0.00212,0.11741
CVE-2024-38602,5.5,1,True,,0.00212,0.11805
CVE-2026-22999,5.5,1,True,,0.00212,0.11791
CVE-2024-56698,5.5,1,True,,0.00212,0.11778
CVE-2024-35990,5.5,1,True,,0.00212,0.11842
CVE-2024-43875,5.5,1,True,,0.00212,0.11811
CVE-2024-43870,5.5,1,True,,0.00212,0.11811
CVE-2026-90249,,1,False,,0.00211,0.11597
CVE-2026-68175,5.5,1,True,,0.00211,0.11596
CVE-2026-89871,,1,False,,0.00211,0.11591
CVE-2026-72142,5.5,1,True,,0.00211,0.11584
CVE-2026-72153,5.5,1,True,,0.00211,0.11594
CVE-2026-90245,,1,False,,0.00211,0.11597
CVE-2024-38636,5.5,1,True,,0.00211,0.11704
CVE-2022-3028,7.0,1,True,,0.00211,0.11575
CVE-2026-89984,,1,False,,0.00211,0.11581
CVE-2026-93140,,1,False,,0.00211,0.11603
CVE-2026-89879,,1,False,,0.00211,0.11587
CVE-2026-89878,,1,False,,0.00211,0.11586
CVE-2024-56780,5.5,1,True,,0.00211,0.1169
CVE-2026-72048,5.5,1,True,,0.00211,0.11587
CVE-2026-63948,5.5,1,True,,0.00211,0.11588
CVE-2026-93051,,1,False,,0.00211,0.11593
CVE-2026-63931,,1,True,,0.00211,0.11589
CVE-2026-63934,,1,True,,0.00211,0.11589
CVE-2026-72155,5.5,1,True,,0.00211,0.11592
CVE-2026-72193,5.5,1,True,,0.00211,0.11702
CVE-2026-72166,5.5,1,True,,0.00211,0.11583
CVE-2026-72159,5.5,1,True,,0.00211,0.11584
CVE-2026-72163,5.5,1,True,,0.00211,0.11596
CVE-2024-57938,5.5,1,True,,0.00211,0.1169
CVE-2024-57975,5.5,1,False,,0.00211,0.11667
CVE-2024-40915,5.5,1,True,,0.00211,0.11661
CVE-2026-72096,5.5,1,True,,0.00211,0.11598
CVE-2026-72088,5.5,1,True,,0.00211,0.11596
CVE-2026-72118,5.5,1,True,,0.00211,0.11595
CVE-2025-39827,5.5,1,True,,0.00211,0.11647
CVE-2026-89895,,1,False,,0.00211,0.11586
CVE-2026-90394,,1,False,,0.00211,0.11584
CVE-2024-42241,5.5,1,False,,0.00211,0.1172
CVE-2024-42243,5.5,1,False,,0.00211,0.11721
CVE-2026-90058,,1,False,,0.00211,0.11602
CVE-2026-90056,,1,False,,0.00211,0.11591
CVE-2026-72117,5.5,1,True,,0.00211,0.11595
CVE-2026-72152,5.5,1,True,,0.00211,0.11595
CVE-2024-35942,5.5,1,False,,0.00211,0.11703
CVE-2024-50200,5.5,1,True,,0.00211,0.11681
CVE-2024-43899,5.5,1,False,,0.00211,0.11722
CVE-2026-90055,,1,False,,0.00211,0.11593
CVE-2026-68195,5.5,1,True,,0.00211,0.11593
CVE-2026-90348,,1,False,,0.00211,0.11579
CVE-2026-68176,5.5,1,True,,0.00211,0.11596
CVE-2026-93167,,1,False,,0.00211,0.11602
CVE-2026-72268,5.5,1,True,,0.00211,0.11582
CVE-2024-35992,5.5,1,True,,0.00211,0.11719
CVE-2025-21631,7.8,1,True,,0.00211,0.11609
CVE-2024-35826,5.5,1,True,,0.00211,0.11672
CVE-2025-39980,4.7,1,True,,0.00211,0.11691
CVE-2026-63973,5.5,1,True,,0.00211,0.11701
CVE-2026-90297,,1,False,,0.00211,0.11586
CVE-2026-90295,,1,False,,0.00211,0.11582
CVE-2024-35824,5.5,1,True,,0.00211,0.11703
CVE-2026-63967,,1,True,,0.00211,0.11587
CVE-2026-63958,7.0,1,True,,0.00211,0.11701
CVE-2026-63960,,1,True,,0.00211,0.11581
CVE-2026-72215,5.5,1,True,,0.00211,0.11588
CVE-2026-93108,,1,False,,0.00211,0.116
CVE-2026-63908,,1,True,,0.00211,0.11589
CVE-2025-37915,7.0,1,True,,0.00211,0.1164
CVE-2024-44941,7.8,1,False,,0.00211,0.11645
CVE-2024-56629,5.5,1,True,,0.00211,0.1169
CVE-2026-72023,5.5,1,True,,0.00211,0.116
CVE-2026-72022,5.5,1,True,,0.00211,0.116
CVE-2026-93098,,1,False,,0.00211,0.11594
CVE-2026-72230,5.5,1,True,,0.00211,0.11581
CVE-2026-72238,5.5,1,True,,0.00211,0.11597
CVE-2025-38585,7.8,1,False,,0.00211,0.11644
CVE-2024-38603,5.5,1,True,,0.00211,0.11721
CVE-2026-72037,5.5,1,True,,0.00211,0.11701
CVE-2026-72038,5.5,1,True,,0.00211,0.11583
CVE-2024-58011,5.5,1,True,,0.00211,0.11623
CVE-2024-27019,4.7,1,True,,0.00211,0.11653
CVE-2024-35909,5.5,1,True,,0.00211,0.11703
CVE-2024-35908,5.5,1,True,,0.00211,0.11705
CVE-2026-72275,5.5,1,True,,0.00211,0.11701
CVE-2024-42238,5.5,1,True,,0.00211,0.1172
CVE-2026-72264,5.5,1,True,,0.00211,0.11601
CVE-2024-42237,5.5,1,True,,0.00211,0.1172
CVE-2026-89821,,1,False,,0.00211,0.11603
CVE-2024-35938,5.5,1,True,,0.00211,0.11705
CVE-2024-49921,5.5,1,False,,0.00211,0.11643
CVE-2026-72240,5.5,1,True,,0.00211,0.11592
CVE-2026-63956,7.0,1,True,,0.00211,0.11582
CVE-2026-72025,5.5,1,True,,0.00211,0.116
CVE-2026-72004,5.5,1,True,,0.00211,0.11588
CVE-2025-38024,7.8,1,True,,0.00211,0.11708
CVE-2026-72015,5.5,1,True,,0.00211,0.11591
CVE-2026-63964,5.5,1,True,,0.00211,0.11588
CVE-2026-63961,5.5,1,True,,0.00211,0.11582
CVE-2026-63969,5.5,1,True,,0.00211,0.11702
CVE-2026-90070,,1,False,,0.00211,0.11602
CVE-2026-68475,5.5,1,True,,0.00211,0.11602
CVE-2024-43851,5.5,1,True,,0.00211,0.11683
CVE-2026-72272,5.5,1,True,,0.00211,0.11586
CVE-2026-72270,5.5,1,True,,0.00211,0.11585
CVE-2026-72269,5.5,1,True,,0.00211,0.11585
CVE-2024-43841,3.3,1,True,,0.00211,0.11575
CVE-2024-39466,5.5,1,True,,0.00211,0.11723
CVE-2026-89936,,1,False,,0.00211,0.11601
CVE-2026-89749,5.5,1,False,,0.00211,0.1166
CVE-2026-89865,,1,False,,0.00211,0.11591
CVE-2026-68368,7.0,1,True,,0.00211,0.11604
CVE-2026-93048,,1,False,,0.00211,0.11593
CVE-2026-89949,,1,False,,0.00211,0.1159
CVE-2026-89952,,1,False,,0.00211,0.1159
CVE-2026-89948,,1,False,,0.00211,0.1159
CVE-2026-72271,5.5,1,True,,0.00211,0.11585
CVE-2026-72274,5.5,1,True,,0.00211,0.11702
CVE-2025-22057,5.5,1,False,,0.00211,0.11677
CVE-2026-90126,,1,False,,0.00211,0.11599
CVE-2026-90088,,1,False,,0.00211,0.11599
CVE-2026-68322,5.5,1,True,,0.00211,0.11598
CVE-2026-90073,,1,False,,0.00211,0.11599
CVE-2026-90081,,1,False,,0.00211,0.11603
CVE-2026-90075,,1,False,,0.00211,0.1158
CVE-2023-52915,5.5,1,True,,0.00211,0.11679
CVE-2025-21823,5.5,1,True,,0.00211,0.11635
CVE-2026-74265,5.5,1,True,,0.00211,0.117
CVE-2026-89945,,1,False,,0.00211,0.11589
CVE-2026-68183,5.5,1,True,,0.00211,0.1158
CVE-2026-68182,5.5,1,True,,0.00211,0.1158
CVE-2026-68180,5.5,1,True,,0.00211,0.11597
CVE-2026-68250,5.5,1,True,,0.00211,0.11594
CVE-2026-90107,,1,False,,0.00211,0.11599
CVE-2026-89845,,1,False,,0.00211,0.11601
CVE-2026-89855,,1,False,,0.00211,0.11587
CVE-2026-89850,,1,False,,0.00211,0.11584
CVE-2026-90214,,1,False,,0.00211,0.1158
CVE-2026-72484,5.5,1,True,,0.00211,0.11592
CVE-2026-72479,5.5,1,True,,0.00211,0.11601
CVE-2026-89924,,1,False,,0.00211,0.11583
CVE-2026-90327,,1,False,,0.00211,0.11595
CVE-2026-90386,,1,False,,0.00211,0.11583
CVE-2026-90302,,1,False,,0.00211,0.11592
CVE-2026-93183,,1,False,,0.00211,0.11598
CVE-2026-92496,,1,False,,0.0021,0.11546
CVE-2026-90434,,1,False,,0.0021,0.11531
CVE-2026-90226,,1,False,,0.0021,0.11539
CVE-2025-40351,7.1,1,True,,0.0021,0.11466
CVE-2026-90303,,1,False,,0.0021,0.11526
CVE-2026-90298,,1,False,,0.0021,0.1153
CVE-2026-68197,5.5,1,True,,0.0021,0.11526
CVE-2026-68188,7.1,1,True,,0.0021,0.11525
CVE-2026-80969,5.5,1,False,,0.0021,0.1154
CVE-2026-80968,5.5,1,False,,0.0021,0.11538
CVE-2026-80966,5.5,1,False,,0.0021,0.11539
CVE-2026-80973,7.0,1,False,,0.0021,0.11536
CVE-2026-89461,5.5,1,False,,0.0021,0.11531
CVE-2025-68220,,1,True,,0.0021,0.11467
CVE-2025-68204,5.5,1,True,,0.0021,0.11468
CVE-2025-68194,5.5,1,True,,0.0021,0.11468
CVE-2026-90420,,1,False,,0.0021,0.11533
CVE-2024-36975,5.5,1,True,,0.0021,0.11572
CVE-2021-47460,5.5,1,True,,0.0021,0.11569
CVE-2026-89843,,1,False,,0.0021,0.11535
CVE-2026-89923,,1,False,,0.0021,0.11545
CVE-2026-90222,,1,False,,0.0021,0.11549
CVE-2026-90218,,1,False,,0.0021,0.11548
CVE-2026-90202,,1,False,,0.0021,0.11544
CVE-2026-90200,,1,False,,0.0021,0.11458
CVE-2026-89595,5.5,1,False,,0.0021,0.11545
CVE-2026-89946,,1,False,,0.0021,0.11532
CVE-2026-89937,,1,False,,0.0021,0.11534
CVE-2026-68344,5.5,1,True,,0.0021,0.11547
CVE-2026-68313,5.5,1,True,,0.0021,0.11535
CVE-2024-43850,5.5,1,False,,0.0021,0.1143
CVE-2024-43837,5.5,1,True,,0.0021,0.1143
CVE-2026-89576,5.5,1,False,,0.0021,0.11545
CVE-2024-35995,5.5,1,True,,0.0021,0.1157
CVE-2026-89784,,1,False,,0.0021,0.11527
CVE-2026-89780,,1,False,,0.0021,0.11541
CVE-2025-22066,5.5,1,True,,0.0021,0.11499
CVE-2026-90382,,1,False,,0.0021,0.11547
CVE-2026-90114,,1,False,,0.0021,0.11536
CVE-2024-43876,5.5,1,True,,0.0021,0.11569
CVE-2026-89864,,1,False,,0.0021,0.11538
CVE-2026-89858,,1,False,,0.0021,0.11549
CVE-2026-89853,,1,False,,0.0021,0.11534
CVE-2026-89852,,1,False,,0.0021,0.11534
CVE-2026-89851,,1,False,,0.0021,0.11533
CVE-2026-89982,,1,False,,0.0021,0.11548
CVE-2026-89964,,1,False,,0.0021,0.11535
CVE-2026-68186,5.5,1,True,,0.0021,0.11525
CVE-2026-68184,5.5,1,True,,0.0021,0.11525
CVE-2026-90074,,1,False,,0.0021,0.11544
CVE-2026-80757,,1,True,,0.0021,0.11544
CVE-2026-80756,,1,True,,0.0021,0.11544
CVE-2026-72265,5.5,1,True,,0.0021,0.1153
CVE-2025-23138,5.5,1,True,,0.0021,0.11567
CVE-2026-89925,,1,False,,0.0021,0.11546
CVE-2026-90284,,1,False,,0.0021,0.11536
CVE-2026-90281,,1,False,,0.0021,0.11538
CVE-2026-89816,,1,False,,0.0021,0.11528
CVE-2021-47480,5.5,1,True,,0.0021,0.11569
CVE-2023-3397,6.3,1,False,,0.0021,0.11426
CVE-2024-35988,5.5,1,True,,0.0021,0.11571
CVE-2024-58012,5.5,1,False,,0.0021,0.11475
CVE-2024-43819,5.5,1,False,,0.0021,0.11449
CVE-2024-42321,5.5,1,True,,0.0021,0.11438
CVE-2024-42320,5.5,1,True,,0.0021,0.11439
CVE-2024-42316,5.5,1,True,,0.0021,0.11438
CVE-2026-89891,,1,False,,0.0021,0.11539
CVE-2026-89881,,1,False,,0.0021,0.11543
CVE-2026-89876,,1,False,,0.0021,0.11538
CVE-2026-72267,5.5,1,True,,0.0021,0.11543
CVE-2026-80743,,1,True,,0.0021,0.11541
CVE-2026-80742,,1,True,,0.0021,0.11542
CVE-2026-80733,,1,True,,0.0021,0.11542
CVE-2026-89953,,1,False,,0.0021,0.11532
CVE-2026-90318,,1,False,,0.0021,0.11526
CVE-2026-90307,,1,False,,0.0021,0.11527
CVE-2024-47667,5.5,1,True,,0.0021,0.11502
CVE-2022-48756,5.5,1,True,,0.0021,0.11569
CVE-2026-90157,,1,False,,0.0021,0.11536
CVE-2026-90023,,1,False,,0.0021,0.11458
CVE-2026-90020,,1,False,,0.0021,0.11537
CVE-2026-90019,,1,False,,0.0021,0.11537
CVE-2024-43912,5.5,1,True,,0.0021,0.11438
CVE-2026-90411,,1,False,,0.0021,0.11546
CVE-2026-90285,,1,False,,0.0021,0.11532
CVE-2026-89730,5.5,1,False,,0.0021,0.11549
CVE-2023-53857,5.5,1,False,,0.0021,0.11445
CVE-2026-89901,,1,False,,0.0021,0.11543
CVE-2026-89896,,1,False,,0.0021,0.11534
CVE-2026-89892,,1,False,,0.0021,0.11542
CVE-2026-90054,,1,False,,0.0021,0.1154
CVE-2026-90391,,1,False,,0.0021,0.11547
CVE-2026-72140,,1,True,,0.0021,0.11535
CVE-2026-89872,,1,False,,0.0021,0.11539
CVE-2026-90160,,1,False,,0.0021,0.1154
CVE-2022-40307,4.7,1,True,,0.0021,0.11447
CVE-2026-68478,5.5,1,True,,0.0021,0.11543
CVE-2026-68410,5.5,1,True,,0.0021,0.11549
CVE-2026-68395,5.5,1,True,,0.0021,0.1153
CVE-2026-68369,5.5,1,True,,0.0021,0.11547
CVE-2026-90431,,1,False,,0.0021,0.11531
CVE-2026-93049,,1,False,,0.0021,0.11529
CVE-2026-92524,,1,False,,0.0021,0.11546
CVE-2025-37991,7.8,1,True,,0.0021,0.11502
CVE-2026-93061,,1,False,,0.0021,0.1153
CVE-2026-90061,,1,False,,0.0021,0.11508
CVE-2023-54267,2.5,1,True,,0.0021,0.11558
CVE-2023-54112,,1,True,,0.0021,0.11469
CVE-2026-89512,5.5,1,False,,0.0021,0.11527
CVE-2025-38023,5.5,1,True,,0.0021,0.11496
CVE-2026-89694,7.0,1,False,,0.0021,0.11533
CVE-2026-90068,,1,False,,0.0021,0.11528
CVE-2021-47617,5.5,1,True,,0.0021,0.1157
CVE-2025-39933,5.5,1,False,,0.0021,0.11568
CVE-2026-90296,,1,False,,0.0021,0.11529
CVE-2026-90290,,1,False,,0.0021,0.11533
CVE-2022-48715,5.5,1,True,,0.0021,0.11571
CVE-2025-38005,5.5,1,True,,0.0021,0.11499
CVE-2026-90128,,1,False,,0.0021,0.1154
CVE-2024-42307,5.5,1,True,,0.0021,0.11439
CVE-2026-90015,,1,False,,0.0021,0.11537
CVE-2024-42098,5.5,1,True,,0.0021,0.11571
CVE-2024-42095,5.5,1,True,,0.0021,0.1157
CVE-2026-72047,5.5,1,True,,0.0021,0.11529
CVE-2026-90072,,1,False,,0.0021,0.11548
CVE-2026-90416,,1,False,,0.0021,0.11528
CVE-2025-68177,,1,True,,0.0021,0.11469
CVE-2025-40188,,1,True,,0.0021,0.11466
CVE-2026-93159,,1,False,,0.0021,0.11541
CVE-2026-90251,,1,False,,0.0021,0.11542
CVE-2026-93120,,1,False,,0.0021,0.11525
CVE-2026-93145,,1,False,,0.0021,0.11548
CVE-2026-90362,,1,False,,0.0021,0.11524
CVE-2026-90361,,1,False,,0.0021,0.11524
CVE-2026-90334,,1,False,,0.0021,0.11524
CVE-2026-90319,,1,False,,0.0021,0.11526
CVE-2026-68304,5.5,1,True,,0.0021,0.11531
CVE-2026-89627,5.5,1,False,,0.0021,0.1155
CVE-2026-80948,5.5,1,False,,0.0021,0.11458
CVE-2026-80941,5.5,1,False,,0.0021,0.11529
CVE-2026-89491,5.5,1,False,,0.0021,0.11527
CVE-2025-40125,5.5,1,True,,0.0021,0.11466
CVE-2025-40116,,1,True,,0.0021,0.11469
CVE-2024-38594,5.5,1,False,,0.0021,0.11434
CVE-2025-40178,5.1,1,True,,0.0021,0.11467
CVE-2025-40109,5.5,1,True,,0.00209,0.114
CVE-2024-47666,5.5,1,True,,0.00209,0.11319
CVE-2026-23031,5.5,1,True,,0.00209,0.11382
CVE-2024-47754,5.5,1,True,,0.00209,0.11329
CVE-2023-54069,5.5,1,True,,0.00209,0.11389
CVE-2026-68203,,1,False,,0.00209,0.11324
CVE-2025-68781,,1,False,,0.00209,0.11383
CVE-2026-63871,4.8,1,False,,0.00209,0.11323
CVE-2024-47750,7.8,1,True,,0.00209,0.11381
CVE-2024-35912,5.5,1,True,,0.00209,0.11318
CVE-2024-56727,5.5,1,True,,0.00209,0.11361
CVE-2024-26756,5.5,1,False,,0.00209,0.1131
CVE-2024-26757,4.4,1,False,,0.00209,0.11334
CVE-2026-72324,5.5,1,False,,0.00209,0.11348
CVE-2026-72325,5.5,1,False,,0.00209,0.1135
CVE-2023-52493,5.5,1,True,,0.00209,0.11358
CVE-2024-57925,7.1,1,True,,0.00209,0.11343
CVE-2024-42319,5.5,1,True,,0.00209,0.1131
CVE-2024-47704,5.5,1,True,,0.00209,0.11319
CVE-2025-22107,7.1,1,True,,0.00209,0.11385
CVE-2024-49852,7.8,1,True,,0.00209,0.11381
CVE-2024-57887,7.8,1,True,,0.00209,0.11336
CVE-2024-56533,5.5,1,True,,0.00209,0.11331
CVE-2024-58085,5.5,1,True,,0.00209,0.11325
CVE-2024-58072,7.8,1,True,,0.00209,0.11416
CVE-2026-72379,5.5,1,False,,0.00209,0.11348
CVE-2026-72376,5.5,1,False,,0.00209,0.11348
CVE-2024-43855,5.5,1,True,,0.00209,0.11328
CVE-2024-41076,5.5,1,True,,0.00209,0.11328
CVE-2025-22083,7.8,1,True,,0.00209,0.11308
CVE-2023-54141,5.8,1,True,,0.00208,0.11277
CVE-2025-38044,5.5,1,True,,0.00208,0.11266
CVE-2024-45015,5.5,1,False,,0.00208,0.11228
CVE-2025-22121,7.1,1,True,,0.00208,0.11233
CVE-2024-42162,7.0,1,False,,0.00208,0.11234
CVE-2024-58051,5.5,1,True,,0.00208,0.11224
CVE-2025-37789,7.8,1,True,,0.00208,0.11188
CVE-2024-49910,5.5,1,False,,0.00208,0.11257
CVE-2024-49908,5.5,1,False,,0.00208,0.11258
CVE-2023-52918,5.5,1,True,,0.00208,0.11198
CVE-2024-26862,4.7,1,True,,0.00208,0.11289
CVE-2024-49916,5.5,1,False,,0.00208,0.11257
CVE-2025-37817,7.8,1,True,,0.00208,0.11189
CVE-2024-47752,5.5,1,False,,0.00208,0.11229
CVE-2025-21941,5.5,1,True,,0.00208,0.11291
CVE-2025-37819,7.8,1,True,,0.00208,0.11227
CVE-2025-37823,7.8,1,True,,0.00208,0.11189
CVE-2025-68788,2.5,1,True,,0.00208,0.11192
CVE-2023-54117,5.5,1,True,,0.00208,0.11276
CVE-2024-56765,7.8,1,True,,0.00208,0.11237
CVE-2024-26605,5.5,1,True,,0.00208,0.11201
CVE-2021-39713,7.0,2,True,,0.00207,0.11095
CVE-2025-40102,5.5,1,True,,0.00207,0.11153
CVE-2024-53129,5.5,1,True,,0.00207,0.11113
CVE-2025-40120,4.7,1,True,,0.00207,0.11091
CVE-2024-56725,5.5,1,True,,0.00207,0.11159
CVE-2024-56726,5.5,1,True,,0.00207,0.1116
CVE-2024-56777,5.5,1,True,,0.00207,0.11073
CVE-2024-56778,5.5,1,True,,0.00207,0.11072
CVE-2024-56776,5.5,1,True,,0.00207,0.11071
CVE-2024-56774,5.5,1,True,,0.00207,0.11074
CVE-2024-56755,5.5,1,True,,0.00207,0.1116
CVE-2024-56701,5.5,1,True,,0.00207,0.1116
CVE-2024-56625,5.5,1,True,,0.00207,0.11074
CVE-2024-56622,5.5,1,True,,0.00207,0.11074
CVE-2025-38034,5.5,1,True,,0.00207,0.11102
CVE-2024-47673,5.5,1,True,,0.00207,0.11114
CVE-2024-49856,5.5,1,True,,0.00207,0.11113
CVE-2025-68740,3.4,1,True,,0.00207,0.11115
CVE-2025-68742,4.7,1,True,,0.00207,0.11153
CVE-2025-68773,,1,True,,0.00207,0.11106
CVE-2025-37995,5.5,1,True,,0.00207,0.11139
CVE-2025-68776,5.5,1,True,,0.00207,0.11105
CVE-2025-68816,5.6,1,True,,0.00207,0.11106
CVE-2025-68787,,1,True,,0.00207,0.11106
CVE-2025-68820,5.5,1,True,,0.00207,0.11105
CVE-2025-71064,5.5,1,True,,0.00207,0.11105
CVE-2025-40127,,1,True,,0.00207,0.1109
CVE-2025-40223,,1,True,,0.00207,0.1109
CVE-2024-46857,5.5,1,True,,0.00207,0.11096
CVE-2025-40179,4.7,1,True,,0.00207,0.11089
CVE-2025-40231,5.5,1,True,,0.00207,0.1109
CVE-2024-47753,5.5,1,True,,0.00207,0.11115
CVE-2024-50229,5.5,1,True,,0.00207,0.11069
CVE-2026-23005,5.5,1,True,,0.00207,0.11122
CVE-2024-56716,5.5,1,True,,0.00207,0.1116
CVE-2023-53257,7.8,1,True,,0.00207,0.11162
CVE-2025-68363,5.5,1,True,,0.00207,0.11182
CVE-2025-40060,,1,True,,0.00207,0.1109
CVE-2023-53989,5.5,1,True,,0.00207,0.11181
CVE-2023-53995,5.5,1,True,,0.00207,0.11182
CVE-2024-47665,5.5,1,True,,0.00207,0.11114
CVE-2024-49850,5.5,1,True,,0.00207,0.11115
CVE-2024-50192,4.7,1,True,,0.00207,0.11183
CVE-2026-80791,,1,True,,0.00207,0.11119
CVE-2024-56787,5.5,1,True,,0.00207,0.11072
CVE-2024-55881,5.5,1,True,,0.00207,0.11071
CVE-2024-57849,7.8,1,True,,0.00207,0.11066
CVE-2024-56763,5.5,1,True,,0.00207,0.11073
CVE-2024-50198,5.5,1,True,,0.00207,0.11114
CVE-2024-50196,5.5,1,True,,0.00207,0.11114
CVE-2025-37808,5.5,1,True,,0.00207,0.11103
CVE-2024-25740,5.5,1,False,,0.00207,0.11102
CVE-2025-40029,5.5,1,True,,0.00207,0.11089
CVE-2024-53234,5.5,1,True,,0.00207,0.11072
CVE-2025-23146,5.5,1,True,,0.00207,0.11103
CVE-2025-23147,5.5,1,True,,0.00207,0.11103
CVE-2025-37738,7.8,1,True,,0.00207,0.1114
CVE-2024-57939,5.5,1,True,,0.00207,0.11071
CVE-2024-26923,4.7,2,True,,0.00207,0.11145
CVE-2023-52919,5.5,1,True,,0.00207,0.11115
CVE-2025-68289,,1,True,,0.00207,0.11089
CVE-2025-68295,5.5,1,True,,0.00207,0.11091
CVE-2026-72341,5.5,1,False,,0.00207,0.11084
CVE-2024-42123,4.4,1,False,,0.00207,0.11156
CVE-2025-68200,5.5,1,True,,0.00207,0.11092
CVE-2026-72321,5.5,1,False,,0.00207,0.11085
CVE-2024-53154,5.5,1,True,,0.00207,0.11073
CVE-2025-68191,3.3,1,True,,0.00207,0.11091
CVE-2026-93115,,1,False,,0.00206,0.10941
CVE-2026-90053,,1,False,,0.00206,0.10944
CVE-2026-72013,5.5,1,True,,0.00206,0.10943
CVE-2026-89983,,1,False,,0.00206,0.1094
CVE-2026-89993,,1,False,,0.00206,0.10946
CVE-2026-72030,5.5,1,True,,0.00206,0.1094
CVE-2026-72040,5.5,1,True,,0.00206,0.10943
CVE-2025-37958,5.5,1,True,,0.00206,0.1096
CVE-2026-90063,,1,False,,0.00206,0.10948
CVE-2026-72017,5.5,1,True,,0.00206,0.10938
CVE-2026-72161,5.5,1,True,,0.00206,0.10942
CVE-2026-72237,5.5,1,True,,0.00206,0.10939
CVE-2026-23236,5.5,1,True,,0.00206,0.1096
CVE-2026-72156,5.5,1,True,,0.00206,0.10942
CVE-2026-72167,5.5,1,True,,0.00206,0.10942
CVE-2026-90090,,1,False,,0.00206,0.10938
CVE-2026-90078,,1,False,,0.00206,0.10943
CVE-2025-71109,5.5,1,False,,0.00206,0.10953
CVE-2026-72086,5.5,1,True,,0.00206,0.10945
CVE-2026-72467,5.5,1,True,,0.00206,0.10948
CVE-2026-63962,7.0,1,False,,0.00206,0.10917
CVE-2026-63959,,1,False,,0.00206,0.10917
CVE-2026-90180,,1,False,,0.00206,0.10939
CVE-2026-74271,7.0,1,True,,0.00206,0.10945
CVE-2025-21950,7.1,1,True,,0.00206,0.1104
CVE-2025-21684,5.5,1,True,,0.00206,0.10955
CVE-2026-89822,,1,False,,0.00206,0.10939
CVE-2024-58079,5.5,1,True,,0.00206,0.1102
CVE-2026-72290,5.5,1,True,,0.00206,0.10947
CVE-2026-72305,5.5,1,True,,0.00206,0.10944
CVE-2026-90287,,1,False,,0.00206,0.10944
CVE-2024-47664,5.5,1,False,,0.00206,0.11014
CVE-2024-46860,5.5,1,False,,0.00206,0.1097
CVE-2024-58063,5.5,1,True,,0.00206,0.11057
CVE-2025-68814,5.5,1,True,,0.00206,0.11049
CVE-2026-90122,,1,False,,0.00206,0.10944
CVE-2026-90124,,1,False,,0.00206,0.10938
CVE-2026-90209,,1,False,,0.00206,0.1094
CVE-2025-39997,5.5,1,True,,0.00206,0.11057
CVE-2024-50069,5.5,1,True,,0.00206,0.11015
CVE-2026-89625,7.0,1,False,,0.00206,0.11055
CVE-2024-49893,5.5,1,False,,0.00206,0.11044
CVE-2026-68169,7.0,1,True,,0.00206,0.10942
CVE-2024-53056,5.5,1,False,,0.00206,0.11044
CVE-2026-68190,5.5,1,True,,0.00206,0.10945
CVE-2026-68181,7.0,1,True,,0.00206,0.10941
CVE-2026-72214,5.5,1,True,,0.00206,0.10947
CVE-2026-72177,5.5,1,True,,0.00206,0.10946
CVE-2026-72179,5.5,1,True,,0.00206,0.10947
CVE-2024-57888,5.5,1,False,,0.00206,0.1095
CVE-2026-93185,,1,False,,0.00206,0.10939
CVE-2026-92476,,1,False,,0.00206,0.10946
CVE-2026-93161,,1,False,,0.00206,0.10943
CVE-2026-93109,,1,False,,0.00206,0.10941
CVE-2024-56611,5.5,1,False,,0.00206,0.10949
CVE-2026-72384,5.5,1,True,,0.00206,0.10946
CVE-2024-53134,5.5,1,False,,0.00206,0.11016
CVE-2026-90253,,1,False,,0.00206,0.1094
CVE-2024-53114,5.5,1,False,,0.00206,0.11044
CVE-2026-72216,5.5,1,True,,0.00206,0.10948
CVE-2025-23141,5.5,1,True,,0.00206,0.11036
CVE-2026-72257,5.5,1,True,,0.00206,0.10947
CVE-2026-93117,,1,False,,0.00205,0.10899
CVE-2023-54136,5.8,1,True,,0.00205,0.10802
CVE-2026-93182,,1,False,,0.00205,0.10895
CVE-2026-89989,,1,False,,0.00205,0.10893
CVE-2023-54240,,1,True,,0.00205,0.10832
CVE-2026-90352,,1,False,,0.00205,0.1089
CVE-2025-40360,5.5,1,True,,0.00205,0.10803
CVE-2025-22026,5.5,1,True,,0.00205,0.10774
CVE-2025-37979,7.8,1,True,,0.00205,0.10865
CVE-2023-52642,7.8,1,True,,0.00205,0.10871
CVE-2026-92481,,1,False,,0.00205,0.109
CVE-2026-89926,,1,False,,0.00205,0.10897
CVE-2024-57993,5.5,1,True,,0.00205,0.10877
CVE-2024-58097,5.5,1,False,,0.00205,0.10864
CVE-2023-53799,4.7,1,True,,0.00205,0.10799
CVE-2026-90184,,1,False,,0.00205,0.10895
CVE-2026-90185,,1,False,,0.00205,0.10892
CVE-2026-89776,,1,False,,0.00205,0.10896
CVE-2026-89785,,1,False,,0.00205,0.10892
CVE-2026-89787,,1,False,,0.00205,0.10892
CVE-2026-90196,,1,False,,0.00205,0.10891
CVE-2026-89817,,1,False,,0.00205,0.10901
CVE-2026-90190,,1,False,,0.00205,0.10901
CVE-2026-90188,,1,False,,0.00205,0.10901
CVE-2026-90194,,1,False,,0.00205,0.10902
CVE-2025-22095,5.5,1,True,,0.00205,0.10877
CVE-2024-24861,6.3,2,True,,0.00205,0.10747
CVE-2025-22111,5.5,1,True,,0.00205,0.10877
CVE-2025-21705,5.5,1,True,,0.00205,0.10877
CVE-2025-21706,5.5,1,True,,0.00205,0.10878
CVE-2025-68176,5.5,1,True,,0.00205,0.10801
CVE-2026-90186,,1,False,,0.00205,0.10891
CVE-2026-92494,,1,False,,0.00205,0.109
CVE-2026-89939,,1,False,,0.00205,0.10898
CVE-2025-21913,5.5,1,True,,0.00205,0.10878
CVE-2025-40346,5.5,1,True,,0.00205,0.10802
CVE-2026-90108,,1,False,,0.00205,0.10894
CVE-2026-90140,,1,False,,0.00205,0.10898
CVE-2026-89824,,1,False,,0.00205,0.10894
CVE-2023-54064,5.5,1,True,,0.00205,0.10804
CVE-2025-38494,7.8,1,True,,0.00205,0.10792
CVE-2026-72097,5.5,1,True,,0.00205,0.10898
CVE-2024-56785,5.5,1,True,,0.00205,0.10839
CVE-2026-31771,5.5,1,False,,0.00205,0.10774
CVE-2025-37766,5.5,1,True,,0.00205,0.1083
CVE-2026-80730,,1,True,,0.00205,0.10896
CVE-2025-23143,5.5,1,True,,0.00205,0.10876
CVE-2025-23148,5.5,1,True,,0.00205,0.10829
CVE-2026-68165,5.5,1,True,,0.00205,0.10897
CVE-2024-56775,7.8,1,False,,0.00205,0.10775
CVE-2024-57874,6.1,1,True,,0.00205,0.10785
CVE-2025-68282,6.3,1,True,,0.00205,0.10804
CVE-2026-90221,,1,False,,0.00205,0.1089
CVE-2026-68386,5.5,1,True,,0.00205,0.10895
CVE-2024-53121,5.5,1,True,,0.00205,0.10784
CVE-2026-89604,5.5,1,False,,0.00205,0.10894
CVE-2026-89444,7.0,1,False,,0.00205,0.10899
CVE-2026-89463,5.5,1,False,,0.00205,0.10899
CVE-2026-89475,5.5,1,False,,0.00205,0.109
CVE-2025-68288,5.5,1,True,,0.00205,0.10802
CVE-2026-80951,7.0,1,False,,0.00205,0.10897
CVE-2026-90257,,1,False,,0.00205,0.10894
CVE-2026-90248,,1,False,,0.00205,0.10891
CVE-2026-90254,,1,False,,0.00205,0.10891
CVE-2026-68194,5.5,1,True,,0.00205,0.10898
CVE-2025-68296,4.7,1,False,,0.00205,0.10862
CVE-2025-68290,,1,True,,0.00205,0.10799
CVE-2026-68269,5.5,1,True,,0.00205,0.10892
CVE-2026-93152,,1,False,,0.00205,0.10893
CVE-2026-93052,,1,False,,0.00205,0.10896
CVE-2026-93050,,1,False,,0.00205,0.109
CVE-2026-92514,,1,False,,0.00205,0.10902
CVE-2026-80840,,1,True,,0.00205,0.10782
CVE-2026-93130,,1,False,,0.00205,0.10899
CVE-2026-72391,5.5,1,True,,0.00205,0.10895
CVE-2026-93149,,1,False,,0.00205,0.10893
CVE-2025-21937,5.5,1,True,,0.00204,0.10635
CVE-2025-21936,5.5,1,True,,0.00204,0.10635
CVE-2025-21963,5.5,1,True,,0.00204,0.10722
CVE-2024-56783,5.5,1,True,,0.00204,0.10725
CVE-2025-23160,5.5,1,True,,0.00204,0.10634
CVE-2024-35898,5.5,2,True,,0.00204,0.10646
CVE-2025-37921,7.8,1,True,,0.00204,0.10742
CVE-2025-21881,5.5,1,True,,0.00204,0.10636
CVE-2025-22033,5.5,1,True,,0.00204,0.10636
CVE-2024-41080,5.5,1,True,,0.00204,0.10745
CVE-2025-37911,5.5,1,True,,0.00204,0.10742
CVE-2025-37936,5.5,1,True,,0.00204,0.10737
CVE-2025-21918,5.5,1,True,,0.00204,0.10636
CVE-2023-54272,,1,True,,0.00204,0.10686
CVE-2025-21835,5.5,1,True,,0.00204,0.10617
CVE-2025-21719,7.1,1,True,,0.00204,0.10637
CVE-2025-22103,5.5,1,False,,0.00204,0.10686
CVE-2025-22093,5.5,1,True,,0.00204,0.10637
CVE-2025-21750,5.5,1,True,,0.00204,0.10636
CVE-2025-68229,5.5,1,True,,0.00204,0.10695
CVE-2024-58095,5.5,1,True,,0.00204,0.10686
CVE-2024-46808,5.5,1,False,,0.00204,0.10617
CVE-2023-52924,5.5,1,True,,0.00204,0.10621
CVE-2024-47794,5.5,1,False,,0.00204,0.10685
CVE-2025-21662,5.5,1,True,,0.00204,0.10736
CVE-2025-37801,5.5,1,True,,0.00203,0.10578
CVE-2025-68798,5.5,1,True,,0.00203,0.10528
CVE-2025-68797,,1,True,,0.00203,0.10528
CVE-2025-68771,,1,True,,0.00203,0.10528
CVE-2024-58016,5.5,1,True,,0.00203,0.10595
CVE-2024-46681,5.5,1,False,,0.00203,0.10562
CVE-2025-22105,5.5,1,True,,0.00203,0.1058
CVE-2024-47679,4.7,1,True,,0.00203,0.10575
CVE-2026-89796,,1,False,,0.00203,0.10611
CVE-2025-21658,5.5,1,False,,0.00203,0.10524
CVE-2025-21656,5.5,1,False,,0.00203,0.10524
CVE-2025-68780,5.5,1,True,,0.00203,0.10528
CVE-2023-53653,5.5,1,True,,0.00203,0.10532
CVE-2025-68767,,1,True,,0.00203,0.10529
CVE-2024-57916,5.5,1,True,,0.00203,0.10524
CVE-2025-21962,5.5,1,True,,0.00203,0.10514
CVE-2025-21964,5.5,1,True,,0.00203,0.10514
CVE-2026-68349,7.0,1,True,,0.00203,0.10615
CVE-2023-53631,5.5,1,True,,0.00203,0.10532
CVE-2025-21894,5.5,1,False,,0.00203,0.10547
CVE-2025-21992,5.5,1,True,,0.00203,0.10514
CVE-2025-38009,5.5,1,True,,0.00203,0.10525
CVE-2025-37931,5.5,1,True,,0.00203,0.10498
CVE-2025-21693,5.5,1,False,,0.00203,0.10616
CVE-2025-71197,,1,True,,0.00203,0.10588
CVE-2025-38072,5.5,1,True,,0.00203,0.10511
CVE-2025-38051,7.0,1,True,,0.00203,0.10499
CVE-2025-38031,5.5,1,True,,0.00203,0.10526
CVE-2024-57930,5.5,1,True,,0.00202,0.10443
CVE-2025-40006,4.7,1,True,,0.00202,0.10368
CVE-2025-38616,7.1,1,True,,0.00202,0.10404
CVE-2025-68380,6.5,1,True,,0.00202,0.10395
CVE-2025-37780,7.1,1,True,,0.00202,0.10401
CVE-2023-54299,5.5,1,True,,0.00202,0.10425
CVE-2025-68813,5.5,1,True,,0.00202,0.10424
CVE-2025-68804,,1,True,,0.00202,0.10426
CVE-2025-21716,5.5,1,True,,0.00202,0.10463
CVE-2025-68821,5.5,1,True,,0.00202,0.10427
CVE-2025-38491,5.5,1,True,,0.00202,0.10358
CVE-2025-21728,5.5,1,True,,0.00202,0.10451
CVE-2024-26643,5.5,1,True,,0.00202,0.10413
CVE-2025-68783,5.5,1,True,,0.00202,0.10427
CVE-2025-22113,5.5,1,False,,0.00202,0.10471
CVE-2025-21997,5.5,1,True,,0.00202,0.10418
CVE-2023-54253,4.4,1,True,,0.00202,0.10394
CVE-2025-21872,5.5,1,False,,0.00202,0.10475
CVE-2024-42230,4.4,1,True,,0.00202,0.10411
CVE-2025-21816,5.5,1,True,,0.00202,0.10462
CVE-2025-22028,5.5,1,False,,0.00202,0.10355
CVE-2024-26984,5.5,2,True,,0.00202,0.10492
CVE-2025-22070,5.5,1,False,,0.00202,0.10356
CVE-2024-46829,5.5,1,True,,0.00202,0.10457
CVE-2025-68777,,1,True,,0.00202,0.10426
CVE-2025-68769,,1,True,,0.00202,0.10423
CVE-2025-38298,7.8,1,True,,0.00202,0.10406
CVE-2024-58009,5.5,1,True,,0.00202,0.1037
CVE-2025-68796,,1,True,,0.00202,0.10424
CVE-2024-46730,5.5,1,False,,0.00202,0.10419
CVE-2025-71069,,1,True,,0.00202,0.10424
CVE-2025-37992,5.5,1,True,,0.00201,0.10289
CVE-2025-40259,7.0,1,True,,0.00201,0.10311
CVE-2025-68245,6.1,1,True,,0.00201,0.1031
CVE-2025-21660,5.5,1,True,,0.00201,0.10334
CVE-2025-68173,5.5,1,True,,0.00201,0.10293
CVE-2025-38065,5.5,1,True,,0.00201,0.10263
CVE-2025-40321,6.4,1,True,,0.00201,0.10311
CVE-2025-40294,7.3,1,True,,0.00201,0.10294
CVE-2026-80807,,1,True,,0.00201,0.10234
CVE-2023-53336,5.5,1,False,,0.00201,0.10229
CVE-2025-40315,,1,True,,0.00201,0.1031
CVE-2025-40032,,1,True,,0.00201,0.10291
CVE-2025-40293,5.5,1,True,,0.00201,0.10291
CVE-2023-3161,5.5,1,True,,0.00201,0.10345
CVE-2025-68201,,1,True,,0.00201,0.10293
CVE-2026-53137,7.8,1,True,,0.00201,0.10257
CVE-2025-21802,5.5,1,True,,0.00201,0.10285
CVE-2025-39826,7.0,1,True,,0.00201,0.10298
CVE-2025-21749,5.5,1,True,,0.00201,0.10228
CVE-2025-71163,5.5,1,True,,0.00201,0.10308
CVE-2025-37949,5.5,1,True,,0.00201,0.10263
CVE-2025-21734,7.8,1,True,,0.00201,0.10347
CVE-2026-64572,7.1,1,True,,0.00201,0.10348
CVE-2025-37770,5.5,1,True,,0.00201,0.10336
CVE-2025-37768,5.5,1,True,,0.00201,0.10336
CVE-2025-38201,7.8,1,True,,0.00201,0.10256
CVE-2024-35899,5.5,1,True,,0.00201,0.10275
CVE-2025-40036,,1,True,,0.00201,0.10293
CVE-2025-40056,4.7,1,True,,0.00201,0.10292
CVE-2026-89527,5.5,1,False,,0.00201,0.10259
CVE-2026-93163,,1,False,,0.002,0.10156
CVE-2026-93155,,1,False,,0.002,0.10116
CVE-2026-93172,,1,False,,0.002,0.10115
CVE-2026-93128,,1,False,,0.002,0.10106
CVE-2026-93062,,1,False,,0.002,0.1015
CVE-2026-93150,,1,False,,0.002,0.10115
CVE-2026-93184,,1,False,,0.002,0.10105
CVE-2025-21979,7.8,1,True,,0.002,0.10123
CVE-2025-37824,5.5,1,True,,0.002,0.10209
CVE-2026-89566,5.5,1,False,,0.002,0.10119
CVE-2026-89567,5.5,1,False,,0.002,0.10118
CVE-2026-90213,,1,False,,0.002,0.10113
CVE-2026-68185,,1,False,,0.002,0.1012
CVE-2026-80739,,1,False,,0.002,0.1012
CVE-2026-80755,,1,False,,0.002,0.10112
CVE-2024-57977,5.5,1,True,,0.002,0.102
CVE-2026-72168,5.5,1,False,,0.002,0.10154
CVE-2025-37781,5.5,1,True,,0.002,0.1021
CVE-2026-80974,5.5,1,False,,0.002,0.10114
CVE-2023-53354,5.5,1,True,,0.002,0.10136
CVE-2026-80990,5.5,1,False,,0.002,0.1011
CVE-2026-90250,,1,False,,0.002,0.10101
CVE-2026-89484,5.5,1,False,,0.002,0.10107
CVE-2026-80999,5.5,1,False,,0.002,0.10109
CVE-2026-93072,,1,False,,0.002,0.10154
CVE-2026-68396,5.5,1,False,,0.002,0.10101
CVE-2026-89740,5.5,1,False,,0.002,0.10119
CVE-2026-72147,5.5,1,False,,0.002,0.10162
CVE-2026-90138,,1,False,,0.002,0.10102
CVE-2026-90119,,1,False,,0.002,0.10114
CVE-2026-90125,,1,False,,0.002,0.101
CVE-2026-90313,,1,False,,0.002,0.10101
CVE-2026-90148,,1,False,,0.002,0.101
CVE-2026-90166,,1,False,,0.002,0.10122
CVE-2026-90152,,1,False,,0.002,0.101
CVE-2026-90150,,1,False,,0.002,0.10158
CVE-2026-89794,,1,False,,0.002,0.10155
CVE-2025-22022,7.8,1,True,,0.002,0.10213
CVE-2026-90322,,1,False,,0.002,0.10158
CVE-2021-34981,6.7,1,True,,0.002,0.10068
CVE-2026-63963,5.5,1,False,,0.002,0.10158
CVE-2026-90135,,1,False,,0.002,0.10105
CVE-2026-90139,,1,False,,0.002,0.10156
CVE-2026-90187,,1,False,,0.002,0.10159
CVE-2026-90112,,1,False,,0.002,0.10159
CVE-2026-89884,,1,False,,0.002,0.10118
CVE-2023-54304,,1,True,,0.002,0.10214
CVE-2026-89944,,1,False,,0.002,0.10123
CVE-2025-21804,5.5,1,True,,0.002,0.10079
CVE-2026-89834,,1,False,,0.002,0.10111
CVE-2026-90109,,1,False,,0.002,0.10111
CVE-2026-89835,,1,False,,0.002,0.10154
CVE-2025-21870,5.5,1,False,,0.002,0.10126
CVE-2026-90368,,1,False,,0.002,0.10157
CVE-2026-90385,,1,False,,0.002,0.10121
CVE-2026-90076,,1,False,,0.002,0.10164
CVE-2026-89975,,1,False,,0.002,0.10122
CVE-2026-89933,,1,False,,0.002,0.10116
CVE-2026-89934,,1,False,,0.002,0.10123
CVE-2026-72336,5.5,1,False,,0.002,0.10155
CVE-2026-89958,,1,False,,0.002,0.10123
CVE-2026-89962,,1,False,,0.002,0.10108
CVE-2026-90066,,1,False,,0.002,0.10114
CVE-2026-72007,5.5,1,False,,0.002,0.10151
CVE-2023-52625,5.5,1,False,,0.002,0.10194
CVE-2026-90389,,1,False,,0.002,0.10121
CVE-2023-4134,5.5,1,False,,0.002,0.10099
CVE-2023-35823,7.0,1,True,,0.002,0.10198
CVE-2026-89955,,1,False,,0.002,0.10117
CVE-2026-72028,5.5,1,False,,0.002,0.10153
CVE-2026-90021,5.5,1,False,,0.002,0.10163
CVE-2026-90060,,1,False,,0.002,0.10152
CVE-2025-71191,5.5,1,True,,0.00199,0.09979
CVE-2025-71186,5.5,1,True,,0.00199,0.09979
CVE-2025-71190,5.5,1,True,,0.00199,0.0998
CVE-2025-71185,5.5,1,True,,0.00199,0.0998
CVE-2023-54113,4.5,1,True,,0.00199,0.10033
CVE-2025-68219,5.5,1,False,,0.00199,0.10037
CVE-2025-22126,7.8,1,True,,0.00199,0.10005
CVE-2025-68188,5.5,1,False,,0.00199,0.09967
CVE-2025-21768,5.5,1,False,,0.00199,0.10029
CVE-2025-21907,5.5,1,False,,0.00199,0.10028
CVE-2025-21871,5.5,1,True,,0.00199,0.10026
CVE-2023-53743,5.5,1,True,,0.00199,0.10041
CVE-2023-53708,4.0,1,True,,0.00199,0.10032
CVE-2023-54066,5.5,1,True,,0.00199,0.1004
CVE-2023-5158,5.5,1,True,,0.00199,0.09992
CVE-2021-3923,2.3,1,True,,0.00199,0.09944
CVE-2025-40180,,1,False,,0.00199,0.0997
CVE-2025-38361,7.8,1,True,,0.00199,0.09951
CVE-2025-40137,,1,False,,0.00199,0.10039
CVE-2023-54143,,1,True,,0.00199,0.10035
CVE-2021-0605,4.4,1,True,,0.00199,0.09933
CVE-2024-56729,4.7,1,False,,0.00199,0.09961
CVE-2025-40057,5.5,1,False,,0.00199,0.09969
CVE-2024-42140,5.5,1,True,,0.00199,0.09991
CVE-2024-49985,5.5,1,True,,0.00199,0.10019
CVE-2023-53697,4.7,1,True,,0.00199,0.10035
CVE-2025-37829,5.5,1,True,,0.00199,0.09954
CVE-2025-22008,5.5,1,True,,0.00198,0.09897
CVE-2026-72337,5.5,1,False,,0.00198,0.09844
CVE-2026-89987,,1,False,,0.00198,0.0985
CVE-2026-89996,,1,False,,0.00198,0.09861
CVE-2026-92499,,1,False,,0.00198,0.0985
CVE-2025-21970,5.5,1,True,,0.00198,0.09789
CVE-2025-23155,5.5,1,True,,0.00198,0.0983
CVE-2026-90264,,1,False,,0.00198,0.09817
CVE-2026-90328,,1,False,,0.00198,0.09859
CVE-2023-0590,4.7,1,True,,0.00198,0.0988
CVE-2026-89956,,1,False,,0.00198,0.09811
CVE-2025-21729,5.5,1,False,,0.00198,0.09918
CVE-2024-26948,5.5,1,False,,0.00198,0.09835
CVE-2025-21838,5.5,1,True,,0.00198,0.0984
CVE-2024-26974,7.0,2,True,,0.00198,0.09886
CVE-2026-74261,5.5,1,False,,0.00198,0.09856
CVE-2026-90232,,1,False,,0.00198,0.09814
CVE-2026-90247,,1,False,,0.00198,0.09851
CVE-2026-68241,5.5,1,False,,0.00198,0.0982
CVE-2025-40005,5.5,1,True,,0.00198,0.09921
CVE-2026-68412,5.5,1,False,,0.00198,0.09825
CVE-2026-90265,,1,False,,0.00198,0.09827
CVE-2026-90259,,1,False,,0.00198,0.09817
CVE-2026-89921,,1,False,,0.00198,0.09822
CVE-2025-68325,,1,True,,0.00198,0.09837
CVE-2026-90084,,1,False,,0.00198,0.09819
CVE-2026-90083,,1,False,,0.00198,0.09818
CVE-2026-89543,7.0,1,False,,0.00198,0.09824
CVE-2025-68366,7.1,1,True,,0.00198,0.09837
CVE-2025-68367,5.3,1,True,,0.00198,0.09838
CVE-2025-38074,5.5,1,True,,0.00198,0.0992
CVE-2025-68372,5.5,1,True,,0.00198,0.09837
CVE-2025-68734,5.5,1,True,,0.00198,0.09838
CVE-2025-68733,,1,True,,0.00198,0.09838
CVE-2024-43824,5.5,1,False,,0.00198,0.09836
CVE-2023-53992,3.3,1,True,,0.00198,0.09863
CVE-2026-90116,,1,False,,0.00198,0.09812
CVE-2026-90179,,1,False,,0.00198,0.09848
CVE-2026-89797,,1,False,,0.00198,0.0986
CVE-2026-89722,5.5,1,False,,0.00198,0.09813
CVE-2026-90097,,1,False,,0.00198,0.09821
CVE-2025-37901,5.5,1,True,,0.00198,0.09912
CVE-2026-89837,,1,False,,0.00198,0.09858
CVE-2026-89833,,1,False,,0.00198,0.09859
CVE-2023-35824,7.0,1,True,,0.00198,0.09862
CVE-2023-2985,5.5,1,True,,0.00198,0.09804
CVE-2026-93058,,1,False,,0.00198,0.09861
CVE-2026-93146,,1,False,,0.00198,0.09814
CVE-2024-40953,4.7,1,True,,0.00197,0.09676
CVE-2025-40345,6.8,1,True,,0.00197,0.09726
CVE-2025-68190,,1,False,,0.00197,0.09748
CVE-2025-40312,4.5,1,True,,0.00197,0.09727
CVE-2024-38598,5.5,2,True,,0.00197,0.09709
CVE-2025-68786,,1,True,,0.00197,0.09745
CVE-2025-71067,,1,True,,0.00197,0.09745
CVE-2025-71065,,1,False,,0.00197,0.09662
CVE-2023-53649,5.5,1,True,,0.00197,0.09737
CVE-2025-38027,7.1,1,True,,0.00197,0.09718
CVE-2024-40943,4.7,1,True,,0.00197,0.09784
CVE-2023-54281,5.5,1,True,,0.00197,0.09662
CVE-2023-54271,5.5,1,True,,0.00197,0.09663
CVE-2024-46794,3.3,1,True,,0.00197,0.09775
CVE-2025-68778,5.5,1,True,,0.00197,0.09745
CVE-2025-38079,7.8,1,True,,0.00197,0.09701
CVE-2021-47055,5.5,1,True,,0.00197,0.09659
CVE-2023-53647,5.5,1,True,,0.00197,0.09778
CVE-2025-68332,,1,True,,0.00197,0.09726
CVE-2024-57903,5.5,1,True,,0.00197,0.09695
CVE-2025-37767,5.5,1,True,,0.00197,0.09704
CVE-2026-31786,7.3,1,True,,0.00197,0.09704
CVE-2025-68258,,1,True,,0.00197,0.09727
CVE-2025-68257,,1,True,,0.00197,0.09726
CVE-2022-20132,4.6,1,True,,0.00197,0.09763
CVE-2025-68266,,1,True,,0.00197,0.09726
CVE-2025-68239,4.7,1,True,,0.00197,0.09673
CVE-2025-68768,4.4,1,False,,0.00197,0.09662
CVE-2025-68772,,1,True,,0.00197,0.09666
CVE-2023-53706,5.8,1,True,,0.00197,0.09749
CVE-2023-54224,5.5,1,True,,0.00197,0.09745
CVE-2023-54154,5.5,1,True,,0.00197,0.09751
CVE-2023-54145,3.3,1,True,,0.00197,0.09751
CVE-2025-40020,5.5,1,True,,0.00197,0.09727
CVE-2025-37800,5.5,1,False,,0.00197,0.09697
CVE-2024-42139,5.5,1,False,,0.00197,0.09706
CVE-2023-54181,5.3,1,True,,0.00197,0.09664
CVE-2025-38591,5.5,1,True,,0.00197,0.09765
CVE-2023-45896,4.5,1,True,,0.00197,0.0972
CVE-2025-40279,6.1,1,True,,0.00197,0.09673
CVE-2025-68312,4.7,1,True,,0.00197,0.09727
CVE-2024-26629,5.5,1,True,,0.00197,0.09729
CVE-2024-21823,6.4,1,True,,0.00196,0.09536
CVE-2026-68413,5.5,1,True,,0.00196,0.09616
CVE-2025-21976,5.5,1,False,,0.00196,0.09559
CVE-2024-49965,5.5,1,True,,0.00196,0.09603
CVE-2025-68750,,1,True,,0.00196,0.09618
CVE-2023-54246,2.5,1,True,,0.00196,0.0954
CVE-2026-90034,,1,False,,0.00196,0.09616
CVE-2026-89765,5.3,1,False,,0.00196,0.09583
CVE-2026-90031,,1,False,,0.00196,0.09583
CVE-2026-90033,,1,False,,0.00196,0.09583
CVE-2025-38022,7.8,1,True,,0.00196,0.09549
CVE-2025-71162,7.8,1,True,,0.00196,0.09623
CVE-2025-21826,5.5,1,True,,0.00196,0.09624
CVE-2025-21714,6.7,1,False,,0.00196,0.09558
CVE-2025-37994,5.5,1,True,,0.00196,0.09538
CVE-2025-21985,7.1,1,False,,0.00196,0.09559
CVE-2026-93188,,1,False,,0.00196,0.09583
CVE-2024-26810,4.4,1,True,,0.00196,0.09533
CVE-2026-93191,,1,False,,0.00196,0.09616
CVE-2025-40275,4.3,1,True,,0.00195,0.09528
CVE-2026-53072,7.0,1,True,,0.00195,0.0947
CVE-2025-40197,4.7,1,True,,0.00195,0.09527
CVE-2025-40194,5.8,1,True,,0.00195,0.09526
CVE-2026-80782,,1,True,,0.00195,0.09488
CVE-2025-21968,7.8,1,True,,0.00195,0.0952
CVE-2025-71189,5.5,1,True,,0.00195,0.09426
CVE-2026-80843,,1,True,,0.00195,0.09485
CVE-2025-40200,4.4,1,True,,0.00195,0.09527
CVE-2026-80783,,1,True,,0.00195,0.09476
CVE-2025-40211,5.5,1,True,,0.00195,0.09526
CVE-2026-80794,,1,True,,0.00195,0.0949
CVE-2026-80790,,1,True,,0.00195,0.09484
CVE-2026-80792,,1,True,,0.00195,0.09491
CVE-2026-80788,6.2,1,True,,0.00195,0.09484
CVE-2026-80793,,1,True,,0.00195,0.09491
CVE-2025-71188,5.5,1,False,,0.00195,0.09425
CVE-2026-80826,,1,True,,0.00195,0.0949
CVE-2025-40308,4.5,1,True,,0.00195,0.09524
CVE-2025-40154,7.0,1,True,,0.00195,0.09525
CVE-2023-54196,,1,True,,0.00195,0.09444
CVE-2024-38589,5.5,2,True,,0.00195,0.09422
CVE-2023-3358,5.5,1,True,,0.00195,0.0953
CVE-2025-40153,5.5,1,True,,0.00195,0.09525
CVE-2023-52615,5.5,2,True,,0.00195,0.09422
CVE-2023-54235,3.3,1,True,,0.00195,0.09466
CVE-2023-54263,4.4,1,True,,0.00195,0.0948
CVE-2026-74382,5.5,1,True,,0.00195,0.09475
CVE-2024-35809,4.7,2,True,,0.00195,0.09449
CVE-2025-38194,5.5,1,True,,0.00195,0.09444
CVE-2023-53728,5.5,1,True,,0.00195,0.09528
CVE-2023-53722,4.4,1,True,,0.00195,0.09528
CVE-2024-41020,4.7,1,True,,0.00195,0.09497
CVE-2026-23026,5.5,1,True,,0.00195,0.09425
CVE-2024-35931,5.5,1,False,,0.00195,0.09519
CVE-2025-37805,5.5,1,True,,0.00195,0.0951
CVE-2026-80814,,1,True,,0.00195,0.09491
CVE-2026-80809,,1,True,,0.00195,0.09492
CVE-2026-80819,,1,True,,0.00195,0.09487
CVE-2026-80823,,1,True,,0.00195,0.09487
CVE-2026-80844,8.3,1,True,,0.00195,0.09487
CVE-2026-80765,,1,True,,0.00195,0.09491
CVE-2026-80767,,1,True,,0.00195,0.0949
CVE-2026-80830,,1,True,,0.00195,0.09486
CVE-2026-80781,,1,True,,0.00195,0.09485
CVE-2026-80805,,1,True,,0.00195,0.09488
CVE-2026-80848,,1,True,,0.00195,0.09489
CVE-2026-80846,,1,True,,0.00195,0.09486
CVE-2026-80796,,1,True,,0.00195,0.09489
CVE-2026-80795,,1,True,,0.00195,0.09489
CVE-2026-80827,,1,True,,0.00195,0.09486
CVE-2026-80808,,1,True,,0.00195,0.09488
CVE-2026-80803,,1,True,,0.00195,0.09492
CVE-2026-80802,,1,True,,0.00195,0.09488
CVE-2026-80797,,1,True,,0.00195,0.09486
CVE-2026-80801,,1,True,,0.00195,0.09487
CVE-2025-37771,5.5,1,True,,0.00195,0.0951
CVE-2025-40106,,1,True,,0.00195,0.09524
CVE-2026-68398,7.8,1,True,,0.00195,0.0947
CVE-2026-23011,5.5,1,True,,0.00195,0.09425
CVE-2026-64495,,1,True,,0.00195,0.09476
CVE-2026-23001,7.8,1,True,,0.00195,0.09504
CVE-2026-23025,7.8,1,True,,0.00195,0.09504
CVE-2026-64538,5.3,1,True,,0.00195,0.09485
CVE-2026-80824,,1,True,,0.00195,0.09489
CVE-2026-80829,,1,True,,0.00195,0.09492
CVE-2025-21867,7.0,1,True,,0.00194,0.09315
CVE-2025-71238,7.8,1,True,,0.00194,0.09372
CVE-2025-38111,7.1,1,True,,0.00194,0.09407
CVE-2025-21975,5.5,1,True,,0.00194,0.09377
CVE-2025-39730,7.8,1,True,,0.00194,0.09391
CVE-2024-38600,5.5,1,True,,0.00194,0.09346
CVE-2025-37769,5.5,1,True,,0.00194,0.09365
CVE-2025-21981,5.5,1,True,,0.00194,0.09377
CVE-2025-21801,5.5,1,False,,0.00194,0.09393
CVE-2024-36894,4.4,1,True,,0.00194,0.09391
CVE-2024-46775,5.5,1,False,,0.00194,0.09412
CVE-2023-54296,5.5,1,True,,0.00194,0.09411
CVE-2023-53828,5.6,1,True,,0.00194,0.09347
CVE-2023-53712,5.5,1,True,,0.00194,0.09369
CVE-2023-54013,5.5,1,False,,0.00194,0.0932
CVE-2024-58054,7.1,1,True,,0.00194,0.09408
CVE-2026-23006,5.5,1,True,,0.00194,0.09335
CVE-2024-50234,7.0,1,True,,0.00194,0.0934
CVE-2025-38061,5.5,1,True,,0.00194,0.09391
CVE-2025-37772,5.5,1,True,,0.00194,0.09364
CVE-2026-68361,,1,True,,0.00194,0.09336
CVE-2025-40103,5.5,1,True,,0.00193,0.09183
CVE-2025-40220,4.7,1,True,,0.00193,0.09182
CVE-2024-27419,4.7,2,True,,0.00193,0.09209
CVE-2024-36924,5.5,1,True,,0.00193,0.09299
CVE-2024-38553,5.5,1,True,,0.00193,0.09281
CVE-2025-38066,5.5,1,True,,0.00193,0.09191
CVE-2025-37903,7.8,1,True,,0.00193,0.09212
CVE-2025-37892,7.8,1,True,,0.00193,0.09267
CVE-2025-37938,5.5,1,True,,0.00193,0.09232
CVE-2025-68327,,1,True,,0.00193,0.09184
CVE-2026-31588,6.5,1,True,,0.00193,0.09219
CVE-2023-53540,5.5,1,True,,0.00193,0.09301
CVE-2024-53089,5.5,1,False,,0.00193,0.09209
CVE-2025-68732,5.5,1,True,,0.00193,0.09276
CVE-2025-68728,,1,True,,0.00193,0.09276
CVE-2025-68727,,1,True,,0.00193,0.09276
CVE-2025-68328,,1,True,,0.00193,0.09184
CVE-2025-68757,6.2,1,True,,0.00193,0.09284
CVE-2025-68758,5.5,1,True,,0.00193,0.09285
CVE-2025-68330,,1,True,,0.00193,0.09183
CVE-2026-23237,5.5,1,True,,0.00193,0.0929
CVE-2025-37792,5.5,1,True,,0.00193,0.09192
CVE-2023-54314,5.5,1,True,,0.00193,0.09285
CVE-2025-37788,5.5,1,True,,0.00193,0.09302
CVE-2025-68335,,1,True,,0.00193,0.09183
CVE-2025-37739,7.1,1,True,,0.00193,0.09175
CVE-2025-68259,5.5,1,True,,0.00193,0.09183
CVE-2025-68759,,1,True,,0.00193,0.09284
CVE-2025-68307,5.5,1,True,,0.00193,0.09181
CVE-2025-68339,,1,True,,0.00193,0.09181
CVE-2025-40085,4.7,1,True,,0.00193,0.09184
CVE-2025-37794,5.5,1,True,,0.00193,0.09192
CVE-2025-40021,4.4,1,True,,0.00193,0.09181
CVE-2025-68371,6.4,1,True,,0.00193,0.09276
CVE-2025-40083,5.9,1,True,,0.00193,0.09184
CVE-2025-40080,6.1,1,True,,0.00193,0.09182
CVE-2025-40196,5.5,1,True,,0.00193,0.09182
CVE-2026-72343,5.5,1,True,,0.00193,0.09252
CVE-2026-72342,7.0,1,True,,0.00193,0.09252
CVE-2023-54247,4.4,1,True,,0.00193,0.09275
CVE-2025-40263,,1,True,,0.00193,0.09182
CVE-2025-38115,5.5,1,True,,0.00192,0.09116
CVE-2025-37796,7.8,1,True,,0.00192,0.09153
CVE-2023-53851,,1,False,,0.00192,0.09083
CVE-2025-37905,5.5,1,True,,0.00192,0.09137
CVE-2024-27408,4.7,1,False,,0.00192,0.09131
CVE-2024-41005,4.7,1,True,,0.00192,0.09118
CVE-2026-93204,,1,False,,0.00192,0.09086
CVE-2025-22050,4.7,1,True,,0.00192,0.09131
CVE-2025-21891,5.5,1,True,,0.00192,0.0912
CVE-2024-46727,5.5,1,False,,0.00192,0.09135
CVE-2023-53829,5.5,1,True,,0.00192,0.09121
CVE-2025-38015,5.5,1,True,,0.00191,0.09018
CVE-2025-37758,5.5,1,True,,0.00191,0.09033
CVE-2023-53071,5.5,1,True,,0.00191,0.09036
CVE-2025-23131,5.5,1,True,,0.00191,0.09066
CVE-2025-68238,,1,True,,0.00191,0.09025
CVE-2025-68308,5.5,1,True,,0.00191,0.09023
CVE-2025-68249,,1,True,,0.00191,0.09023
CVE-2025-21696,5.5,1,False,,0.00191,0.09059
CVE-2026-89756,5.5,1,False,,0.00191,0.09072
CVE-2025-68244,5.5,1,True,,0.00191,0.09024
CVE-2025-68310,5.5,1,True,,0.00191,0.09054
CVE-2024-49981,7.0,1,True,,0.00191,0.09052
CVE-2025-37740,5.5,1,True,,0.00191,0.09033
CVE-2025-37912,5.5,1,True,,0.00191,0.08984
CVE-2025-37806,5.5,1,False,,0.00191,0.09037
CVE-2025-40110,4.7,1,True,,0.00191,0.09023
CVE-2025-37807,5.5,1,False,,0.00191,0.09037
CVE-2024-26696,5.5,2,True,,0.00191,0.08996
CVE-2025-38020,5.5,1,True,,0.00191,0.09018
CVE-2025-37897,5.5,1,True,,0.00191,0.08984
CVE-2025-37929,5.5,1,True,,0.00191,0.08983
CVE-2025-38324,5.5,1,True,,0.00191,0.09043
CVE-2025-38040,5.5,1,True,,0.00191,0.08984
CVE-2025-38350,7.8,1,True,,0.00191,0.09004
CVE-2025-40313,,1,True,,0.00191,0.09022
CVE-2025-40314,,1,True,,0.00191,0.09022
CVE-2025-37773,5.5,1,True,,0.00191,0.09034
CVE-2024-57949,5.5,1,True,,0.00191,0.08994
CVE-2025-38706,5.5,1,True,,0.0019,0.08924
CVE-2024-44995,5.5,1,True,,0.0019,0.08942
CVE-2025-38007,5.5,1,True,,0.0019,0.08914
CVE-2025-21980,5.5,1,True,,0.0019,0.08895
CVE-2025-21978,5.5,1,True,,0.0019,0.08895
CVE-2025-38006,5.5,1,False,,0.0019,0.08926
CVE-2026-23010,7.8,1,True,,0.0019,0.08887
CVE-2024-50006,4.7,1,True,,0.0019,0.08947
CVE-2025-38328,5.5,1,True,,0.0019,0.08862
CVE-2025-38326,5.5,1,True,,0.0019,0.08862
CVE-2025-37945,5.5,1,True,,0.0019,0.08881
CVE-2025-37948,5.5,1,True,,0.0019,0.08963
CVE-2026-74331,5.5,1,True,,0.0019,0.08919
CVE-2025-22119,5.5,1,True,,0.0019,0.08964
CVE-2023-52578,7.0,2,True,,0.0019,0.08898
CVE-2025-37963,5.5,1,True,,0.0019,0.08963
CVE-2026-80828,,1,True,,0.0019,0.08917
CVE-2026-68255,5.5,1,True,,0.0019,0.08965
CVE-2025-40193,,1,True,,0.0019,0.08873
CVE-2023-35827,7.0,1,True,,0.0019,0.08941
CVE-2026-74683,5.5,1,True,,0.0019,0.08919
CVE-2025-38062,5.5,1,True,,0.0019,0.08902
CVE-2024-26934,7.8,2,True,,0.0019,0.08913
CVE-2021-47248,4.7,1,True,,0.00189,0.08707
CVE-2026-90183,,1,False,,0.00189,0.08791
CVE-2025-68766,,1,True,,0.00189,0.0875
CVE-2025-68765,,1,True,,0.00189,0.0875
CVE-2026-90182,,1,False,,0.00189,0.0884
CVE-2023-53999,5.5,1,False,,0.00189,0.08805
CVE-2025-23129,5.5,1,False,,0.00189,0.0881
CVE-2026-89862,,1,False,,0.00189,0.08842
CVE-2026-90206,,1,False,,0.00189,0.08794
CVE-2026-23238,5.5,1,True,,0.00189,0.08847
CVE-2026-90263,,1,False,,0.00189,0.08801
CVE-2026-68286,5.5,1,False,,0.00189,0.08845
CVE-2024-47735,5.5,1,True,,0.00189,0.08819
CVE-2026-93129,,1,False,,0.00189,0.08833
CVE-2026-93081,,1,False,,0.00189,0.08793
CVE-2025-38014,5.5,1,False,,0.00189,0.08712
CVE-2025-38045,5.5,1,False,,0.00189,0.08713
CVE-2025-38043,5.5,1,True,,0.00189,0.08817
CVE-2026-93047,,1,False,,0.00189,0.08838
CVE-2026-92482,,1,False,,0.00189,0.08801
CVE-2024-38780,5.5,2,True,,0.00189,0.08736
CVE-2026-90417,,1,False,,0.00189,0.08835
CVE-2024-26878,4.7,2,True,,0.00189,0.08761
CVE-2026-89859,,1,False,,0.00189,0.08843
CVE-2026-68242,5.5,1,False,,0.00189,0.0879
CVE-2026-90208,,1,False,,0.00189,0.08798
CVE-2025-38059,5.5,1,False,,0.00189,0.08714
CVE-2026-68312,5.5,1,False,,0.00189,0.08832
CVE-2026-68303,,1,False,,0.00189,0.08787
CVE-2026-90300,,1,False,,0.00189,0.08795
CVE-2026-90330,,1,False,,0.00189,0.08837
CVE-2026-90098,,1,False,,0.00189,0.08838
CVE-2026-90099,,1,False,,0.00189,0.08796
CVE-2026-90105,,1,False,,0.00189,0.08838
CVE-2026-90106,,1,False,,0.00189,0.08794
CVE-2025-22125,5.5,1,False,,0.00189,0.08811
CVE-2026-90336,,1,False,,0.00189,0.08797
CVE-2023-0615,5.5,1,True,,0.00189,0.08782
CVE-2024-38634,5.5,2,True,,0.00189,0.08859
CVE-2024-46734,4.7,1,True,,0.00189,0.08721
CVE-2026-90315,,1,False,,0.00189,0.08786
CVE-2026-90167,,1,False,,0.00189,0.08839
CVE-2026-90154,,1,False,,0.00189,0.08842
CVE-2026-90156,,1,False,,0.00189,0.08842
CVE-2026-90155,,1,False,,0.00189,0.08791
CVE-2023-53836,5.5,1,True,,0.00189,0.08726
CVE-2026-89813,,1,False,,0.00189,0.08844
CVE-2026-90311,,1,False,,0.00189,0.08831
CVE-2026-90421,,1,False,,0.00189,0.08804
CVE-2026-90087,,1,False,,0.00189,0.08789
CVE-2025-21819,5.5,1,True,,0.00189,0.08707
CVE-2026-90337,,1,False,,0.00189,0.08798
CVE-2025-38039,5.5,1,False,,0.00189,0.08712
CVE-2026-90346,,1,False,,0.00189,0.08836
CVE-2026-90359,,1,False,,0.00189,0.0884
CVE-2025-21821,5.5,1,True,,0.00189,0.08707
CVE-2025-21888,5.5,1,False,,0.00189,0.0883
CVE-2024-46698,5.5,1,False,,0.00189,0.08781
CVE-2024-41008,5.5,1,False,,0.00189,0.08749
CVE-2026-72402,5.5,1,False,,0.00189,0.08843
CVE-2026-92503,,1,False,,0.00189,0.0884
CVE-2026-72413,5.5,1,False,,0.00189,0.08846
CVE-2026-93099,,1,False,,0.00189,0.08795
CVE-2024-58237,5.5,1,False,,0.00188,0.08655
CVE-2024-58100,5.5,1,False,,0.00188,0.08655
CVE-2025-40331,4.7,1,True,,0.00188,0.08661
CVE-2025-21724,7.8,1,True,,0.00188,0.08613
CVE-2024-26897,4.7,1,True,,0.00188,0.08598
CVE-2023-53363,7.8,1,True,,0.00188,0.08699
CVE-2024-58086,5.5,1,True,,0.00188,0.08613
CVE-2024-42155,1.9,1,False,,0.00188,0.08627
CVE-2025-68378,5.5,1,False,,0.00188,0.08647
CVE-2025-38280,7.8,1,True,,0.00188,0.08646
CVE-2025-38416,7.8,1,True,,0.00188,0.08683
CVE-2024-56712,5.5,1,False,,0.00188,0.08606
CVE-2024-56690,5.5,1,True,,0.00188,0.08688
CVE-2024-38608,5.5,1,False,,0.00188,0.08645
CVE-2024-53088,4.7,1,True,,0.00187,0.08589
CVE-2025-40160,5.5,1,False,,0.00187,0.08577
CVE-2025-40156,,1,True,,0.00187,0.08574
CVE-2025-38323,7.8,1,True,,0.00187,0.08559
CVE-2024-50044,3.3,1,True,,0.00187,0.08585
CVE-2025-38286,7.1,1,True,,0.00187,0.0851
CVE-2025-40100,5.5,1,True,,0.00187,0.08575
CVE-2026-63810,5.5,1,True,,0.00187,0.08556
CVE-2025-40268,3.3,1,False,,0.00187,0.08574
CVE-2025-68324,7.1,1,False,,0.00187,0.08576
CVE-2025-38103,7.1,1,True,,0.00187,0.0851
CVE-2025-40062,,1,True,,0.00187,0.08576
CVE-2025-38038,5.5,1,False,,0.00187,0.08498
CVE-2023-54316,2.5,1,True,,0.00187,0.08508
CVE-2025-40071,6.1,1,False,,0.00187,0.08575
CVE-2024-42158,4.1,1,False,,0.00187,0.08569
CVE-2024-42090,5.5,1,True,,0.00187,0.08585
CVE-2025-68334,5.5,1,False,,0.00187,0.08577
CVE-2025-23130,5.5,1,False,,0.00187,0.08572
CVE-2025-40077,,1,False,,0.00187,0.08574
CVE-2025-38400,5.5,1,True,,0.00187,0.08559
CVE-2026-72284,7.0,1,True,,0.00187,0.08516
CVE-2025-40311,,1,False,,0.00186,0.08405
CVE-2025-21832,5.5,1,True,,0.00186,0.08444
CVE-2025-40247,,1,False,,0.00186,0.08472
CVE-2025-40107,,1,True,,0.00186,0.08405
CVE-2025-68342,6.1,1,False,,0.00186,0.08407
CVE-2023-53727,,1,True,,0.00186,0.08408
CVE-2023-53732,,1,True,,0.00186,0.08406
CVE-2026-89759,5.5,1,False,,0.00186,0.08447
CVE-2026-23098,7.8,1,True,,0.00186,0.08381
CVE-2026-45871,5.5,1,True,,0.00186,0.08377
CVE-2026-93186,,1,False,,0.00186,0.08447
CVE-2024-26631,4.7,1,True,,0.00186,0.08459
CVE-2025-40207,,1,True,,0.00186,0.08408
CVE-2026-46275,7.0,1,True,,0.00186,0.08443
CVE-2023-52757,7.8,1,True,,0.00186,0.08491
CVE-2023-52847,7.0,2,True,,0.00186,0.0843
CVE-2024-47143,5.5,1,True,,0.00186,0.08445
CVE-2025-68231,5.5,1,True,,0.00186,0.08409
CVE-2025-68233,5.5,1,True,,0.00186,0.08407
CVE-2024-58098,5.5,1,False,,0.00186,0.08494
CVE-2022-48760,7.1,1,True,,0.00186,0.08383
CVE-2024-35848,4.7,1,True,,0.00186,0.08487
CVE-2025-68237,6.7,1,True,,0.00186,0.08408
CVE-2023-1382,4.7,1,True,,0.00186,0.08402
CVE-2026-68093,7.0,1,True,,0.00186,0.08376
CVE-2025-37786,7.8,1,True,,0.00186,0.08378
CVE-2025-68343,6.1,1,True,,0.00186,0.08407
CVE-2025-40286,,1,True,,0.00186,0.08377
CVE-2025-38729,7.8,1,True,,0.00186,0.08419
CVE-2024-26671,4.7,2,True,,0.00186,0.0841
CVE-2025-40288,,1,True,,0.00186,0.08405
CVE-2023-53801,,1,True,,0.00186,0.08406
CVE-2024-38596,4.7,2,True,,0.00186,0.08476
CVE-2025-37964,5.5,1,True,,0.00186,0.0848
CVE-2025-68209,5.5,1,False,,0.00185,0.08291
CVE-2026-74256,7.0,1,True,,0.00185,0.08321
CVE-2025-38702,7.8,1,True,,0.00185,0.08306
CVE-2025-38068,7.8,1,True,,0.00185,0.08303
CVE-2025-38095,5.5,1,True,,0.00185,0.08363
CVE-2025-37989,5.5,1,True,,0.00185,0.08368
CVE-2023-52609,4.7,2,True,,0.00185,0.08352
CVE-2026-72289,7.0,1,True,,0.00185,0.08321
CVE-2026-74679,5.5,1,True,,0.00185,0.08367
CVE-2023-52524,7.8,1,True,,0.00185,0.08284
CVE-2025-40136,,1,False,,0.00185,0.08294
CVE-2025-40355,6.1,1,False,,0.00185,0.0829
CVE-2024-57913,4.7,1,True,,0.00185,0.08346
CVE-2025-38415,7.8,1,True,,0.00185,0.08332
CVE-2026-63940,7.0,1,False,,0.00185,0.0832
CVE-2026-72197,5.5,1,True,,0.00185,0.08322
CVE-2026-63926,5.5,1,True,,0.00185,0.08321
CVE-2026-64484,,1,True,,0.00185,0.08335
CVE-2025-40097,,1,False,,0.00185,0.08348
CVE-2025-38104,4.7,1,True,,0.00185,0.08332
CVE-2025-38084,5.5,1,True,,0.00185,0.0827
CVE-2025-38320,7.1,1,True,,0.00185,0.08339
CVE-2026-93179,,1,False,,0.00184,0.08217
CVE-2026-93199,,1,False,,0.00184,0.08229
CVE-2025-38565,7.8,1,True,,0.00184,0.08259
CVE-2025-21688,4.7,1,True,,0.00184,0.08203
CVE-2024-58076,5.5,1,True,,0.00184,0.08251
CVE-2026-64470,7.0,1,True,,0.00184,0.08265
CVE-2026-64478,5.5,1,True,,0.00184,0.08263
CVE-2026-64471,7.0,1,True,,0.00184,0.08262
CVE-2026-64487,5.5,1,True,,0.00184,0.08264
CVE-2026-64488,5.5,1,True,,0.00184,0.08264
CVE-2026-64565,7.8,1,True,,0.00184,0.08232
CVE-2023-53361,5.5,1,True,,0.00184,0.08208
CVE-2023-53627,5.5,1,False,,0.00184,0.08247
CVE-2024-24855,4.7,1,True,,0.00184,0.08232
CVE-2024-56576,4.7,1,True,,0.00184,0.08211
CVE-2026-23401,5.5,1,True,,0.00184,0.0823
CVE-2024-26999,5.5,2,True,,0.00184,0.08186
CVE-2025-38389,7.8,1,True,,0.00184,0.08258
CVE-2026-89525,5.5,1,False,,0.00184,0.08242
CVE-2024-57804,5.5,1,False,,0.00184,0.08217
CVE-2025-38403,7.8,1,True,,0.00184,0.08258
CVE-2025-38428,7.8,1,True,,0.00184,0.08259
CVE-2026-64483,6.3,1,True,,0.00184,0.08263
CVE-2026-64461,,1,True,,0.00184,0.08264
CVE-2026-64455,5.5,1,True,,0.00184,0.08265
CVE-2026-64462,,1,True,,0.00184,0.08265
CVE-2026-64465,5.5,1,True,,0.00184,0.08265
CVE-2026-68162,7.0,1,True,,0.00184,0.08178
CVE-2026-68151,,1,True,,0.00184,0.08262
CVE-2026-68146,5.5,1,True,,0.00184,0.08242
CVE-2026-68135,5.5,1,True,,0.00184,0.08266
CVE-2026-68132,5.5,1,True,,0.00184,0.08264
CVE-2025-68755,,1,False,,0.00184,0.08194
CVE-2026-68350,6.1,1,True,,0.00184,0.08241
CVE-2026-68325,7.0,1,True,,0.00184,0.08242
CVE-2026-89757,5.5,1,False,,0.00184,0.08229
CVE-2023-53860,4.7,1,True,,0.00184,0.08202
CVE-2019-9245,4.4,1,False,,0.00184,0.08168
CVE-2026-68355,5.5,1,True,,0.00184,0.08243
CVE-2024-42317,5.5,1,False,,0.00184,0.08219
CVE-2026-68279,5.5,1,True,,0.00184,0.08243
CVE-2026-23056,,1,True,,0.00184,0.08187
CVE-2025-68322,,1,False,,0.00184,0.08195
CVE-2025-38071,5.5,1,True,,0.00184,0.08238
CVE-2025-71137,7.8,1,True,,0.00184,0.08208
CVE-2026-68406,5.5,1,True,,0.00184,0.08242
CVE-2023-54322,3.3,1,True,,0.00184,0.08194
CVE-2026-68363,7.0,1,True,,0.00184,0.08266
CVE-2026-68365,7.0,1,True,,0.00184,0.08241
CVE-2026-68366,5.5,1,True,,0.00184,0.08241
CVE-2026-68367,5.5,1,True,,0.00184,0.08263
CVE-2025-39686,7.8,1,True,,0.00184,0.08169
CVE-2025-39701,7.8,1,True,,0.00184,0.08168
CVE-2024-26775,5.5,1,True,,0.00184,0.0823
CVE-2023-52517,7.0,1,True,,0.00184,0.08193
CVE-2026-90029,,1,False,,0.00184,0.08228
CVE-2026-45984,7.8,1,True,,0.00184,0.08215
CVE-2024-26679,5.5,2,True,,0.00184,0.08174
CVE-2025-40289,,1,False,,0.00184,0.08198
CVE-2024-26691,5.5,1,False,,0.00183,0.08086
CVE-2026-72425,5.5,1,True,,0.00183,0.08154
CVE-2025-38696,5.5,1,True,,0.00183,0.08108
CVE-2025-71160,5.5,1,False,,0.00183,0.08075
CVE-2023-54285,7.8,1,True,,0.00183,0.08153
CVE-2024-26698,4.7,1,True,,0.00183,0.08075
CVE-2026-31787,7.8,1,True,,0.00183,0.08158
CVE-2026-89913,,1,False,,0.00183,0.08076
CVE-2023-52638,5.5,1,True,,0.00183,0.0816
CVE-2024-38557,5.5,1,False,,0.00183,0.08086
CVE-2025-38069,7.8,1,False,,0.00183,0.08138
CVE-2025-37982,5.5,1,True,,0.00183,0.08135
CVE-2025-37977,5.5,1,False,,0.00183,0.08118
CVE-2023-52583,5.5,2,True,,0.00183,0.08158
CVE-2025-38285,5.5,1,True,,0.00183,0.08117
CVE-2024-53052,4.4,1,True,,0.00183,0.08155
CVE-2025-38424,5.5,1,True,,0.00183,0.08115
CVE-2023-53146,5.5,1,True,,0.00183,0.08078
CVE-2025-38572,7.8,1,True,,0.00183,0.08115
CVE-2021-47280,7.0,1,True,,0.00183,0.08106
CVE-2026-74732,5.5,1,False,,0.00183,0.08152
CVE-2025-37742,5.5,1,True,,0.00183,0.08159
CVE-2025-21635,5.5,1,False,,0.00183,0.08128
CVE-2025-37830,5.5,1,True,,0.00183,0.08159
CVE-2024-47661,5.5,1,False,,0.00183,0.08096
CVE-2023-53823,5.5,1,False,,0.00183,0.08117
CVE-2025-38147,5.5,1,True,,0.00183,0.08117
CVE-2025-39913,7.8,1,True,,0.00183,0.08121
CVE-2024-47736,5.5,1,True,,0.00182,0.08005
CVE-2026-72133,5.5,1,True,,0.00182,0.08054
CVE-2023-54324,5.5,1,True,,0.00182,0.07966
CVE-2026-89992,,1,False,,0.00182,0.08054
CVE-2025-37983,5.5,1,True,,0.00182,0.07989
CVE-2024-35895,5.5,1,True,,0.00182,0.0801
CVE-2026-89781,,1,False,,0.00182,0.08053
CVE-2025-37953,5.5,1,True,,0.00182,0.0799
CVE-2026-89720,5.5,1,False,,0.00182,0.08056
CVE-2024-42153,5.5,1,True,,0.00182,0.08045
CVE-2026-89947,,1,False,,0.00182,0.08055
CVE-2026-80854,,1,True,,0.00182,0.08001
CVE-2026-81017,5.5,1,False,,0.00182,0.08055
CVE-2025-38273,5.5,1,True,,0.00182,0.07996
CVE-2026-80863,7.3,1,True,,0.00182,0.08001
CVE-2024-26722,5.5,2,True,,0.00182,0.07965
CVE-2024-41063,5.5,1,True,,0.00182,0.08044
CVE-2026-68371,5.5,1,True,,0.00182,0.08053
CVE-2025-38275,5.5,1,True,,0.00182,0.08018
CVE-2026-80916,,1,True,,0.00182,0.07974
CVE-2026-90407,,1,False,,0.00182,0.08057
CVE-2026-72262,7.0,1,True,,0.00182,0.08046
CVE-2025-38466,5.5,1,True,,0.00182,0.07985
CVE-2023-52771,4.7,1,False,,0.00182,0.07999
CVE-2026-80918,,1,True,,0.00182,0.07974
CVE-2026-80752,,1,True,,0.00182,0.08056
CVE-2026-93165,,1,False,,0.00182,0.08055
CVE-2024-26859,4.7,2,True,,0.00182,0.08052
CVE-2025-37787,5.5,1,True,,0.00182,0.08015
CVE-2026-80967,5.5,1,False,,0.00182,0.08055
CVE-2024-43901,5.5,1,False,,0.00182,0.07997
CVE-2025-37811,5.5,1,True,,0.00182,0.08015
CVE-2026-89856,,1,False,,0.00182,0.08054
CVE-2025-37980,5.5,1,True,,0.00182,0.07988
CVE-2024-47662,5.5,1,False,,0.00181,0.07927
CVE-2026-64480,5.5,1,True,,0.00181,0.07907
CVE-2025-38145,5.5,1,True,,0.00181,0.07956
CVE-2026-72116,5.5,1,True,,0.00181,0.07892
CVE-2025-38136,5.5,1,True,,0.00181,0.07956
CVE-2023-54233,3.3,1,False,,0.00181,0.07914
CVE-2026-72483,5.5,1,True,,0.00181,0.07959
CVE-2025-68725,5.5,1,True,,0.00181,0.07879
CVE-2024-26740,5.5,1,False,,0.00181,0.07915
CVE-2023-52825,5.5,1,True,,0.00181,0.07873
CVE-2024-38628,4.4,1,True,,0.00181,0.07933
CVE-2024-36028,4.7,1,True,,0.00181,0.07931
CVE-2025-37748,5.5,1,True,,0.00181,0.07891
CVE-2026-23405,5.5,1,True,,0.00181,0.07876
CVE-2025-37833,5.5,1,False,,0.00181,0.07932
CVE-2024-49866,4.7,1,True,,0.00181,0.07912
CVE-2025-40164,5.5,1,True,,0.00181,0.07879
CVE-2025-38643,5.5,1,True,,0.00181,0.07889
CVE-2026-23408,7.8,1,True,,0.00181,0.07929
CVE-2023-52749,4.7,1,True,,0.00181,0.07931
CVE-2025-37775,5.5,1,True,,0.00181,0.07889
CVE-2026-23407,,1,True,,0.00181,0.07929
CVE-2024-27062,5.5,1,False,,0.00181,0.07908
CVE-2024-24864,4.7,1,False,,0.00181,0.07875
CVE-2026-63990,5.5,1,True,,0.00181,0.07933
CVE-2024-35805,5.5,1,True,,0.00181,0.07955
CVE-2024-44951,7.8,1,False,,0.00181,0.07896
CVE-2026-64482,5.5,1,True,,0.00181,0.07906
CVE-2024-35806,5.5,2,True,,0.00181,0.07955
CVE-2025-38086,5.5,1,True,,0.00181,0.07877
CVE-2025-38135,5.5,1,True,,0.00181,0.07956
CVE-2025-38100,5.5,1,True,,0.00181,0.07956
CVE-2025-38180,7.8,1,True,,0.00181,0.07908
CVE-2025-37818,5.5,1,True,,0.00181,0.07891
CVE-2025-37815,5.5,1,True,,0.00181,0.07891
CVE-2026-64472,5.5,1,True,,0.00181,0.07907
CVE-2026-93073,,1,False,,0.0018,0.0782
CVE-2026-72329,7.0,1,False,,0.0018,0.07768
CVE-2026-72487,5.5,1,True,,0.0018,0.07823
CVE-2025-71224,3.3,1,True,,0.0018,0.07767
CVE-2025-21949,5.5,1,False,,0.0018,0.07826
CVE-2025-71194,5.5,1,True,,0.0018,0.07766
CVE-2025-71199,,1,True,,0.0018,0.07767
CVE-2021-47603,4.4,1,True,,0.0018,0.07829
CVE-2026-89930,,1,False,,0.0018,0.07823
CVE-2025-71196,,1,True,,0.0018,0.07766
CVE-2024-36882,5.5,1,True,,0.0018,0.07835
CVE-2026-23049,,1,True,,0.0018,0.07767
CVE-2024-26869,4.7,1,False,,0.0018,0.0773
CVE-2024-58068,5.5,1,True,,0.0018,0.0786
CVE-2025-37747,5.5,1,False,,0.0018,0.07797
CVE-2026-74468,5.5,1,True,,0.0018,0.07856
CVE-2024-26614,3.3,1,True,,0.0018,0.07834
CVE-2024-58056,5.5,1,True,,0.0018,0.07859
CVE-2026-89954,,1,False,,0.0018,0.07822
CVE-2026-89980,,1,False,,0.0018,0.07825
CVE-2025-39689,7.8,1,True,,0.0018,0.07852
CVE-2026-64549,5.5,1,True,,0.0018,0.07856
CVE-2026-64486,5.5,1,True,,0.0018,0.0785
CVE-2024-35808,5.5,1,False,,0.0018,0.07873
CVE-2026-64489,5.5,1,True,,0.0018,0.07849
CVE-2026-64039,7.1,1,True,,0.0018,0.07825
CVE-2024-58061,5.5,1,True,,0.0018,0.07859
CVE-2024-56664,7.0,1,True,,0.0018,0.07764
CVE-2025-68358,5.5,1,True,,0.0018,0.07765
CVE-2026-23054,7.0,1,True,,0.0018,0.07766
CVE-2025-39766,7.8,1,True,,0.0018,0.07851
CVE-2026-68336,5.5,1,True,,0.0018,0.07821
CVE-2026-68333,5.5,1,True,,0.0018,0.07849
CVE-2026-68280,,1,True,,0.0018,0.0785
CVE-2024-45019,5.5,1,True,,0.0018,0.07727
CVE-2026-72085,5.5,1,True,,0.0018,0.07755
CVE-2026-89877,,1,False,,0.0018,0.07825
CVE-2026-23058,5.5,1,True,,0.0018,0.07766
CVE-2024-25742,7.1,1,False,,0.0018,0.07741
CVE-2025-37957,7.8,1,False,,0.0018,0.07812
CVE-2026-64476,5.5,1,True,,0.0018,0.07849
CVE-2026-72146,5.5,1,True,,0.0018,0.07825
CVE-2026-64458,5.5,1,True,,0.0018,0.0785
CVE-2021-39633,5.5,1,True,,0.0018,0.07866
CVE-2026-81016,5.5,1,False,,0.0018,0.07863
CVE-2026-64454,5.5,1,True,,0.0018,0.07848
CVE-2026-89452,5.5,1,False,,0.0018,0.07863
CVE-2026-72196,5.5,1,True,,0.0018,0.07823
CVE-2026-80886,,1,True,,0.0018,0.07836
CVE-2026-90341,,1,False,,0.0018,0.07824
CVE-2026-72298,7.0,1,True,,0.0018,0.07824
CVE-2026-80659,5.5,1,True,,0.0018,0.07834
CVE-2026-80731,,1,True,,0.0018,0.07741
CVE-2025-38699,7.8,1,True,,0.00179,0.07653
CVE-2025-71133,7.1,1,True,,0.00179,0.07665
CVE-2023-52872,4.1,1,True,,0.00179,0.07649
CVE-2025-21830,5.5,1,True,,0.00179,0.07661
CVE-2025-39683,7.1,1,True,,0.00179,0.07654
CVE-2025-38697,7.8,1,True,,0.00179,0.07654
CVE-2025-38090,5.5,1,True,,0.00179,0.07658
CVE-2026-23182,,1,True,,0.00179,0.07705
CVE-2026-23176,,1,True,,0.00179,0.07705
CVE-2024-44954,4.7,1,True,,0.00179,0.07721
CVE-2025-38193,5.5,1,True,,0.00179,0.07715
CVE-2025-38184,5.5,1,True,,0.00179,0.07714
CVE-2024-38613,4.7,2,True,,0.00179,0.07688
CVE-2025-40082,7.1,1,True,,0.00179,0.07684
CVE-2022-48671,5.5,1,True,,0.00179,0.07686
CVE-2025-39743,7.8,1,True,,0.00179,0.07654
CVE-2025-38346,7.8,1,True,,0.00179,0.07657
CVE-2024-58080,5.5,1,True,,0.00179,0.07661
CVE-2024-57893,6.3,1,True,,0.00179,0.07652
CVE-2024-26933,7.8,1,True,,0.00179,0.07677
CVE-2025-22109,5.5,1,False,,0.00179,0.07635
CVE-2025-38639,5.5,1,True,,0.00179,0.07718
CVE-2025-38555,7.8,1,True,,0.00179,0.07704
CVE-2021-47185,4.4,1,True,,0.00178,0.07617
CVE-2025-38138,5.5,1,True,,0.00178,0.07603
CVE-2024-36899,7.0,1,True,,0.00178,0.07542
CVE-2024-57872,5.5,1,False,,0.00178,0.076
CVE-2024-26960,5.5,1,True,,0.00178,0.07626
CVE-2026-80832,,1,True,,0.00178,0.07579
CVE-2025-21831,5.5,1,False,,0.00178,0.07603
CVE-2025-37834,5.5,1,False,,0.00178,0.07585
CVE-2025-38529,7.1,1,True,,0.00178,0.0758
CVE-2024-39476,5.5,1,True,,0.00178,0.0761
CVE-2025-38578,5.5,1,True,,0.00178,0.07565
CVE-2025-38577,5.5,1,True,,0.00178,0.07565
CVE-2024-38597,5.5,1,True,,0.00178,0.0761
CVE-2025-38386,5.5,1,True,,0.00178,0.07565
CVE-2026-72288,7.0,1,False,,0.00178,0.07598
CVE-2025-37972,5.5,1,True,,0.00178,0.07571
CVE-2025-37962,5.5,1,True,,0.00178,0.07545
CVE-2024-53079,5.5,1,False,,0.00178,0.07602
CVE-2025-37951,5.5,1,True,,0.00178,0.07545
CVE-2025-37961,5.5,1,True,,0.00178,0.07545
CVE-2026-89927,,1,False,,0.00178,0.07568
CVE-2024-53123,5.5,1,True,,0.00178,0.07582
CVE-2025-38530,7.1,1,True,,0.00178,0.07581
CVE-2025-38332,5.5,1,True,,0.00178,0.07588
CVE-2026-80616,5.5,1,False,,0.00178,0.07622
CVE-2026-89782,,1,False,,0.00177,0.07519
CVE-2025-38614,5.5,1,True,,0.00177,0.07532
CVE-2025-38701,5.5,1,True,,0.00177,0.07486
CVE-2026-68111,5.5,1,True,,0.00177,0.07457
CVE-2026-64494,,1,True,,0.00177,0.07464
CVE-2026-23403,5.5,1,True,,0.00177,0.0748
CVE-2026-64012,5.5,1,True,,0.00177,0.07459
CVE-2026-74351,5.5,1,True,,0.00177,0.07449
CVE-2026-23404,5.5,1,True,,0.00177,0.0748
CVE-2025-38143,5.5,1,True,,0.00177,0.07467
CVE-2024-57809,5.5,1,False,,0.00177,0.07469
CVE-2026-72302,5.5,1,True,,0.00177,0.07536
CVE-2026-80890,,1,True,,0.00177,0.07515
CVE-2023-52884,4.4,1,True,,0.00177,0.07468
CVE-2026-74402,5.5,1,True,,0.00177,0.07516
CVE-2026-74620,5.5,1,True,,0.00177,0.07453
CVE-2026-74585,5.5,1,True,,0.00177,0.07454
CVE-2026-74664,5.5,1,True,,0.00177,0.07451
CVE-2026-74547,5.5,1,True,,0.00177,0.07517
CVE-2026-74623,5.5,1,True,,0.00177,0.07454
CVE-2026-74622,5.5,1,True,,0.00177,0.07453
CVE-2024-35997,5.5,2,True,,0.00177,0.07448
CVE-2025-38375,7.8,1,True,,0.00177,0.07481
CVE-2026-90216,,1,False,,0.00177,0.07461
CVE-2026-74694,5.5,1,True,,0.00177,0.07455
CVE-2026-74693,5.5,1,True,,0.00177,0.07454
CVE-2026-74680,5.5,1,True,,0.00177,0.07516
CVE-2026-74416,5.5,1,True,,0.00177,0.07516
CVE-2026-74457,5.5,1,True,,0.00177,0.0746
CVE-2026-74657,5.5,1,True,,0.00177,0.07451
CVE-2026-74455,5.5,1,True,,0.00177,0.07459
CVE-2026-43134,6.1,1,True,,0.00177,0.07439
CVE-2025-38395,7.1,1,True,,0.00177,0.07481
CVE-2026-74719,5.5,1,True,,0.00177,0.07455
CVE-2026-64014,5.5,1,True,,0.00177,0.07458
CVE-2026-74276,5.5,1,True,,0.00177,0.0745
CVE-2026-46018,5.5,1,True,,0.00177,0.07517
CVE-2026-80842,,1,True,,0.00177,0.07462
CVE-2026-74348,5.5,1,True,,0.00177,0.07462
CVE-2026-23406,,1,True,,0.00177,0.07535
CVE-2026-68090,5.5,1,True,,0.00177,0.07462
CVE-2019-9453,4.4,1,False,,0.00177,0.07442
CVE-2026-80812,,1,True,,0.00177,0.07461
CVE-2026-74320,5.5,1,True,,0.00177,0.0745
CVE-2026-89726,5.3,1,False,,0.00177,0.07493
CVE-2026-74395,5.5,1,True,,0.00177,0.07457
CVE-2026-93067,,1,False,,0.00177,0.07459
CVE-2026-64497,,1,True,,0.00177,0.07515
CVE-2026-93160,,1,False,,0.00177,0.07453
CVE-2025-38691,5.5,1,True,,0.00177,0.07485
CVE-2026-80726,8.8,1,True,,0.00177,0.07519
CVE-2026-64503,,1,True,,0.00177,0.07449
CVE-2026-68115,5.5,1,True,,0.00177,0.07448
CVE-2026-64544,5.5,1,True,,0.00177,0.0745
CVE-2026-90415,,1,False,,0.00177,0.07453
CVE-2025-38348,7.8,1,True,,0.00177,0.07525
CVE-2024-56637,4.7,1,True,,0.00177,0.07533
CVE-2025-40269,7.3,1,True,,0.00177,0.07509
CVE-2026-68460,5.5,1,True,,0.00177,0.07454
CVE-2026-93041,,1,False,,0.00177,0.07457
CVE-2026-64514,5.5,1,True,,0.00177,0.07515
CVE-2025-39756,5.5,1,True,,0.00177,0.07485
CVE-2026-92501,,1,False,,0.00177,0.07463
CVE-2026-93040,,1,False,,0.00177,0.07458
CVE-2024-26861,4.7,1,True,,0.00177,0.07533
CVE-2026-68434,5.5,1,True,,0.00177,0.07516
CVE-2026-64553,5.5,1,True,,0.00177,0.0745
CVE-2026-74499,7.0,1,True,,0.00177,0.07456
CVE-2024-50289,5.5,1,False,,0.00177,0.07489
CVE-2026-80768,,1,True,,0.00177,0.07463
CVE-2026-92498,,1,False,,0.00177,0.07463
CVE-2026-80766,,1,True,,0.00177,0.07463
CVE-2026-68088,,1,True,,0.00177,0.07462
CVE-2025-38081,7.1,1,False,,0.00177,0.07524
CVE-2026-74487,5.5,1,True,,0.00177,0.07458
CVE-2026-74498,7.0,1,True,,0.00177,0.07459
CVE-2026-53401,,1,False,,0.00177,0.0747
CVE-2026-74458,5.5,1,True,,0.00177,0.0746
CVE-2026-74463,5.5,1,True,,0.00177,0.0746
CVE-2026-74464,5.5,1,True,,0.00177,0.07461
CVE-2026-74682,7.0,1,True,,0.00177,0.07455
CVE-2026-63991,5.5,1,True,,0.00177,0.07458
CVE-2026-80888,,1,True,,0.00177,0.07515
CVE-2026-74676,5.5,1,True,,0.00177,0.07455
CVE-2026-74673,5.5,1,True,,0.00177,0.07452
CVE-2025-38097,5.5,1,True,,0.00177,0.07441
CVE-2026-68430,5.5,1,True,,0.00177,0.07461
CVE-2023-1859,4.7,1,True,,0.00177,0.07482
CVE-2026-72225,5.5,1,True,,0.00177,0.07488
CVE-2025-39823,7.8,1,True,,0.00177,0.07483
CVE-2026-23409,5.5,1,True,,0.00177,0.0748
CVE-2026-74671,5.5,1,True,,0.00177,0.07452
CVE-2026-68327,,1,True,,0.00177,0.07449
CVE-2026-74658,5.5,1,True,,0.00177,0.07452
CVE-2026-68328,5.5,1,True,,0.00177,0.07449
CVE-2026-74654,5.5,1,True,,0.00177,0.07451
CVE-2026-74650,5.5,1,True,,0.00177,0.07451
CVE-2026-74525,5.5,1,True,,0.00177,0.07457
CVE-2026-74505,5.5,1,True,,0.00177,0.07456
CVE-2026-80679,5.5,1,True,,0.00176,0.0742
CVE-2026-93138,,1,False,,0.00176,0.07356
CVE-2026-93103,,1,False,,0.00176,0.07425
CVE-2026-93158,,1,False,,0.00176,0.0742
CVE-2024-56585,5.5,1,True,,0.00176,0.07402
CVE-2026-80689,5.5,1,False,,0.00176,0.07421
CVE-2024-27009,4.7,1,True,,0.00176,0.07411
CVE-2026-68202,7.0,1,True,,0.00176,0.07355
CVE-2024-27014,5.5,1,True,,0.00176,0.07389
CVE-2024-27010,5.5,1,False,,0.00176,0.07389
CVE-2026-80597,5.5,1,True,,0.00176,0.07424
CVE-2026-68206,5.5,1,True,,0.00176,0.07377
CVE-2026-68204,5.5,1,True,,0.00176,0.07376
CVE-2026-80594,5.5,1,True,,0.00176,0.07418
CVE-2026-80595,5.5,1,True,,0.00176,0.07426
CVE-2026-80652,5.5,1,True,,0.00176,0.0742
CVE-2026-80647,5.5,1,True,,0.00176,0.07427
CVE-2026-93056,,1,False,,0.00176,0.07425
CVE-2025-39988,,1,True,,0.00176,0.07406
CVE-2025-39987,,1,True,,0.00176,0.07406
CVE-2025-39985,,1,True,,0.00176,0.07406
CVE-2026-68234,5.5,1,True,,0.00176,0.07419
CVE-2026-68213,,1,True,,0.00176,0.07355
CVE-2026-68216,5.5,1,True,,0.00176,0.07376
CVE-2026-68210,5.5,1,True,,0.00176,0.07378
CVE-2026-80562,5.5,1,True,,0.00176,0.07428
CVE-2026-80534,4.7,1,True,,0.00176,0.07426
CVE-2026-72350,5.5,1,True,,0.00176,0.07378
CVE-2026-72314,5.5,1,True,,0.00176,0.07376
CVE-2026-89609,7.0,1,False,,0.00176,0.07355
CVE-2025-38622,5.5,1,True,,0.00176,0.07349
CVE-2024-57807,5.5,1,True,,0.00176,0.07384
CVE-2026-80605,5.5,1,True,,0.00176,0.07423
CVE-2026-72448,5.5,1,True,,0.00176,0.0742
CVE-2026-68209,5.5,1,True,,0.00176,0.07379
CVE-2026-89753,5.5,1,False,,0.00176,0.07428
CVE-2026-89752,4.1,1,False,,0.00176,0.07428
CVE-2026-53159,5.5,1,True,,0.00176,0.07356
CVE-2026-80930,5.5,1,False,,0.00176,0.07427
CVE-2024-0639,5.5,1,True,,0.00176,0.07363
CVE-2026-68357,5.5,1,True,,0.00176,0.07421
CVE-2026-68338,7.0,1,True,,0.00176,0.07377
CVE-2026-89582,7.0,1,False,,0.00176,0.07424
CVE-2026-80988,5.5,1,False,,0.00176,0.07429
CVE-2026-80965,5.5,1,False,,0.00176,0.07426
CVE-2026-80963,5.5,1,False,,0.00176,0.07424
CVE-2025-38391,5.5,1,True,,0.00176,0.07349
CVE-2026-63921,7.0,1,True,,0.00176,0.07379
CVE-2026-68249,5.5,1,True,,0.00176,0.07419
CVE-2026-72371,7.0,1,True,,0.00176,0.07356
CVE-2024-42085,5.5,1,True,,0.00176,0.07433
CVE-2026-63870,5.5,1,True,,0.00176,0.07354
CVE-2026-89457,5.5,1,False,,0.00176,0.07422
CVE-2026-89458,7.0,1,False,,0.00176,0.07422
CVE-2026-80949,5.5,1,False,,0.00176,0.07424
CVE-2026-81005,4.1,1,False,,0.00176,0.07418
CVE-2026-72282,5.5,1,True,,0.00176,0.07379
CVE-2026-89515,5.5,1,False,,0.00176,0.07423
CVE-2026-68411,5.5,1,True,,0.00176,0.07422
CVE-2025-38063,5.5,1,True,,0.00176,0.07415
CVE-2026-63862,,1,True,,0.00176,0.07414
CVE-2026-68403,5.5,1,True,,0.00176,0.07421
CVE-2026-72061,7.0,1,True,,0.00176,0.07378
CVE-2026-72066,7.0,1,True,,0.00176,0.07377
CVE-2026-63884,7.0,1,True,,0.00176,0.07359
CVE-2026-63875,7.0,1,True,,0.00176,0.07358
CVE-2026-89498,5.5,1,False,,0.00176,0.07418
CVE-2026-89496,5.5,1,False,,0.00176,0.07419
CVE-2026-89490,5.5,1,False,,0.00176,0.07419
CVE-2026-72067,5.5,1,True,,0.00176,0.07378
CVE-2026-68456,5.5,1,True,,0.00176,0.07423
CVE-2026-89510,7.0,1,False,,0.00176,0.07355
CVE-2026-64513,5.5,1,False,,0.00176,0.07407
CVE-2026-92500,,1,False,,0.00176,0.07373
CVE-2026-93110,,1,False,,0.00176,0.07418
CVE-2026-92521,,1,False,,0.00176,0.07427
CVE-2026-93053,,1,False,,0.00176,0.07425
CVE-2026-93055,,1,False,,0.00176,0.07423
CVE-2026-80626,5.5,1,True,,0.00176,0.07427
CVE-2026-80627,5.5,1,True,,0.00176,0.07426
CVE-2026-80644,5.5,1,True,,0.00176,0.07428
CVE-2026-90395,,1,False,,0.00176,0.07422
CVE-2024-26910,4.7,1,True,,0.00175,0.07268
CVE-2025-39757,7.1,1,True,,0.00175,0.07312
CVE-2025-39760,7.1,1,True,,0.00175,0.07312
CVE-2023-52456,5.5,1,True,,0.00175,0.0723
CVE-2026-23419,5.5,1,False,,0.00175,0.07294
CVE-2025-38080,5.5,1,False,,0.00175,0.0721
CVE-2023-52639,4.7,1,True,,0.00175,0.07215
CVE-2026-45852,7.0,1,True,,0.00175,0.07282
CVE-2026-72369,5.5,1,False,,0.00175,0.07306
CVE-2024-38601,4.7,2,True,,0.00175,0.07323
CVE-2026-63906,5.5,1,True,,0.00175,0.07278
CVE-2025-38190,5.5,1,True,,0.00175,0.07216
CVE-2024-53207,5.5,1,True,,0.00175,0.07265
CVE-2025-38131,7.8,1,True,,0.00175,0.07287
CVE-2021-47468,5.5,1,True,,0.00175,0.07258
CVE-2026-74740,5.5,1,False,,0.00175,0.07286
CVE-2025-38652,7.1,1,True,,0.00175,0.0727
CVE-2025-68347,7.1,1,True,,0.00175,0.07274
CVE-2024-26987,5.5,1,True,,0.00175,0.07265
CVE-2025-21825,4.7,1,False,,0.00175,0.07261
CVE-2025-39691,7.8,1,True,,0.00175,0.07298
CVE-2025-38470,5.5,1,True,,0.00174,0.07123
CVE-2026-89912,5.5,1,False,,0.00174,0.07106
CVE-2026-23050,7.0,1,False,,0.00174,0.07191
CVE-2026-63834,,1,True,,0.00174,0.07173
CVE-2026-63835,,1,True,,0.00174,0.07174
CVE-2026-63836,,1,True,,0.00174,0.07173
CVE-2025-38498,5.5,1,True,,0.00174,0.07123
CVE-2025-38283,5.5,1,False,,0.00174,0.07194
CVE-2025-38664,5.5,1,True,,0.00174,0.07185
CVE-2025-38345,5.5,1,True,,0.00174,0.07143
CVE-2023-52608,4.7,1,True,,0.00174,0.07159
CVE-2025-39684,5.5,1,True,,0.00174,0.07147
CVE-2026-63868,5.5,1,True,,0.00174,0.07173
CVE-2025-38420,5.5,1,True,,0.00174,0.07185
CVE-2025-71193,5.1,1,False,,0.00174,0.07192
CVE-2025-38569,5.5,1,True,,0.00174,0.07186
CVE-2025-71198,,1,False,,0.00174,0.07192
CVE-2024-42114,4.4,1,True,,0.00174,0.07197
CVE-2024-58071,5.5,1,True,,0.00174,0.07108
CVE-2026-63822,5.5,1,True,,0.00174,0.07106
CVE-2023-52595,5.5,1,True,,0.00174,0.07119
CVE-2025-40065,,1,False,,0.00174,0.07087
CVE-2025-38406,5.5,1,True,,0.00174,0.07184
CVE-2025-38387,5.5,1,True,,0.00174,0.07186
CVE-2022-48759,7.0,1,True,,0.00174,0.07086
CVE-2025-38459,7.8,1,True,,0.00174,0.07123
CVE-2024-37354,4.7,1,True,,0.00174,0.07161
CVE-2025-38663,5.5,1,True,,0.00174,0.07185
CVE-2024-49998,4.7,1,True,,0.00174,0.07088
CVE-2024-46678,5.5,1,False,,0.00174,0.07204
CVE-2024-45003,4.7,1,True,,0.00174,0.07124
CVE-2026-72347,5.5,1,True,,0.00174,0.07114
CVE-2025-38635,5.5,1,True,,0.00174,0.07185
CVE-2026-90199,,1,False,,0.00174,0.07109
CVE-2025-38680,7.1,1,True,,0.00174,0.07132
CVE-2025-38127,5.5,1,False,,0.00174,0.07195
CVE-2024-27002,5.5,1,True,,0.00174,0.07168
CVE-2024-27003,5.5,1,True,,0.00174,0.07168
CVE-2024-26962,5.5,1,False,,0.00174,0.07089
CVE-2025-39687,7.1,1,True,,0.00174,0.07132
CVE-2025-38153,7.1,1,True,,0.00174,0.07139
CVE-2025-38612,5.5,1,True,,0.00174,0.07186
CVE-2025-38581,5.5,1,True,,0.00174,0.07186
CVE-2026-64512,5.5,1,True,,0.00173,0.07046
CVE-2026-92509,,1,False,,0.00173,0.06993
CVE-2026-92512,,1,False,,0.00173,0.06982
CVE-2025-38336,5.5,1,True,,0.00173,0.06981
CVE-2026-93118,,1,False,,0.00173,0.06983
CVE-2024-26790,5.5,1,True,,0.00173,0.07011
CVE-2024-26781,5.5,1,True,,0.00173,0.07012
CVE-2026-93064,,1,False,,0.00173,0.06989
CVE-2026-72416,5.5,1,False,,0.00173,0.07034
CVE-2026-72424,5.5,1,True,,0.00173,0.06991
CVE-2024-47141,5.5,1,False,,0.00173,0.06981
CVE-2026-74290,5.5,1,True,,0.00173,0.06992
CVE-2026-74472,7.0,1,True,,0.00173,0.06982
CVE-2023-54030,5.5,1,False,,0.00173,0.06999
CVE-2026-74399,5.5,1,True,,0.00173,0.06994
CVE-2024-45029,5.5,1,True,,0.00173,0.07049
CVE-2026-74329,5.5,1,True,,0.00173,0.06989
CVE-2026-74339,5.5,1,True,,0.00173,0.06986
CVE-2026-74346,5.5,1,True,,0.00173,0.06986
CVE-2026-74379,5.5,1,True,,0.00173,0.06983
CVE-2026-74381,5.5,1,True,,0.00173,0.06983
CVE-2026-72486,5.5,1,True,,0.00173,0.06993
CVE-2023-52484,5.5,1,True,,0.00173,0.07037
CVE-2026-74327,5.5,1,True,,0.00173,0.06992
CVE-2026-89596,5.5,1,False,,0.00173,0.07016
CVE-2026-74459,5.5,1,True,,0.00173,0.0699
CVE-2026-74441,7.0,1,True,,0.00173,0.06986
CVE-2026-72375,5.5,1,False,,0.00173,0.07068
CVE-2026-74460,5.5,1,True,,0.00173,0.0699
CVE-2026-90274,,1,False,,0.00173,0.06992
CVE-2026-80891,,1,True,,0.00173,0.07047
CVE-2026-80806,,1,True,,0.00173,0.07048
CVE-2026-68099,7.1,1,True,,0.00173,0.0699
CVE-2024-35784,5.5,1,False,,0.00173,0.07064
CVE-2026-74672,7.0,1,True,,0.00173,0.06986
CVE-2026-68301,5.5,1,True,,0.00173,0.06984
CVE-2026-80893,,1,True,,0.00173,0.06987
CVE-2026-74722,5.5,1,True,,0.00173,0.06993
CVE-2024-38591,5.5,1,True,,0.00173,0.07012
CVE-2026-80892,,1,True,,0.00173,0.06988
CVE-2026-68331,5.5,1,True,,0.00173,0.06984
CVE-2026-74659,5.5,1,True,,0.00173,0.06985
CVE-2026-68324,5.5,1,True,,0.00173,0.06982
CVE-2025-38464,7.8,1,True,,0.00173,0.06976
CVE-2026-74599,5.5,1,False,,0.00173,0.06987
CVE-2026-74636,5.5,1,True,,0.00173,0.06984
CVE-2026-74546,5.5,1,True,,0.00173,0.06991
CVE-2026-74552,5.5,1,True,,0.00173,0.06991
CVE-2026-63819,,1,False,,0.00173,0.07052
CVE-2024-42253,4.7,1,True,,0.00173,0.07009
CVE-2026-68459,5.5,1,True,,0.00173,0.06987
CVE-2026-68444,5.5,1,True,,0.00173,0.07047
CVE-2026-74494,5.5,1,True,,0.00173,0.06991
CVE-2026-74514,5.5,1,True,,0.00173,0.06982
CVE-2023-52589,4.7,1,True,,0.00173,0.06998
CVE-2026-63805,,1,False,,0.00173,0.07051
CVE-2026-90354,,1,False,,0.00173,0.06983
CVE-2026-80764,,1,True,,0.00173,0.06989
CVE-2026-80784,,1,True,,0.00173,0.06989
CVE-2026-80772,,1,True,,0.00173,0.06988
CVE-2026-80770,,1,True,,0.00173,0.06988
CVE-2026-80762,,1,True,,0.00173,0.06992
CVE-2026-80763,,1,True,,0.00173,0.0699
CVE-2026-92477,,1,False,,0.00173,0.06994
CVE-2026-64537,5.5,1,True,,0.00173,0.06985
CVE-2026-64542,5.5,1,True,,0.00173,0.06985
CVE-2026-90189,,1,False,,0.00173,0.06985
CVE-2023-52645,4.7,1,True,,0.00173,0.06998
CVE-2025-39986,,1,True,,0.00173,0.07001
CVE-2025-39998,5.8,1,True,,0.00173,0.07056
CVE-2026-68254,5.5,1,True,,0.00173,0.06987
CVE-2024-35952,5.5,1,True,,0.00172,0.06906
CVE-2026-80618,5.5,1,True,,0.00172,0.06961
CVE-2025-38401,7.8,1,True,,0.00172,0.06963
CVE-2026-63949,,1,True,,0.00172,0.06963
CVE-2024-50210,5.5,1,True,,0.00172,0.06873
CVE-2026-89751,4.7,1,False,,0.00172,0.06961
CVE-2026-93114,,1,False,,0.00172,0.06958
CVE-2026-92523,,1,False,,0.00172,0.06962
CVE-2026-89710,7.0,1,False,,0.00172,0.06963
CVE-2026-89565,5.5,1,False,,0.00172,0.06962
CVE-2025-37880,5.5,1,False,,0.00172,0.0693
CVE-2024-43098,5.5,1,True,,0.00172,0.06899
CVE-2026-80529,5.5,1,True,,0.00172,0.06956
CVE-2025-38685,7.8,1,True,,0.00172,0.06897
CVE-2026-80539,5.5,1,True,,0.00172,0.06959
CVE-2024-35892,5.5,1,True,,0.00172,0.06907
CVE-2026-68259,5.5,1,True,,0.00172,0.06955
CVE-2026-80669,5.5,1,True,,0.00172,0.06961
CVE-2026-80686,5.5,1,True,,0.00172,0.06959
CVE-2026-93102,,1,False,,0.00172,0.06956
CVE-2023-52767,5.5,1,True,,0.00172,0.06881
CVE-2026-80660,5.5,1,True,,0.00172,0.0696
CVE-2026-68084,,1,True,,0.00172,0.06957
CVE-2026-80620,5.5,1,True,,0.00172,0.06955
CVE-2024-35818,5.5,1,True,,0.00172,0.06907
CVE-2025-38200,5.5,1,True,,0.00172,0.06965
CVE-2025-38129,7.8,1,True,,0.00172,0.06872
CVE-2026-68309,5.5,1,True,,0.00172,0.06957
CVE-2025-39681,5.5,1,True,,0.00172,0.06887
CVE-2026-68310,5.5,1,True,,0.00172,0.06962
CVE-2025-38118,7.8,1,True,,0.00172,0.06872
CVE-2026-80983,5.5,1,False,,0.00172,0.0696
CVE-2026-80964,5.5,1,False,,0.00172,0.06956
CVE-2026-68246,5.5,1,True,,0.00172,0.06959
CVE-2026-68244,5.5,1,True,,0.00172,0.06955
CVE-2026-68248,5.5,1,True,,0.00172,0.06959
CVE-2025-38732,5.5,1,True,,0.00172,0.06887
CVE-2026-68243,5.5,1,True,,0.00172,0.06956
CVE-2026-80938,5.5,1,False,,0.00172,0.06958
CVE-2025-38539,5.5,1,True,,0.00172,0.0689
CVE-2026-89474,5.5,1,False,,0.00172,0.06957
CVE-2024-42268,5.5,1,True,,0.00172,0.06925
CVE-2024-42250,5.5,1,True,,0.00172,0.06914
CVE-2026-68362,5.5,1,True,,0.00172,0.0696
CVE-2026-68407,5.5,1,True,,0.00172,0.06958
CVE-2026-89464,5.5,1,False,,0.00172,0.06958
CVE-2025-39812,5.5,1,True,,0.00172,0.06887
CVE-2026-53274,5.5,1,True,,0.00172,0.06947
CVE-2025-39808,5.5,1,True,,0.00172,0.06886
CVE-2025-68236,5.5,1,False,,0.00172,0.0692
CVE-2026-90378,,1,False,,0.00172,0.0696
CVE-2026-80972,5.5,1,False,,0.00172,0.06961
CVE-2026-72449,7.0,1,True,,0.00171,0.06816
CVE-2023-52516,5.5,1,True,,0.00171,0.06839
CVE-2026-53160,,1,True,,0.00171,0.06816
CVE-2026-72072,7.0,1,True,,0.00171,0.06816
CVE-2026-64579,5.5,1,True,,0.00171,0.06799
CVE-2026-64571,5.5,1,True,,0.00171,0.06799
CVE-2025-71066,6.2,1,True,,0.00171,0.06782
CVE-2025-38560,5.5,1,True,,0.00171,0.06842
CVE-2026-72476,5.5,1,True,,0.00171,0.06833
CVE-2026-72335,5.5,1,True,,0.00171,0.06833
CVE-2026-53161,,1,True,,0.00171,0.06817
CVE-2024-46733,5.5,1,True,,0.00171,0.06845
CVE-2026-53366,7.8,1,True,,0.00171,0.06818
CVE-2024-26916,5.5,1,True,,0.00171,0.06787
CVE-2024-53085,5.5,1,False,,0.00171,0.06845
CVE-2025-38185,5.5,1,True,,0.00171,0.06826
CVE-2026-64569,5.5,1,True,,0.00171,0.06799
CVE-2026-64006,5.5,1,False,,0.00171,0.06854
CVE-2025-39967,7.8,1,True,,0.00171,0.06785
CVE-2026-74466,5.5,1,False,,0.0017,0.06731
CVE-2025-38542,5.5,1,True,,0.0017,0.06768
CVE-2025-40292,5.5,1,True,,0.0017,0.06701
CVE-2026-31412,5.5,1,True,,0.0017,0.06678
CVE-2025-21701,4.7,1,True,,0.0017,0.06773
CVE-2026-89638,7.0,1,False,,0.0017,0.06729
CVE-2026-53156,7.8,1,False,,0.0017,0.06742
CVE-2025-38593,7.8,1,True,,0.0017,0.06694
CVE-2025-38604,5.5,1,True,,0.0017,0.06769
CVE-2023-53846,5.5,1,False,,0.0017,0.06774
CVE-2026-74729,5.5,1,False,,0.0017,0.0671
CVE-2026-90049,,1,False,,0.0017,0.06714
CVE-2025-39742,5.5,1,True,,0.0017,0.06766
CVE-2026-90025,,1,False,,0.0017,0.06713
CVE-2025-38408,5.5,1,True,,0.0017,0.06749
CVE-2025-39676,5.5,1,True,,0.0017,0.06766
CVE-2025-39737,5.5,1,True,,0.0017,0.06766
CVE-2024-53100,4.7,1,True,,0.0017,0.06709
CVE-2025-39752,5.5,1,True,,0.0017,0.06767
CVE-2026-63828,,1,True,,0.0017,0.06715
CVE-2026-53272,7.8,1,False,,0.0017,0.06741
CVE-2025-38538,7.8,1,True,,0.0017,0.06769
CVE-2026-63861,,1,True,,0.0017,0.06749
CVE-2024-36927,4.7,1,True,,0.0017,0.06684
CVE-2025-38385,7.8,1,True,,0.0017,0.06694
CVE-2025-40068,,1,True,,0.0017,0.06676
CVE-2025-38126,5.5,1,True,,0.0017,0.06683
CVE-2025-38197,5.5,1,True,,0.0017,0.06717
CVE-2025-38684,5.5,1,True,,0.0017,0.06765
CVE-2025-38653,7.8,1,True,,0.0017,0.06694
CVE-2025-38683,5.5,1,True,,0.0017,0.06765
CVE-2025-38677,7.1,1,True,,0.0017,0.06769
CVE-2025-38342,7.1,1,True,,0.0017,0.06756
CVE-2025-38337,5.5,1,True,,0.0017,0.06773
CVE-2025-38363,5.5,1,True,,0.0017,0.06703
CVE-2025-38344,5.5,1,True,,0.0017,0.06773
CVE-2025-38694,5.5,1,True,,0.0017,0.06766
CVE-2025-38693,5.5,1,True,,0.0017,0.06765
CVE-2025-38695,5.5,1,True,,0.0017,0.06767
CVE-2025-38698,5.5,1,True,,0.0017,0.06767
CVE-2025-38700,5.5,1,True,,0.0017,0.06767
CVE-2026-93190,,1,False,,0.0017,0.06713
CVE-2026-64277,6.4,1,True,,0.00169,0.06594
CVE-2026-64276,6.4,1,True,,0.00169,0.06592
CVE-2026-72400,5.5,1,True,,0.00169,0.0659
CVE-2026-45991,6.6,1,True,,0.00169,0.06589
CVE-2026-64280,7.0,1,True,,0.00169,0.0659
CVE-2026-64296,6.7,1,True,,0.00169,0.06593
CVE-2026-64304,7.0,1,True,,0.00169,0.06592
CVE-2026-64271,7.8,1,True,,0.00169,0.06593
CVE-2026-64272,7.8,1,True,,0.00169,0.06594
CVE-2025-38347,5.5,1,True,,0.00169,0.06642
CVE-2026-90419,,1,False,,0.00169,0.06627
CVE-2026-64273,7.8,1,True,,0.00169,0.06593
CVE-2025-39738,7.8,1,True,,0.00169,0.0667
CVE-2025-39749,7.0,1,True,,0.00169,0.06586
CVE-2025-38173,5.5,1,True,,0.00169,0.06579
CVE-2025-38226,7.8,1,True,,0.00169,0.06579
CVE-2025-38627,7.8,1,True,,0.00169,0.06636
CVE-2026-64270,7.8,1,True,,0.00169,0.06593
CVE-2025-39748,5.5,1,True,,0.00169,0.06673
CVE-2026-63971,7.0,1,True,,0.00169,0.06591
CVE-2026-63954,,1,True,,0.00169,0.06595
CVE-2025-38445,7.1,1,True,,0.00169,0.06647
CVE-2021-0941,6.7,1,True,,0.00169,0.06617
CVE-2026-72135,7.0,1,True,,0.00169,0.06589
CVE-2026-72136,7.0,1,True,,0.00169,0.06597
CVE-2026-72195,5.5,1,True,,0.00169,0.0659
CVE-2026-72045,7.0,1,True,,0.00169,0.06595
CVE-2026-72036,5.5,1,True,,0.00169,0.06589
CVE-2026-72052,7.8,1,True,,0.00169,0.06595
CVE-2026-72051,7.0,1,True,,0.00169,0.06594
CVE-2026-72054,6.1,1,True,,0.00169,0.06595
CVE-2026-72055,7.0,1,True,,0.00169,0.06597
CVE-2026-68479,7.0,1,True,,0.00169,0.06588
CVE-2026-63917,7.0,1,True,,0.00169,0.06588
CVE-2026-72102,7.0,1,True,,0.00169,0.06596
CVE-2026-72105,5.5,1,True,,0.00169,0.06588
CVE-2026-72435,5.5,1,True,,0.00169,0.06589
CVE-2026-72450,5.5,1,True,,0.00169,0.06594
CVE-2025-21859,5.5,1,True,,0.00169,0.06648
CVE-2024-47668,4.7,1,True,,0.00169,0.06672
CVE-2026-31407,5.5,1,True,,0.00169,0.06632
CVE-2026-64333,5.5,1,True,,0.00169,0.06592
CVE-2025-38245,7.8,1,True,,0.00169,0.06579
CVE-2026-64363,7.8,1,True,,0.00169,0.06591
CVE-2026-64274,7.8,1,True,,0.00169,0.0659
CVE-2026-64322,6.7,1,True,,0.00169,0.06592
CVE-2023-52590,5.5,1,False,,0.00169,0.06654
CVE-2025-23132,5.5,1,False,,0.00169,0.06636
CVE-2026-72250,5.5,1,True,,0.00169,0.06591
CVE-2025-38582,7.8,1,False,,0.00169,0.06635
CVE-2024-42274,5.5,1,True,,0.00169,0.06629
CVE-2026-72120,5.5,1,True,,0.00169,0.06596
CVE-2026-72108,5.5,1,True,,0.00169,0.06596
CVE-2026-93174,,1,False,,0.00168,0.06451
CVE-2026-93093,,1,False,,0.00168,0.06449
CVE-2026-80602,5.5,1,False,,0.00168,0.06446
CVE-2026-80654,5.5,1,False,,0.00168,0.06445
CVE-2026-80650,5.5,1,False,,0.00168,0.0645
CVE-2026-80695,5.5,1,False,,0.00168,0.06445
CVE-2026-80676,5.5,1,False,,0.00168,0.06441
CVE-2026-80636,5.5,1,False,,0.00168,0.06442
CVE-2026-80629,5.5,1,False,,0.00168,0.06441
CVE-2026-80761,,1,False,,0.00168,0.06497
CVE-2026-80771,,1,False,,0.00168,0.06493
CVE-2026-80728,,1,False,,0.00168,0.0644
CVE-2026-93091,,1,False,,0.00168,0.06478
CVE-2025-38122,5.5,1,True,,0.00168,0.06425
CVE-2025-38125,5.5,1,True,,0.00168,0.06527
CVE-2025-38113,5.5,1,True,,0.00168,0.06425
CVE-2025-38119,5.5,1,True,,0.00168,0.06425
CVE-2025-38412,5.5,1,True,,0.00168,0.06546
CVE-2023-52505,4.7,1,True,,0.00168,0.06569
CVE-2026-80851,,1,False,,0.00168,0.0648
CVE-2026-64001,7.0,1,False,,0.00168,0.06495
CVE-2025-38422,7.8,1,True,,0.00168,0.06546
CVE-2025-38425,7.8,1,True,,0.00168,0.06546
CVE-2025-38615,5.5,1,False,,0.00168,0.06433
CVE-2026-68112,5.5,1,False,,0.00168,0.06495
CVE-2025-38382,5.5,1,True,,0.00168,0.06545
CVE-2025-38396,7.8,1,True,,0.00168,0.06499
CVE-2026-68247,5.5,1,False,,0.00168,0.06441
CVE-2025-38105,5.5,1,True,,0.00168,0.06425
CVE-2026-90433,,1,False,,0.00168,0.06454
CVE-2025-38630,5.5,1,True,,0.00168,0.06458
CVE-2025-38230,7.8,1,True,,0.00168,0.06427
CVE-2026-68102,5.5,1,False,,0.00168,0.06457
CVE-2026-90375,,1,False,,0.00168,0.06481
CVE-2026-80820,,1,False,,0.00168,0.06496
CVE-2026-80833,,1,False,,0.00168,0.06487
CVE-2026-64528,,1,True,,0.00168,0.06516
CVE-2026-80834,,1,False,,0.00168,0.06487
CVE-2026-80836,,1,False,,0.00168,0.06489
CVE-2026-80841,,1,False,,0.00168,0.06488
CVE-2026-80837,,1,False,,0.00168,0.06482
CVE-2026-80847,,1,False,,0.00168,0.06478
CVE-2026-80611,5.5,1,False,,0.00168,0.06442
CVE-2026-90410,,1,False,,0.00168,0.06486
CVE-2026-90418,,1,False,,0.00168,0.06484
CVE-2025-38579,7.8,1,True,,0.00168,0.06546
CVE-2025-39835,7.8,1,True,,0.00168,0.06509
CVE-2025-39828,7.8,1,True,,0.00168,0.06509
CVE-2026-74653,5.5,1,False,,0.00168,0.06491
CVE-2023-52632,5.5,1,True,,0.00168,0.06544
CVE-2026-23047,5.5,1,True,,0.00168,0.06434
CVE-2026-72019,5.5,1,True,,0.00168,0.0643
CVE-2025-37997,5.5,1,True,,0.00168,0.06514
CVE-2026-68408,5.5,1,False,,0.00168,0.06442
CVE-2025-38465,5.5,1,True,,0.00168,0.06469
CVE-2026-74677,7.0,1,False,,0.00168,0.06485
CVE-2026-80996,5.5,1,False,,0.00168,0.06456
CVE-2026-74308,5.5,1,False,,0.00168,0.06496
CVE-2026-74278,5.5,1,False,,0.00168,0.06476
CVE-2025-38595,7.8,1,False,,0.00168,0.06433
CVE-2026-89462,5.5,1,False,,0.00168,0.06449
CVE-2026-74386,5.5,1,False,,0.00168,0.0657
CVE-2025-38584,7.8,1,True,,0.00168,0.065
CVE-2026-89598,5.5,1,False,,0.00168,0.06443
CVE-2026-74318,5.5,1,False,,0.00168,0.06483
CVE-2026-89666,7.0,1,False,,0.00168,0.06451
CVE-2026-74389,5.5,1,False,,0.00168,0.06495
CVE-2026-74445,5.5,1,False,,0.00168,0.06482
CVE-2026-74391,7.0,1,False,,0.00168,0.06569
CVE-2026-74536,5.5,1,False,,0.00168,0.06497
CVE-2026-89552,5.5,1,False,,0.00168,0.06454
CVE-2026-89539,5.5,1,False,,0.00168,0.06447
CVE-2026-89531,7.0,1,False,,0.00168,0.06455
CVE-2025-21718,7.0,1,True,,0.00168,0.06508
CVE-2025-39724,5.5,1,True,,0.00168,0.06575
CVE-2026-74543,5.5,1,False,,0.00168,0.0657
CVE-2026-89468,5.5,1,False,,0.00168,0.06443
CVE-2026-64317,3.9,1,True,,0.00167,0.06364
CVE-2025-38666,7.8,1,True,,0.00167,0.06373
CVE-2025-38618,7.8,1,True,,0.00167,0.06373
CVE-2025-39710,7.1,1,True,,0.00167,0.06329
CVE-2025-38715,7.1,1,True,,0.00167,0.06328
CVE-2026-89579,7.0,1,False,,0.00167,0.06385
CVE-2025-39788,7.8,1,True,,0.00167,0.06329
CVE-2025-39787,5.5,1,True,,0.00167,0.06328
CVE-2025-38177,5.5,1,True,,0.00167,0.06423
CVE-2025-38157,7.8,1,True,,0.00167,0.06389
CVE-2023-53367,5.5,1,False,,0.00167,0.06412
CVE-2025-39842,5.5,1,True,,0.00167,0.06366
CVE-2026-23274,5.5,1,True,,0.00167,0.06391
CVE-2023-53353,5.5,1,False,,0.00167,0.06412
CVE-2024-57946,5.5,1,True,,0.00167,0.06354
CVE-2025-39714,5.5,1,True,,0.00167,0.06328
CVE-2025-38313,7.8,1,True,,0.00167,0.06388
CVE-2025-68795,5.5,1,True,,0.00167,0.0637
CVE-2025-38714,7.1,1,True,,0.00167,0.06328
CVE-2026-63920,7.0,1,True,,0.00167,0.06325
CVE-2026-90161,,1,False,,0.00167,0.06389
CVE-2025-38707,7.8,1,True,,0.00167,0.06417
CVE-2025-71123,7.8,1,True,,0.00167,0.0637
CVE-2026-90204,,1,False,,0.00167,0.06372
CVE-2026-90203,,1,False,,0.00167,0.06337
CVE-2023-53179,7.8,1,True,,0.00167,0.06416
CVE-2025-21909,5.5,1,True,,0.00167,0.064
CVE-2025-38535,7.8,1,True,,0.00167,0.06409
CVE-2025-21943,4.7,1,True,,0.00167,0.06351
CVE-2026-80623,5.5,1,False,,0.00166,0.06257
CVE-2026-93100,,1,False,,0.00166,0.06248
CVE-2024-26837,4.7,1,True,,0.00166,0.06284
CVE-2026-92520,,1,False,,0.00166,0.06245
CVE-2025-40190,6.1,1,True,,0.00166,0.06235
CVE-2025-38206,7.8,1,True,,0.00166,0.06316
CVE-2026-92493,,1,False,,0.00166,0.06249
CVE-2026-64038,5.5,1,False,,0.00166,0.06276
CVE-2024-49859,4.7,1,True,,0.00166,0.06221
CVE-2025-38203,5.5,1,True,,0.00166,0.06222
CVE-2026-68233,5.5,1,False,,0.00166,0.06246
CVE-2026-74337,5.5,1,False,,0.00166,0.06277
CVE-2026-90333,,1,False,,0.00166,0.06279
CVE-2025-38467,5.5,1,True,,0.00166,0.06229
CVE-2024-42239,5.5,1,False,,0.00166,0.06225
CVE-2025-38458,5.5,1,True,,0.00166,0.0623
CVE-2025-38735,5.5,1,True,,0.00166,0.06258
CVE-2026-63983,5.5,1,False,,0.00166,0.06279
CVE-2026-63999,5.5,1,False,,0.00166,0.06281
CVE-2026-68238,5.5,1,False,,0.00166,0.06272
CVE-2025-71182,5.5,1,True,,0.00166,0.0624
CVE-2025-38142,5.5,1,True,,0.00166,0.06292
CVE-2022-20566,7.8,1,True,,0.00166,0.06267
CVE-2025-38192,5.5,1,True,,0.00166,0.06316
CVE-2026-45875,5.5,1,True,,0.00166,0.06294
CVE-2026-74600,5.5,1,False,,0.00166,0.06272
CVE-2026-63826,7.0,1,False,,0.00166,0.0622
CVE-2024-42245,5.5,1,True,,0.00166,0.06225
CVE-2026-45872,5.5,1,True,,0.00166,0.06294
CVE-2026-89719,4.1,1,False,,0.00166,0.06248
CVE-2026-74638,5.5,1,False,,0.00166,0.06271
CVE-2026-89693,7.0,1,False,,0.00166,0.06255
CVE-2025-38704,7.8,1,True,,0.00166,0.06258
CVE-2026-89644,5.5,1,False,,0.00166,0.06254
CVE-2026-74307,5.5,1,False,,0.00166,0.06275
CVE-2024-42315,5.5,1,True,,0.00166,0.06306
CVE-2024-43863,5.5,1,True,,0.00166,0.06217
CVE-2026-89437,5.5,1,False,,0.00166,0.06251
CVE-2023-53552,7.8,1,True,,0.00166,0.06262
CVE-2026-72338,7.0,1,False,,0.00166,0.06299
CVE-2026-53179,7.1,1,False,,0.00166,0.06244
CVE-2026-80643,5.5,1,False,,0.00166,0.0625
CVE-2025-38548,7.8,1,True,,0.00166,0.06265
CVE-2025-38277,5.5,1,True,,0.00166,0.06291
CVE-2025-38282,5.5,1,True,,0.00166,0.06291
CVE-2026-93122,,1,False,,0.00165,0.06178
CVE-2026-43303,7.0,1,True,,0.00165,0.06131
CVE-2026-23278,5.5,1,True,,0.00165,0.06116
CVE-2025-38659,5.5,1,True,,0.00165,0.06144
CVE-2026-64594,,1,True,,0.00165,0.06104
CVE-2026-64602,,1,True,,0.00165,0.06102
CVE-2026-64590,,1,True,,0.00165,0.061
CVE-2026-64593,,1,True,,0.00165,0.061
CVE-2026-64604,,1,True,,0.00165,0.061
CVE-2023-53539,5.5,1,True,,0.00165,0.06174
CVE-2023-53545,5.5,1,True,,0.00165,0.06175
CVE-2025-38204,7.1,1,False,,0.00165,0.06205
CVE-2026-80881,,1,True,,0.00165,0.06142
CVE-2025-38624,5.5,1,True,,0.00165,0.06115
CVE-2025-38623,5.5,1,True,,0.00165,0.06115
CVE-2026-64500,,1,True,,0.00165,0.06168
CVE-2025-38556,7.1,1,True,,0.00165,0.06162
CVE-2026-72315,5.5,1,False,,0.00165,0.06178
CVE-2026-74577,5.5,1,True,,0.00165,0.06169
CVE-2025-38721,5.5,1,True,,0.00165,0.06135
CVE-2026-80831,,1,True,,0.00165,0.06147
CVE-2025-38322,5.5,1,True,,0.00165,0.06138
CVE-2026-64505,,1,True,,0.00165,0.06169
CVE-2026-45855,5.5,1,False,,0.00165,0.0614
CVE-2026-45856,7.0,1,True,,0.00165,0.06106
CVE-2026-80909,,1,True,,0.00165,0.06101
CVE-2026-80912,,1,False,,0.00165,0.06102
CVE-2026-80913,,1,True,,0.00165,0.06103
CVE-2026-80923,,1,True,,0.00165,0.06101
CVE-2026-80902,,1,True,,0.00165,0.06102
CVE-2026-80906,,1,True,,0.00165,0.06103
CVE-2026-80908,,1,True,,0.00165,0.06101
CVE-2025-39764,5.5,1,True,,0.00165,0.06156
CVE-2025-38096,5.5,1,False,,0.00165,0.06151
CVE-2025-38058,5.5,1,True,,0.00165,0.06096
CVE-2026-64504,,1,True,,0.00165,0.06168
CVE-2024-57889,5.5,1,True,,0.00165,0.0621
CVE-2026-80856,,1,True,,0.00165,0.06101
CVE-2026-80879,,1,True,,0.00165,0.06142
CVE-2026-80855,,1,True,,0.00165,0.06103
CVE-2024-43849,5.5,1,True,,0.00165,0.0618
CVE-2025-71089,7.8,1,True,,0.00165,0.06111
CVE-2025-38727,5.5,1,True,,0.00165,0.06203
CVE-2025-39795,5.5,1,True,,0.00165,0.06136
CVE-2026-90205,,1,False,,0.00165,0.06126
CVE-2026-74426,5.5,1,True,,0.00165,0.06168
CVE-2024-50135,4.7,1,False,,0.00165,0.06143
CVE-2025-38198,7.8,1,True,,0.00165,0.06157
CVE-2025-38183,7.8,1,True,,0.00165,0.06157
CVE-2026-74566,5.5,1,True,,0.00165,0.06103
CVE-2026-90316,,1,False,,0.00164,0.0605
CVE-2025-38218,5.5,1,True,,0.00164,0.06045
CVE-2026-90309,,1,False,,0.00164,0.06026
CVE-2023-53314,5.5,1,True,,0.00164,0.06085
CVE-2026-89823,,1,False,,0.00164,0.06021
CVE-2026-72389,7.0,1,True,,0.00164,0.0601
CVE-2026-80573,5.5,1,True,,0.00164,0.06073
CVE-2026-80567,5.5,1,True,,0.00164,0.06072
CVE-2025-38668,5.5,1,True,,0.00164,0.05999
CVE-2026-89733,4.6,1,False,,0.00164,0.0609
CVE-2026-72419,7.0,1,True,,0.00164,0.06052
CVE-2026-64299,5.5,1,True,,0.00164,0.06035
CVE-2026-64298,7.0,1,True,,0.00164,0.06077
CVE-2023-53541,7.8,1,True,,0.00164,0.06086
CVE-2026-72406,5.5,1,True,,0.00164,0.06051
CVE-2026-89738,4.1,1,False,,0.00164,0.06005
CVE-2026-89741,7.0,1,False,,0.00164,0.06017
CVE-2025-38262,5.5,1,True,,0.00164,0.06013
CVE-2025-38303,5.5,1,True,,0.00164,0.06007
CVE-2025-38249,7.1,1,True,,0.00164,0.06029
CVE-2025-38272,5.5,1,False,,0.00164,0.05987
CVE-2026-64346,7.8,1,True,,0.00164,0.06011
CVE-2026-93170,,1,False,,0.00164,0.06022
CVE-2026-64323,7.0,1,True,,0.00164,0.06034
CVE-2026-64318,,1,True,,0.00164,0.06034
CVE-2023-53486,7.1,1,True,,0.00164,0.06002
CVE-2026-90388,,1,False,,0.00164,0.06021
CVE-2026-64266,7.0,1,True,,0.00164,0.0601
CVE-2026-89440,7.0,1,False,,0.00164,0.06023
CVE-2023-53495,7.8,1,True,,0.00164,0.06085
CVE-2025-38214,5.5,1,True,,0.00164,0.06034
CVE-2026-72181,5.5,1,True,,0.00164,0.06049
CVE-2026-72172,5.5,1,True,,0.00164,0.0605
CVE-2026-72171,5.5,1,True,,0.00164,0.06018
CVE-2026-72170,5.5,1,True,,0.00164,0.06046
CVE-2026-72165,5.5,1,True,,0.00164,0.06024
CVE-2026-72164,5.5,1,True,,0.00164,0.06024
CVE-2026-72125,7.0,1,True,,0.00164,0.0601
CVE-2024-36944,4.4,1,True,,0.00164,0.06056
CVE-2025-21767,5.5,1,True,,0.00164,0.05981
CVE-2024-43866,4.7,1,True,,0.00164,0.06067
CVE-2026-89870,,1,False,,0.00164,0.06045
CVE-2026-89880,,1,False,,0.00164,0.06047
CVE-2026-89883,,1,False,,0.00164,0.0605
CVE-2026-72261,7.0,1,True,,0.00164,0.06017
CVE-2025-38154,7.8,1,True,,0.00164,0.06094
CVE-2026-72252,7.0,1,True,,0.00164,0.06048
CVE-2026-89585,5.5,1,False,,0.00164,0.06026
CVE-2026-89559,7.0,1,False,,0.00164,0.06027
CVE-2026-89597,5.5,1,False,,0.00164,0.06025
CVE-2026-89594,5.5,1,False,,0.00164,0.06024
CVE-2026-64015,7.0,1,True,,0.00164,0.0603
CVE-2025-38371,5.5,1,True,,0.00164,0.06068
CVE-2026-90207,,1,False,,0.00164,0.0605
CVE-2026-72122,5.5,1,True,,0.00164,0.06061
CVE-2026-72123,7.0,1,True,,0.00164,0.06049
CVE-2026-72255,7.8,1,True,,0.00164,0.06048
CVE-2026-90225,,1,False,,0.00164,0.06022
CVE-2026-72301,7.0,1,True,,0.00164,0.06051
CVE-2026-90286,,1,False,,0.00164,0.06021
CVE-2026-89557,5.5,1,False,,0.00164,0.06026
CVE-2025-38182,7.8,1,False,,0.00164,0.06071
CVE-2022-20369,6.7,1,True,,0.00164,0.06053
CVE-2026-89998,,1,False,,0.00164,0.06023
CVE-2026-80877,,1,True,,0.00164,0.06073
CVE-2026-80876,,1,True,,0.00164,0.06074
CVE-2026-80875,,1,True,,0.00164,0.06073
CVE-2026-80992,5.5,1,False,,0.00164,0.06025
CVE-2025-38540,5.5,1,True,,0.00164,0.05999
CVE-2025-39914,5.5,1,True,,0.00164,0.06054
CVE-2026-89723,6.5,1,False,,0.00164,0.06015
CVE-2025-38528,5.5,1,True,,0.00164,0.05994
CVE-2026-74283,7.0,1,True,,0.00164,0.06024
CVE-2026-80867,,1,True,,0.00164,0.06073
CVE-2026-89607,7.0,1,False,,0.00164,0.06021
CVE-2026-89605,5.5,1,False,,0.00164,0.06022
CVE-2026-89887,,1,False,,0.00164,0.06048
CVE-2026-89890,,1,False,,0.00164,0.0602
CVE-2025-38516,5.5,1,True,,0.00164,0.06
CVE-2026-31531,5.5,1,False,,0.00164,0.06055
CVE-2026-89724,5.5,1,False,,0.00164,0.06016
CVE-2026-90143,,1,False,,0.00164,0.06016
CVE-2026-90007,,1,False,,0.00164,0.06017
CVE-2026-89965,,1,False,,0.00164,0.06047
CVE-2026-72053,7.0,1,True,,0.00164,0.06047
CVE-2026-63942,5.5,1,True,,0.00164,0.06045
CVE-2026-63927,5.5,1,True,,0.00164,0.06011
CVE-2025-38502,7.1,1,True,,0.00164,0.06076
CVE-2025-38513,5.5,1,True,,0.00164,0.05999
CVE-2026-72109,5.5,1,True,,0.00164,0.0602
CVE-2026-72110,5.5,1,True,,0.00164,0.06052
CVE-2026-72114,5.5,1,True,,0.00164,0.06047
CVE-2026-72113,5.5,1,True,,0.00164,0.06052
CVE-2026-72119,5.5,1,True,,0.00164,0.06046
CVE-2026-63945,7.0,1,True,,0.00164,0.0601
CVE-2025-38460,5.5,1,True,,0.00164,0.06076
CVE-2026-89959,,1,False,,0.00164,0.06051
CVE-2026-89957,,1,False,,0.00164,0.06019
CVE-2026-89932,,1,False,,0.00164,0.06015
CVE-2025-38457,5.5,1,True,,0.00164,0.06068
CVE-2026-68294,7.3,1,True,,0.00164,0.06017
CVE-2026-72024,5.5,1,True,,0.00164,0.06051
CVE-2026-45867,7.8,1,True,,0.00164,0.06079
CVE-2026-45866,7.8,1,True,,0.00164,0.06078
CVE-2026-45916,7.8,1,True,,0.00164,0.06078
CVE-2026-45902,7.8,1,True,,0.00164,0.06078
CVE-2025-38736,7.1,1,True,,0.00164,0.0606
CVE-2026-89988,,1,False,,0.00164,0.06046
CVE-2023-54088,5.5,1,False,,0.00164,0.06032
CVE-2026-89979,,1,False,,0.00164,0.06046
CVE-2026-31410,5.5,1,False,,0.00164,0.06053
CVE-2026-68474,5.5,1,True,,0.00164,0.06023
CVE-2026-80917,,1,True,,0.00164,0.06072
CVE-2026-89893,,1,False,,0.00164,0.06048
CVE-2026-81000,7.8,1,False,,0.00164,0.06026
CVE-2026-89922,,1,False,,0.00164,0.0602
CVE-2026-89894,,1,False,,0.00164,0.06025
CVE-2026-72012,5.5,1,True,,0.00164,0.06049
CVE-2026-72005,5.5,1,True,,0.00164,0.06023
CVE-2026-93037,,1,False,,0.00164,0.06016
CVE-2026-45879,7.8,1,True,,0.00164,0.06078
CVE-2026-68428,5.5,1,True,,0.00164,0.06072
CVE-2025-38468,5.5,1,True,,0.00164,0.06068
CVE-2026-80737,,1,True,,0.00164,0.06018
CVE-2026-80747,,1,False,,0.00164,0.05993
CVE-2026-80754,,1,True,,0.00164,0.06018
CVE-2026-80708,5.5,1,True,,0.00164,0.06072
CVE-2023-53194,7.8,1,True,,0.00163,0.05892
CVE-2025-39853,7.1,1,True,,0.00163,0.05949
CVE-2026-89899,,1,False,,0.00163,0.05936
CVE-2025-39891,7.1,1,True,,0.00163,0.05949
CVE-2025-39902,5.5,1,True,,0.00163,0.05948
CVE-2024-46791,5.5,1,True,,0.00163,0.05965
CVE-2026-46019,5.5,1,True,,0.00163,0.05884
CVE-2025-38482,7.1,1,True,,0.00163,0.05927
CVE-2026-89929,,1,False,,0.00163,0.05961
CVE-2025-39810,7.8,1,False,,0.00163,0.05947
CVE-2025-38483,7.1,1,True,,0.00163,0.05927
CVE-2026-90383,,1,False,,0.00163,0.05938
CVE-2026-90358,,1,False,,0.00163,0.05962
CVE-2025-22010,5.5,1,True,,0.00163,0.05906
CVE-2025-22014,5.5,1,True,,0.00163,0.05906
CVE-2026-72434,5.5,1,False,,0.00163,0.05961
CVE-2025-38212,7.8,1,True,,0.00163,0.05901
CVE-2026-89574,5.5,1,False,,0.00163,0.05936
CVE-2025-38166,5.5,1,True,,0.00163,0.05944
CVE-2026-90227,,1,False,,0.00163,0.05961
CVE-2026-43360,5.5,1,True,,0.00163,0.05885
CVE-2026-89803,,1,False,,0.00163,0.05937
CVE-2026-72144,5.5,1,False,,0.00163,0.0596
CVE-2025-39824,7.8,1,True,,0.00163,0.05935
CVE-2025-39817,7.1,1,True,,0.00163,0.05949
CVE-2026-90308,,1,False,,0.00163,0.05939
CVE-2025-38576,5.5,1,True,,0.00163,0.05941
CVE-2026-90392,,1,False,,0.00163,0.05962
CVE-2026-89793,,1,False,,0.00163,0.05964
CVE-2025-38602,5.5,1,True,,0.00162,0.05869
CVE-2025-39783,7.8,1,True,,0.00162,0.05814
CVE-2025-38546,5.5,1,True,,0.00162,0.0587
CVE-2025-21820,5.5,1,True,,0.00162,0.05809
CVE-2026-53343,5.5,1,True,,0.00162,0.05866
CVE-2026-90321,,1,False,,0.00162,0.05811
CVE-2023-53218,7.8,1,False,,0.00162,0.05808
CVE-2026-72439,5.5,1,False,,0.00162,0.05871
CVE-2026-89810,,1,False,,0.00162,0.05779
CVE-2024-50183,4.7,1,True,,0.00162,0.05768
CVE-2026-72198,5.5,1,False,,0.00162,0.0578
CVE-2026-72162,5.5,1,False,,0.00162,0.05781
CVE-2025-38723,5.5,1,True,,0.00162,0.05846
CVE-2026-72488,5.5,1,False,,0.00162,0.05781
CVE-2026-68289,7.0,1,False,,0.00162,0.05871
CVE-2026-68288,5.5,1,False,,0.00162,0.05872
CVE-2025-39920,5.5,1,True,,0.00162,0.05838
CVE-2025-38478,5.5,1,True,,0.00162,0.05823
CVE-2023-54127,3.3,1,True,,0.00162,0.05777
CVE-2026-74264,5.5,1,False,,0.00162,0.05779
CVE-2023-54095,5.5,1,True,,0.00162,0.05838
CVE-2026-72042,7.8,1,False,,0.00162,0.05781
CVE-2024-56568,4.7,1,True,,0.00162,0.05818
CVE-2024-54683,5.5,1,False,,0.00162,0.05876
CVE-2026-72009,5.5,1,False,,0.00162,0.05781
CVE-2026-22996,5.5,1,False,,0.00162,0.05785
CVE-2025-38713,7.1,1,True,,0.00162,0.05832
CVE-2026-53135,5.5,1,True,,0.00162,0.05866
CVE-2026-53350,5.5,1,True,,0.00162,0.05866
CVE-2026-74735,5.5,1,False,,0.00162,0.05854
CVE-2026-53339,5.5,1,True,,0.00162,0.05866
CVE-2026-53237,5.5,1,False,,0.00162,0.05798
CVE-2026-72390,5.5,1,True,,0.00162,0.05854
CVE-2025-38671,5.5,1,True,,0.00162,0.0587
CVE-2026-90320,,1,False,,0.00162,0.05834
CVE-2025-38384,5.5,1,True,,0.00161,0.0571
CVE-2025-40044,5.5,1,True,,0.00161,0.05718
CVE-2025-38718,7.8,1,True,,0.00161,0.05673
CVE-2026-89799,,1,False,,0.00161,0.05761
CVE-2023-52586,7.0,1,False,,0.00161,0.05691
CVE-2026-90146,,1,False,,0.00161,0.05761
CVE-2024-57876,7.0,1,True,,0.00161,0.05751
CVE-2026-74424,5.5,1,True,,0.00161,0.05745
CVE-2024-0641,5.5,1,True,,0.00161,0.057
CVE-2026-74555,5.5,1,True,,0.00161,0.05694
CVE-2025-38333,5.5,1,False,,0.00161,0.05671
CVE-2025-40306,,1,True,,0.00161,0.05657
CVE-2026-64573,7.0,1,True,,0.00161,0.05695
CVE-2026-93154,,1,False,,0.00161,0.05763
CVE-2026-64508,7.0,1,True,,0.00161,0.05744
CVE-2026-89520,5.5,1,False,,0.00161,0.05757
CVE-2026-93196,,1,False,,0.00161,0.05735
CVE-2025-38679,7.1,1,True,,0.00161,0.05745
CVE-2026-74553,5.5,1,True,,0.00161,0.05744
CVE-2026-80880,,1,True,,0.00161,0.05722
CVE-2026-89832,,1,False,,0.00161,0.05759
CVE-2026-90343,,1,False,,0.00161,0.05764
CVE-2025-40149,7.8,1,True,,0.00161,0.05658
CVE-2025-38626,5.5,1,True,,0.00161,0.0571
CVE-2026-89808,,1,False,,0.00161,0.05757
CVE-2026-72243,7.3,1,True,,0.00161,0.0567
CVE-2026-89811,,1,False,,0.00161,0.05759
CVE-2023-53615,4.7,1,True,,0.00161,0.05672
CVE-2026-80910,,1,True,,0.00161,0.05694
CVE-2026-64527,7.0,1,True,,0.00161,0.05695
CVE-2026-80904,,1,True,,0.00161,0.05694
CVE-2026-80852,,1,True,,0.00161,0.05695
CVE-2025-38441,5.5,1,True,,0.00161,0.0571
CVE-2025-39931,5.5,1,True,,0.00161,0.05742
CVE-2025-38410,5.5,1,True,,0.00161,0.05709
CVE-2023-54125,7.8,1,True,,0.00161,0.05671
CVE-2026-80870,,1,True,,0.00161,0.05723
CVE-2026-80865,,1,True,,0.00161,0.05663
CVE-2021-39648,4.1,1,True,,0.00161,0.05725
CVE-2024-56687,5.5,1,True,,0.00161,0.05736
CVE-2026-64507,5.5,1,True,,0.00161,0.05744
CVE-2026-68450,5.5,1,True,,0.00161,0.05743
CVE-2023-53421,5.5,1,True,,0.00161,0.05724
CVE-2026-80715,5.5,1,True,,0.00161,0.05663
CVE-2026-80901,,1,True,,0.00161,0.05694
CVE-2026-68449,5.5,1,False,,0.00161,0.05743
CVE-2025-38644,5.5,1,True,,0.00161,0.0571
CVE-2026-89920,,1,False,,0.00161,0.05765
CVE-2026-89906,,1,False,,0.00161,0.05757
CVE-2026-45858,5.5,1,False,,0.0016,0.05583
CVE-2026-45850,5.5,1,True,,0.0016,0.05648
CVE-2026-45848,5.5,1,True,,0.0016,0.05651
CVE-2025-38364,5.5,1,True,,0.0016,0.05566
CVE-2026-45886,5.5,1,True,,0.0016,0.05646
CVE-2025-39869,7.1,1,True,,0.0016,0.05611
CVE-2026-64337,5.5,1,True,,0.0016,0.05598
CVE-2026-64324,6.7,1,True,,0.0016,0.05628
CVE-2026-64301,5.5,1,True,,0.0016,0.056
CVE-2026-64275,5.5,1,True,,0.0016,0.05599
CVE-2023-53456,5.5,1,True,,0.0016,0.05548
CVE-2026-93178,,1,False,,0.0016,0.05564
CVE-2026-64297,5.5,1,True,,0.0016,0.056
CVE-2026-64294,5.5,1,True,,0.0016,0.05599
CVE-2026-45965,5.5,1,True,,0.0016,0.056
CVE-2025-38670,7.1,1,True,,0.0016,0.05555
CVE-2025-39694,5.5,1,True,,0.0016,0.05609
CVE-2026-90292,,1,False,,0.0016,0.05538
CVE-2026-45962,5.5,1,True,,0.0016,0.05601
CVE-2026-45964,5.5,1,True,,0.0016,0.056
CVE-2026-53258,5.5,1,False,,0.0016,0.05605
CVE-2026-89854,,1,False,,0.0016,0.05537
CVE-2026-64306,5.5,1,True,,0.0016,0.05599
CVE-2026-90325,,1,False,,0.0016,0.05537
CVE-2025-38634,5.5,1,True,,0.0016,0.05566
CVE-2025-38419,5.5,1,True,,0.0016,0.05564
CVE-2026-43456,5.5,1,False,,0.0016,0.05629
CVE-2026-45946,7.8,1,True,,0.0016,0.05538
CVE-2025-38588,5.5,1,True,,0.0016,0.05565
CVE-2025-38587,5.5,1,True,,0.0016,0.05565
CVE-2026-45915,5.5,1,True,,0.0016,0.05648
CVE-2026-45911,5.5,1,True,,0.0016,0.05647
CVE-2026-45865,5.5,1,True,,0.0016,0.05649
CVE-2026-45868,5.5,1,True,,0.0016,0.05646
CVE-2026-90062,,1,False,,0.0016,0.05614
CVE-2026-63930,,1,True,,0.0016,0.05536
CVE-2026-90057,,1,False,,0.0016,0.05537
CVE-2025-38409,5.5,1,True,,0.0016,0.05567
CVE-2024-47660,4.7,1,True,,0.0016,0.05563
CVE-2026-90071,,1,False,,0.0016,0.05536
CVE-2025-38481,5.5,1,True,,0.0016,0.05596
CVE-2025-71304,5.5,1,True,,0.0016,0.05649
CVE-2025-38480,5.5,1,True,,0.0016,0.05596
CVE-2026-45864,5.5,1,True,,0.0016,0.05646
CVE-2026-92508,,1,False,,0.0016,0.05536
CVE-2025-38354,5.5,1,True,,0.0016,0.05564
CVE-2026-92507,,1,False,,0.0016,0.05536
CVE-2026-45885,7.8,1,True,,0.0016,0.05617
CVE-2025-39865,5.5,1,True,,0.0016,0.05618
CVE-2025-38645,5.5,1,True,,0.0016,0.05566
CVE-2025-38473,5.5,1,True,,0.0016,0.05575
CVE-2025-38474,5.5,1,True,,0.0016,0.05595
CVE-2026-45873,5.5,1,True,,0.0016,0.0565
CVE-2026-45877,5.5,1,False,,0.0016,0.05584
CVE-2026-45883,5.5,1,True,,0.0016,0.05647
CVE-2026-45881,5.5,1,True,,0.0016,0.05648
CVE-2026-45899,5.5,1,False,,0.0016,0.05647
CVE-2026-45892,5.5,1,False,,0.0016,0.0565
CVE-2026-45847,5.5,1,True,,0.0016,0.05651
CVE-2026-45857,5.5,1,True,,0.0016,0.05649
CVE-2026-45870,5.5,1,True,,0.0016,0.0565
CVE-2026-45869,5.5,1,True,,0.0016,0.05646
CVE-2026-72049,7.0,1,True,,0.0016,0.05652
CVE-2026-72043,5.5,1,True,,0.0016,0.05652
CVE-2026-45901,5.5,1,False,,0.0016,0.05584
CVE-2026-45904,5.5,1,True,,0.0016,0.05648
CVE-2025-38117,7.8,1,True,,0.0016,0.05579
CVE-2025-38418,5.5,1,True,,0.0016,0.05567
CVE-2025-38426,5.5,1,False,,0.0016,0.05637
CVE-2025-38455,5.5,1,True,,0.0016,0.05598
CVE-2025-71305,5.5,1,True,,0.0016,0.0565
CVE-2026-63914,7.0,1,True,,0.0016,0.05579
CVE-2025-39846,5.5,1,True,,0.0016,0.05618
CVE-2025-39847,5.5,1,True,,0.0016,0.05618
CVE-2026-68229,5.5,1,True,,0.0016,0.05564
CVE-2025-38583,5.5,1,True,,0.0016,0.05565
CVE-2025-38163,5.5,1,True,,0.0016,0.05639
CVE-2025-38610,5.5,1,True,,0.0016,0.05565
CVE-2026-45948,5.5,1,True,,0.0016,0.05601
CVE-2026-45923,5.5,1,True,,0.0016,0.05649
CVE-2025-38609,5.5,1,True,,0.0016,0.05566
CVE-2025-39685,7.1,1,True,,0.0016,0.05609
CVE-2026-80991,5.5,1,False,,0.00159,0.05431
CVE-2026-90003,,1,False,,0.00159,0.05504
CVE-2026-89997,,1,False,,0.00159,0.05504
CVE-2025-38531,5.5,1,False,,0.00159,0.05464
CVE-2026-80971,7.0,1,False,,0.00159,0.05506
CVE-2026-80982,7.0,1,False,,0.00159,0.05507
CVE-2025-38042,5.5,1,False,,0.00159,0.0553
CVE-2025-38029,5.5,1,False,,0.00159,0.0553
CVE-2025-38312,5.5,1,True,,0.00159,0.05495
CVE-2026-80732,,1,True,,0.00159,0.05504
CVE-2026-92525,,1,False,,0.00159,0.05521
CVE-2026-89472,5.5,1,False,,0.00159,0.05433
CVE-2026-89960,,1,False,,0.00159,0.05448
CVE-2026-89938,,1,False,,0.00159,0.05433
CVE-2025-38449,5.5,1,False,,0.00159,0.05489
CVE-2025-38456,7.8,1,True,,0.00159,0.05421
CVE-2025-38041,5.5,1,False,,0.00159,0.05529
CVE-2025-38088,7.1,1,True,,0.00159,0.0547
CVE-2026-80947,7.0,1,False,,0.00159,0.05431
CVE-2026-80994,7.0,1,False,,0.00159,0.05506
CVE-2026-23021,5.5,1,True,,0.00159,0.05439
CVE-2026-68329,7.0,1,False,,0.00159,0.05432
CVE-2026-90326,,1,False,,0.00159,0.05432
CVE-2026-72297,5.5,1,True,,0.00159,0.05522
CVE-2026-89818,,1,False,,0.00159,0.05522
CVE-2026-68189,5.5,1,True,,0.00159,0.05506
CVE-2024-36024,4.7,1,False,,0.00159,0.05512
CVE-2025-39794,5.5,1,True,,0.00159,0.05438
CVE-2026-90229,,1,False,,0.00159,0.05496
CVE-2025-71125,5.5,1,True,,0.00159,0.05518
CVE-2026-89888,,1,False,,0.00159,0.05507
CVE-2025-38712,5.5,1,True,,0.00159,0.05438
CVE-2026-89608,5.5,1,False,,0.00159,0.05522
CVE-2025-39744,7.1,1,False,,0.00159,0.05502
CVE-2025-71180,5.5,1,True,,0.00159,0.05439
CVE-2026-72213,5.5,1,False,,0.00159,0.05511
CVE-2026-72126,7.0,1,True,,0.00159,0.05505
CVE-2025-38227,7.8,1,True,,0.00159,0.05534
CVE-2025-22027,4.7,1,True,,0.00159,0.05467
CVE-2025-38222,5.5,1,True,,0.00159,0.05495
CVE-2025-39709,5.5,1,True,,0.00159,0.05438
CVE-2025-38231,5.5,1,True,,0.00159,0.05494
CVE-2025-38229,5.5,1,True,,0.00159,0.05495
CVE-2025-38219,5.5,1,True,,0.00159,0.05495
CVE-2026-89789,,1,False,,0.00159,0.05503
CVE-2026-81001,7.0,1,False,,0.00159,0.05503
CVE-2026-89742,6.4,1,False,,0.00159,0.05505
CVE-2026-89746,4.4,1,False,,0.00159,0.05505
CVE-2026-46000,5.5,1,False,,0.00159,0.05491
CVE-2026-89777,,1,False,,0.00159,0.05507
CVE-2026-93177,,1,False,,0.00159,0.05522
CVE-2026-81008,7.0,1,False,,0.00159,0.05504
CVE-2026-80704,5.5,1,False,,0.00159,0.05525
CVE-2026-93137,,1,False,,0.00159,0.05505
CVE-2025-40026,5.5,1,True,,0.00158,0.0541
CVE-2024-22386,4.7,2,True,,0.00158,0.05387
CVE-2026-80884,,1,False,,0.00158,0.05385
CVE-2025-39873,7.8,1,True,,0.00158,0.0537
CVE-2025-39863,7.8,1,True,,0.00158,0.0537
CVE-2025-40112,,1,True,,0.00158,0.05348
CVE-2025-38202,5.5,1,True,,0.00158,0.05341
CVE-2026-93063,,1,False,,0.00158,0.05409
CVE-2026-23227,7.8,1,True,,0.00158,0.05366
CVE-2025-21878,5.5,1,True,,0.00158,0.05351
CVE-2026-45940,5.5,1,False,,0.00158,0.05361
CVE-2025-21912,5.5,1,True,,0.00158,0.05351
CVE-2025-38550,7.8,1,True,,0.00158,0.05361
CVE-2025-38369,7.8,1,False,,0.00158,0.05345
CVE-2026-89795,,1,False,,0.00158,0.05326
CVE-2026-23099,7.1,1,True,,0.00158,0.05386
CVE-2026-80671,5.5,1,False,,0.00158,0.05409
CVE-2025-38499,5.5,1,True,,0.00158,0.05362
CVE-2025-39945,7.8,1,True,,0.00158,0.0537
CVE-2025-38257,7.8,1,True,,0.00157,0.05296
CVE-2025-39993,7.0,1,True,,0.00157,0.05247
CVE-2025-39763,5.5,1,True,,0.00157,0.05298
CVE-2026-89545,7.0,1,False,,0.00157,0.05261
CVE-2025-38263,5.5,1,True,,0.00157,0.0531
CVE-2026-89622,5.5,1,False,,0.00157,0.0526
CVE-2023-53662,5.5,1,True,,0.00157,0.05283
CVE-2023-53585,5.5,1,True,,0.00157,0.05297
CVE-2025-38438,5.5,1,False,,0.00157,0.0529
CVE-2026-80883,,1,False,,0.00157,0.05255
CVE-2026-93039,,1,False,,0.00157,0.0525
CVE-2026-90013,,1,False,,0.00157,0.05274
CVE-2025-39955,7.8,1,True,,0.00157,0.05292
CVE-2025-39911,7.8,1,True,,0.00157,0.05292
CVE-2026-72383,5.5,1,False,,0.00157,0.05273
CVE-2023-53331,7.8,1,True,,0.00157,0.05292
CVE-2025-39797,7.8,1,False,,0.00157,0.05271
CVE-2025-39805,5.5,1,True,,0.00157,0.05238
CVE-2023-53228,5.5,1,True,,0.00157,0.05237
CVE-2025-40297,5.5,1,True,,0.00157,0.05284
CVE-2025-39838,5.5,1,True,,0.00157,0.05237
CVE-2026-52923,7.8,1,True,,0.00157,0.05279
CVE-2025-38597,5.5,1,False,,0.00157,0.05291
CVE-2025-39718,5.5,1,True,,0.00157,0.05282
CVE-2026-90002,,1,False,,0.00157,0.05274
CVE-2025-40248,7.0,1,True,,0.00157,0.05266
CVE-2022-20422,7.0,1,True,,0.00157,0.05262
CVE-2025-38161,5.5,1,True,,0.00157,0.05283
CVE-2025-38064,5.5,1,False,,0.00157,0.05234
CVE-2026-80920,,1,False,,0.00156,0.05208
CVE-2023-53472,5.5,1,True,,0.00156,0.05157
CVE-2026-80907,,1,False,,0.00156,0.05206
CVE-2025-38251,5.5,1,True,,0.00156,0.05215
CVE-2023-53480,5.5,1,True,,0.00156,0.05163
CVE-2023-53518,5.5,1,True,,0.00156,0.05138
CVE-2026-80861,,1,False,,0.00156,0.05209
CVE-2026-80864,,1,False,,0.00156,0.05209
CVE-2025-39790,7.8,1,True,,0.00156,0.05134
CVE-2025-37812,5.5,1,True,,0.00156,0.05117
CVE-2023-53220,5.5,1,True,,0.00156,0.05163
CVE-2025-39692,5.5,1,True,,0.00156,0.05147
CVE-2025-39693,5.5,1,True,,0.00156,0.05164
CVE-2026-72232,5.5,1,True,,0.00156,0.05137
CVE-2026-45897,5.5,1,False,,0.00156,0.05196
CVE-2025-38497,7.1,1,True,,0.00156,0.05197
CVE-2025-38305,5.5,1,True,,0.00156,0.05176
CVE-2026-23235,7.1,1,True,,0.00156,0.05139
CVE-2025-38195,5.5,1,False,,0.00156,0.05125
CVE-2025-39675,5.5,1,True,,0.00156,0.05165
CVE-2025-38162,5.5,1,True,,0.00156,0.05114
CVE-2026-23000,5.5,1,False,,0.00156,0.05212
CVE-2025-40245,,1,True,,0.00155,0.05007
CVE-2025-40244,4.7,1,True,,0.00155,0.05006
CVE-2026-93104,,1,False,,0.00155,0.05062
CVE-2026-68435,5.5,1,False,,0.00155,0.05041
CVE-2021-0938,5.5,1,True,,0.00155,0.05043
CVE-2025-40123,4.4,1,True,,0.00155,0.05005
CVE-2025-40243,,1,True,,0.00155,0.05006
CVE-2025-40251,5.5,1,True,,0.00155,0.05006
CVE-2026-68418,5.5,1,False,,0.00155,0.04998
CVE-2025-38705,5.5,1,False,,0.00155,0.0508
CVE-2026-74342,5.5,1,False,,0.00155,0.05107
CVE-2025-21651,4.7,1,False,,0.00155,0.05015
CVE-2025-40118,5.8,1,True,,0.00155,0.05005
CVE-2026-90335,,1,False,,0.00155,0.05068
CVE-2026-80785,,1,False,,0.00155,0.051
CVE-2026-74272,5.5,1,False,,0.00155,0.05106
CVE-2026-74291,5.5,1,False,,0.00155,0.05104
CVE-2026-64094,5.5,1,True,,0.00155,0.05097
CVE-2025-38151,5.5,1,True,,0.00155,0.05011
CVE-2025-38304,5.5,1,True,,0.00155,0.05012
CVE-2026-90267,,1,False,,0.00155,0.05064
CVE-2023-53588,5.5,1,True,,0.00155,0.05023
CVE-2025-68785,5.5,1,True,,0.00155,0.05025
CVE-2025-39994,5.8,1,True,,0.00155,0.0507
CVE-2026-80925,,1,False,,0.00155,0.04997
CVE-2026-89718,5.5,1,False,,0.00155,0.05064
CVE-2025-39747,5.5,1,False,,0.00155,0.05073
CVE-2025-38300,5.5,1,True,,0.00155,0.05012
CVE-2021-39634,7.8,1,True,,0.00155,0.05025
CVE-2026-68448,7.0,1,False,,0.00155,0.05041
CVE-2026-89642,7.0,1,False,,0.00155,0.05062
CVE-2026-63806,7.1,1,True,,0.00155,0.0504
CVE-2025-40054,,1,True,,0.00155,0.05006
CVE-2025-38319,5.5,1,True,,0.00155,0.05011
CVE-2025-38334,5.5,1,True,,0.00155,0.05011
CVE-2026-90273,,1,False,,0.00155,0.05066
CVE-2026-68337,4.4,1,False,,0.00155,0.05062
CVE-2026-80905,,1,False,,0.00155,0.05
CVE-2026-90345,,1,False,,0.00155,0.05069
CVE-2025-38160,5.5,1,True,,0.00155,0.05036
CVE-2026-68081,,1,False,,0.00155,0.05042
CVE-2026-90365,,1,False,,0.00155,0.05065
CVE-2026-93168,,1,False,,0.00155,0.05104
CVE-2025-40233,,1,True,,0.00155,0.05007
CVE-2023-53175,5.5,1,True,,0.00155,0.05071
CVE-2025-38692,5.5,1,False,,0.00155,0.05084
CVE-2025-39746,5.5,1,False,,0.00155,0.05078
CVE-2025-37741,5.5,1,True,,0.00155,0.05029
CVE-2026-80698,7.0,1,False,,0.00155,0.05069
CVE-2026-92480,,1,False,,0.00155,0.05068
CVE-2023-53210,5.5,1,True,,0.00155,0.05078
CVE-2026-74754,5.5,1,False,,0.00155,0.05061
CVE-2025-22060,4.7,1,True,,0.00155,0.05015
CVE-2025-38148,5.5,1,True,,0.00155,0.05012
CVE-2026-80786,,1,False,,0.00155,0.05104
CVE-2025-39762,5.5,1,False,,0.00154,0.04874
CVE-2026-90237,,1,False,,0.00154,0.04916
CVE-2025-40051,5.5,1,True,,0.00154,0.04928
CVE-2026-93202,,1,False,,0.00154,0.04973
CVE-2026-63809,6.4,1,True,,0.00154,0.0491
CVE-2026-93200,,1,False,,0.00154,0.04974
CVE-2026-31788,8.2,1,True,,0.00154,0.04901
CVE-2026-93105,,1,False,,0.00154,0.0492
CVE-2025-39970,5.2,1,True,,0.00154,0.04977
CVE-2026-68404,7.0,1,False,,0.00154,0.04896
CVE-2025-39969,6.5,1,True,,0.00154,0.04977
CVE-2025-38500,7.8,1,True,,0.00154,0.04868
CVE-2025-38443,7.8,1,True,,0.00154,0.04933
CVE-2025-38259,7.8,1,True,,0.00154,0.04887
CVE-2023-53510,7.8,1,True,,0.00154,0.04901
CVE-2023-53596,7.8,1,True,,0.00154,0.04977
CVE-2026-89615,5.5,1,False,,0.00154,0.04922
CVE-2023-53526,5.5,1,True,,0.00154,0.04885
CVE-2021-39657,4.4,1,True,,0.00154,0.04927
CVE-2026-46113,5.8,1,True,,0.00154,0.04931
CVE-2025-38239,7.8,1,True,,0.00154,0.04887
CVE-2023-53657,5.5,1,True,,0.00154,0.04876
CVE-2025-38237,5.5,1,True,,0.00154,0.04945
CVE-2025-21931,5.5,1,True,,0.00154,0.04973
CVE-2025-22053,5.5,1,False,,0.00154,0.049
CVE-2025-40167,5.5,1,True,,0.00154,0.0496
CVE-2026-72404,5.5,1,False,,0.00154,0.04917
CVE-2026-92485,,1,False,,0.00154,0.04896
CVE-2026-72312,5.5,1,True,,0.00154,0.04941
CVE-2025-68183,7.1,1,False,,0.00154,0.04928
CVE-2025-39973,7.5,1,True,,0.00154,0.04978
CVE-2026-90093,,1,False,,0.00154,0.04915
CVE-2024-42107,4.7,1,False,,0.00154,0.04867
CVE-2026-90111,,1,False,,0.00154,0.04895
CVE-2025-21951,5.5,1,True,,0.00154,0.04973
CVE-2026-72423,5.5,1,False,,0.00154,0.04916
CVE-2026-90289,,1,False,,0.00154,0.04893
CVE-2026-93175,,1,False,,0.00154,0.04896
CVE-2025-38710,5.5,1,True,,0.00154,0.04976
CVE-2025-39870,7.8,1,True,,0.00154,0.04978
CVE-2023-53208,5.5,1,True,,0.00154,0.04879
CVE-2025-39957,7.8,1,True,,0.00154,0.04901
CVE-2025-68171,5.5,1,True,,0.00154,0.04927
CVE-2025-39949,5.5,1,True,,0.00154,0.04978
CVE-2025-38725,5.5,1,True,,0.00154,0.04909
CVE-2025-39971,7.6,1,True,,0.00154,0.04976
CVE-2025-39972,5.3,1,True,,0.00154,0.04976
CVE-2025-38487,5.5,1,True,,0.00153,0.04812
CVE-2024-36331,,1,True,,0.00153,0.04833
CVE-2025-68286,,1,True,,0.00153,0.04846
CVE-2023-53616,7.8,1,True,,0.00153,0.04822
CVE-2025-39732,5.5,1,False,,0.00153,0.04777
CVE-2025-37970,5.5,1,True,,0.00153,0.04821
CVE-2026-53143,7.8,1,False,,0.00153,0.04802
CVE-2025-39883,7.1,1,True,,0.00153,0.04805
CVE-2025-39901,7.1,1,True,,0.00153,0.04797
CVE-2025-21944,5.5,1,True,,0.00153,0.04848
CVE-2025-38636,7.1,1,False,,0.00153,0.04782
CVE-2023-54207,7.8,1,True,,0.00153,0.04775
CVE-2023-53395,7.8,1,True,,0.00153,0.04822
CVE-2025-40198,4.4,1,True,,0.00153,0.04815
CVE-2025-38515,4.7,1,True,,0.00153,0.04818
CVE-2025-39800,5.5,1,True,,0.00153,0.04821
CVE-2025-40124,,1,True,,0.00153,0.04846
CVE-2025-40139,4.7,1,True,,0.00153,0.04794
CVE-2026-90032,,1,False,,0.00153,0.04788
CVE-2025-68168,7.1,1,True,,0.00153,0.04846
CVE-2025-40349,7.1,1,True,,0.00153,0.04845
CVE-2025-38722,7.8,1,False,,0.00153,0.04777
CVE-2026-93192,,1,False,,0.00152,0.04754
CVE-2026-43492,5.5,1,True,,0.00152,0.04762
CVE-2026-90347,,1,False,,0.00152,0.04706
CVE-2025-37940,5.5,1,True,,0.00152,0.04706
CVE-2021-39686,7.0,1,True,,0.00152,0.0471
CVE-2025-38083,4.7,1,True,,0.00152,0.0472
CVE-2026-64118,5.5,1,True,,0.00152,0.04725
CVE-2026-72478,5.5,1,True,,0.00152,0.04725
CVE-2026-52969,7.8,1,True,,0.00152,0.0474
CVE-2025-37968,5.5,1,True,,0.00152,0.04714
CVE-2025-37969,5.5,1,True,,0.00152,0.04714
CVE-2023-54107,5.8,1,False,,0.00151,0.04595
CVE-2025-40354,7.0,1,False,,0.00151,0.04651
CVE-2023-54201,4.7,1,True,,0.00151,0.046
CVE-2026-64034,7.0,1,True,,0.00151,0.04607
CVE-2025-23163,5.5,1,True,,0.00151,0.04634
CVE-2025-39779,5.5,1,False,,0.00151,0.04634
CVE-2026-72397,5.5,1,False,,0.00151,0.04673
CVE-2026-53212,7.0,1,True,,0.00151,0.04612
CVE-2025-71112,7.1,1,True,,0.00151,0.04656
CVE-2025-38250,7.8,1,True,,0.00151,0.04608
CVE-2023-53531,5.5,1,True,,0.00151,0.04636
CVE-2025-68819,6.1,1,True,,0.00151,0.04656
CVE-2025-39990,5.5,1,False,,0.00151,0.04637
CVE-2025-68815,6.1,1,True,,0.00151,0.04657
CVE-2023-53426,7.8,1,True,,0.00151,0.04671
CVE-2025-38078,4.7,1,True,,0.00151,0.04661
CVE-2025-38159,7.1,1,True,,0.0015,0.04547
CVE-2025-39951,7.8,1,True,,0.0015,0.04567
CVE-2025-39876,5.5,1,True,,0.0015,0.04548
CVE-2025-39871,7.8,1,True,,0.0015,0.04567
CVE-2025-40266,,1,False,,0.0015,0.0452
CVE-2025-39953,5.5,1,True,,0.0015,0.04548
CVE-2026-89838,,1,False,,0.0015,0.04526
CVE-2025-38444,5.5,1,True,,0.0015,0.04584
CVE-2025-39978,6.4,1,True,,0.0015,0.04566
CVE-2026-89792,,1,False,,0.0015,0.04525
CVE-2025-68265,5.5,1,True,,0.0015,0.04576
CVE-2025-38451,5.5,1,True,,0.0015,0.04584
CVE-2025-68340,5.5,1,True,,0.0015,0.04517
CVE-2025-40027,5.5,1,True,,0.0015,0.04586
CVE-2025-39881,7.8,1,True,,0.0015,0.04567
CVE-2025-39845,5.5,1,True,,0.0015,0.04548
CVE-2026-90174,,1,False,,0.0015,0.04526
CVE-2026-45862,5.5,1,True,,0.0015,0.04527
CVE-2025-39907,5.5,1,True,,0.0015,0.04549
CVE-2026-68086,7.0,1,False,,0.0015,0.04528
CVE-2025-40105,5.5,1,True,,0.0015,0.04587
CVE-2025-39977,4.7,1,True,,0.0015,0.04566
CVE-2025-40358,7.1,1,True,,0.0015,0.04547
CVE-2025-39877,7.8,1,True,,0.0015,0.04566
CVE-2025-39944,7.8,1,True,,0.0015,0.04517
CVE-2025-39923,5.5,1,True,,0.0015,0.04548
CVE-2025-39697,4.7,1,True,,0.0015,0.04506
CVE-2025-39981,7.3,1,False,,0.0015,0.04517
CVE-2026-43491,5.5,1,True,,0.00149,0.04468
CVE-2025-39719,7.1,1,True,,0.00149,0.04475
CVE-2023-53384,5.5,1,True,,0.00149,0.04431
CVE-2025-38510,5.5,1,True,,0.00149,0.04435
CVE-2023-53386,7.8,1,True,,0.00149,0.04465
CVE-2025-38543,5.5,1,True,,0.00149,0.04435
CVE-2026-64315,5.5,1,True,,0.00149,0.04483
CVE-2025-38665,5.5,1,True,,0.00149,0.04435
CVE-2025-38503,5.5,1,True,,0.00149,0.04435
CVE-2025-37920,4.7,1,True,,0.00149,0.0449
CVE-2026-22980,7.8,1,True,,0.00149,0.04485
CVE-2026-45894,7.0,1,False,,0.00149,0.04474
CVE-2023-53321,7.1,1,True,,0.00149,0.04475
CVE-2025-39886,5.5,1,False,,0.00149,0.0447
CVE-2026-45935,,1,True,,0.00149,0.04501
CVE-2025-21986,5.5,1,True,,0.00149,0.04432
CVE-2026-23078,7.8,1,True,,0.00149,0.04432
CVE-2025-39801,5.5,1,True,,0.00148,0.04416
CVE-2025-23151,4.7,1,True,,0.00148,0.04396
CVE-2022-1974,4.1,2,True,,0.00148,0.04408
CVE-2025-71130,5.5,1,True,,0.00148,0.04371
CVE-2025-40214,5.8,1,True,,0.00148,0.04351
CVE-2026-64106,5.5,1,True,,0.00148,0.04389
CVE-2026-53194,5.3,1,True,,0.00148,0.04387
CVE-2026-72489,5.5,1,True,,0.00148,0.04372
CVE-2026-68441,5.5,1,False,,0.00148,0.04418
CVE-2026-64456,7.0,1,True,,0.00148,0.04389
CVE-2026-23086,5.5,1,True,,0.00148,0.04375
CVE-2026-68340,,1,True,,0.00148,0.04389
CVE-2026-23178,6.4,1,True,,0.00148,0.04391
CVE-2025-68764,6.1,1,True,,0.00148,0.04349
CVE-2025-38544,5.5,1,False,,0.00148,0.04394
CVE-2025-38232,4.7,1,True,,0.00148,0.04356
CVE-2025-39819,5.5,1,True,,0.00147,0.04282
CVE-2023-53501,4.7,1,True,,0.00147,0.04277
CVE-2025-68801,5.6,1,True,,0.00147,0.04309
CVE-2025-39934,5.5,1,True,,0.00147,0.04281
CVE-2025-39937,5.5,1,True,,0.00147,0.04282
CVE-2025-38167,5.5,1,True,,0.00147,0.04312
CVE-2025-39925,5.5,1,True,,0.00147,0.04281
CVE-2025-39968,5.3,1,True,,0.00147,0.04281
CVE-2025-38234,4.7,1,False,,0.00147,0.04324
CVE-2025-68211,5.5,1,True,,0.00147,0.04322
CVE-2025-38215,5.5,1,True,,0.00147,0.04312
CVE-2025-40170,7.4,1,False,,0.00147,0.04326
CVE-2025-40307,6.3,1,True,,0.00147,0.0428
CVE-2025-22115,4.7,1,False,,0.00147,0.04293
CVE-2025-39844,5.5,1,True,,0.00147,0.04282
CVE-2025-68800,7.3,1,True,,0.00147,0.04308
CVE-2026-53369,5.5,1,True,,0.00147,0.04294
CVE-2025-71075,7.8,1,True,,0.00147,0.04308
CVE-2025-68808,7.8,1,True,,0.00147,0.04309
CVE-2025-39947,5.5,1,False,,0.00146,0.0422
CVE-2025-38709,5.5,1,False,,0.00146,0.04221
CVE-2025-38170,5.5,1,True,,0.00146,0.04209
CVE-2026-74519,5.5,1,True,,0.00146,0.04211
CVE-2026-90044,,1,False,,0.00146,0.04265
CVE-2025-39859,7.8,1,False,,0.00146,0.04212
CVE-2025-71071,7.8,1,True,,0.00146,0.04269
CVE-2025-38260,5.5,1,True,,0.00146,0.0421
CVE-2025-38310,5.5,1,True,,0.00146,0.0421
CVE-2025-38507,5.5,1,False,,0.00146,0.04274
CVE-2023-53292,5.5,1,True,,0.00146,0.04221
CVE-2026-74578,5.5,1,True,,0.00146,0.04259
CVE-2026-45920,7.8,1,True,,0.00146,0.04263
CVE-2026-90045,,1,False,,0.00146,0.04265
CVE-2025-38225,5.5,1,True,,0.00146,0.0421
CVE-2026-63797,8.4,1,True,,0.00146,0.04214
CVE-2025-40280,5.5,1,True,,0.00146,0.04254
CVE-2025-39776,7.8,1,True,,0.00146,0.04241
CVE-2026-93054,,1,False,,0.00145,0.04154
CVE-2025-39716,5.5,1,True,,0.00145,0.04173
CVE-2026-63860,5.5,1,True,,0.00145,0.04175
CVE-2026-93046,,1,False,,0.00145,0.04154
CVE-2025-39938,5.5,1,True,,0.00145,0.04122
CVE-2025-39706,5.5,1,True,,0.00145,0.04166
CVE-2025-39715,5.5,1,True,,0.00145,0.04172
CVE-2025-71073,7.8,1,False,,0.00145,0.04163
CVE-2023-53324,5.5,1,True,,0.00145,0.04167
CVE-2025-22127,5.5,1,False,,0.00145,0.04163
CVE-2025-39833,5.5,1,True,,0.00145,0.04124
CVE-2026-23411,7.8,1,True,,0.00145,0.04097
CVE-2026-74571,5.5,1,False,,0.00145,0.04176
CVE-2026-90403,,1,False,,0.00145,0.04147
CVE-2026-22977,5.5,1,True,,0.00145,0.04135
CVE-2025-39909,5.5,1,True,,0.00145,0.0417
CVE-2025-39772,5.5,1,True,,0.00145,0.04166
CVE-2025-39916,5.5,1,True,,0.00145,0.04166
CVE-2024-57974,4.7,1,False,,0.00145,0.04111
CVE-2023-53287,5.5,1,True,,0.00145,0.04118
CVE-2026-80866,,1,False,,0.00145,0.04138
CVE-2025-68822,5.5,1,False,,0.00145,0.04134
CVE-2023-53424,5.5,1,True,,0.00145,0.0412
CVE-2023-53438,5.5,1,True,,0.00145,0.04125
CVE-2026-89456,7.0,1,False,,0.00145,0.04147
CVE-2025-39734,5.5,1,True,,0.00145,0.04174
CVE-2025-39731,5.5,1,True,,0.00145,0.04165
CVE-2026-46022,7.1,1,True,,0.00145,0.04183
CVE-2023-53672,5.5,1,True,,0.00145,0.0417
CVE-2026-92504,,1,False,,0.00145,0.04148
CVE-2023-53563,5.5,1,True,,0.00145,0.04123
CVE-2025-38716,5.5,1,False,,0.00145,0.04127
CVE-2023-53568,5.5,1,True,,0.00145,0.04168
CVE-2023-53611,5.5,1,True,,0.00145,0.04171
CVE-2026-64446,7.8,1,True,,0.00145,0.0418
CVE-2025-40242,5.9,1,True,,0.00145,0.04162
CVE-2023-53781,7.3,1,False,,0.00144,0.04066
CVE-2025-40262,,1,True,,0.00144,0.04054
CVE-2025-40095,,1,True,,0.00144,0.04007
CVE-2025-40096,7.0,1,True,,0.00144,0.04008
CVE-2025-39677,5.5,1,False,,0.00144,0.04059
CVE-2026-89504,5.5,1,False,,0.00144,0.04009
CVE-2026-89465,5.5,1,False,,0.00144,0.0401
CVE-2026-89448,7.0,1,False,,0.00144,0.0401
CVE-2026-89470,5.5,1,False,,0.00144,0.04011
CVE-2026-89471,5.5,1,False,,0.00144,0.04011
CVE-2025-68379,5.5,1,False,,0.00144,0.04044
CVE-2025-71121,5.5,1,True,,0.00144,0.04041
CVE-2025-39829,5.5,1,False,,0.00144,0.04072
CVE-2025-40081,4.4,1,True,,0.00144,0.04055
CVE-2025-39940,5.5,1,False,,0.00144,0.04073
CVE-2025-40304,7.3,1,True,,0.00144,0.04054
CVE-2025-71114,5.5,1,True,,0.00144,0.04041
CVE-2025-71118,5.5,1,True,,0.00144,0.04041
CVE-2025-68746,3.3,1,True,,0.00144,0.04054
CVE-2025-68736,6.1,1,False,,0.00144,0.04007
CVE-2026-89599,5.5,1,False,,0.00144,0.04008
CVE-2025-40094,5.5,1,True,,0.00144,0.04053
CVE-2026-89744,5.5,1,False,,0.00144,0.04009
CVE-2026-52972,5.5,1,True,,0.00144,0.04031
CVE-2025-23161,5.5,1,True,,0.00144,0.04025
CVE-2026-52961,5.5,1,False,,0.00144,0.04038
CVE-2026-80536,7.8,1,True,,0.00144,0.04009
CVE-2025-40093,,1,True,,0.00144,0.04008
CVE-2025-40317,,1,True,,0.00144,0.04054
CVE-2026-80678,5.5,1,True,,0.00144,0.0401
CVE-2026-52912,7.8,1,True,,0.00144,0.04069
CVE-2025-40319,5.7,1,True,,0.00144,0.04053
CVE-2026-80684,5.5,1,True,,0.00144,0.04012
CVE-2026-80593,5.5,1,True,,0.00144,0.04012
CVE-2025-40215,4.7,1,True,,0.00144,0.04053
CVE-2026-80551,5.5,1,False,,0.00144,0.04012
CVE-2026-80554,5.5,1,False,,0.00144,0.04013
CVE-2025-38485,7.8,1,True,,0.00144,0.04015
CVE-2025-40092,5.5,1,True,,0.00144,0.04053
CVE-2025-39850,5.5,1,False,,0.00144,0.04072
CVE-2025-71102,5.5,1,True,,0.00143,0.04002
CVE-2025-71113,5.5,1,True,,0.00143,0.04001
CVE-2023-53729,6.6,1,True,,0.00143,0.03948
CVE-2025-40272,5.8,1,True,,0.00143,0.03956
CVE-2022-20141,7.0,1,True,,0.00143,0.03963
CVE-2026-43380,7.1,1,True,,0.00143,0.03962
CVE-2026-53195,7.8,1,True,,0.00143,0.03925
CVE-2025-39707,5.5,1,False,,0.00143,0.03976
CVE-2026-46006,,1,True,,0.00143,0.03972
CVE-2026-31447,5.5,1,True,,0.00143,0.03919
CVE-2025-39705,5.5,1,False,,0.00143,0.03973
CVE-2026-74378,7.0,1,True,,0.00143,0.03925
CVE-2025-71119,5.5,1,True,,0.00143,0.03947
CVE-2025-68303,7.0,1,True,,0.00143,0.03949
CVE-2026-46189,7.8,1,True,,0.00143,0.04
CVE-2023-53663,5.5,1,True,,0.00143,0.03977
CVE-2026-31780,,1,True,,0.00143,0.03925
CVE-2026-68253,7.0,1,True,,0.00143,0.03924
CVE-2023-53325,5.5,1,True,,0.00143,0.03977
CVE-2025-71077,5.5,1,True,,0.00143,0.04001
CVE-2026-46294,7.8,1,True,,0.00143,0.03925
CVE-2026-45961,5.5,1,False,,0.00143,0.03998
CVE-2025-39721,5.5,1,True,,0.00143,0.0395
CVE-2025-40205,5.5,1,True,,0.00143,0.03948
CVE-2025-40322,7.1,1,True,,0.00143,0.03972
CVE-2025-71105,5.5,1,True,,0.00143,0.04001
CVE-2023-53385,5.5,1,True,,0.00143,0.03977
CVE-2025-40173,4.1,1,True,,0.00143,0.03949
CVE-2026-64009,7.0,1,True,,0.00143,0.04
CVE-2025-71108,5.5,1,True,,0.00143,0.04001
CVE-2026-64018,8.7,1,True,,0.00142,0.03838
CVE-2026-53329,7.0,1,True,,0.00142,0.0386
CVE-2026-64524,5.5,1,True,,0.00142,0.03837
CVE-2026-64548,7.0,1,True,,0.00142,0.03837
CVE-2025-40104,5.5,1,True,,0.00142,0.03898
CVE-2023-53752,7.3,1,True,,0.00142,0.03897
CVE-2026-46123,7.0,1,True,,0.00142,0.03836
CVE-2026-63848,5.5,1,False,,0.00142,0.03829
CVE-2025-40283,5.5,1,True,,0.00142,0.03855
CVE-2026-23474,5.5,1,True,,0.00142,0.03877
CVE-2023-53763,3.3,1,True,,0.00142,0.03897
CVE-2026-31449,6.1,1,True,,0.00142,0.039
CVE-2026-74492,7.0,1,True,,0.00142,0.03838
CVE-2026-74497,5.5,1,True,,0.00142,0.03837
CVE-2025-40201,5.8,1,True,,0.00142,0.03896
CVE-2025-71088,5.5,1,True,,0.00142,0.03888
CVE-2026-46062,,1,True,,0.00142,0.03826
CVE-2026-89587,5.7,1,False,,0.00142,0.03911
CVE-2026-89603,7.0,1,False,,0.00142,0.03891
CVE-2025-40206,4.4,1,True,,0.00142,0.03896
CVE-2026-80653,5.5,1,False,,0.00142,0.03865
CVE-2026-64552,7.0,1,True,,0.00142,0.03837
CVE-2026-90398,,1,False,,0.00142,0.03835
CVE-2026-63794,7.8,1,True,,0.00142,0.03858
CVE-2026-46150,7.1,1,True,,0.00142,0.03911
CVE-2026-63846,5.5,1,False,,0.00142,0.03829
CVE-2026-63845,5.5,1,False,,0.00142,0.03828
CVE-2026-45993,5.5,1,False,,0.00142,0.03852
CVE-2026-74614,7.0,1,True,,0.00142,0.03836
CVE-2025-21634,5.5,1,False,,0.00142,0.0383
CVE-2025-38261,5.5,1,False,,0.00142,0.03825
CVE-2025-71082,7.8,1,True,,0.00141,0.03775
CVE-2026-43329,7.8,1,True,,0.00141,0.03764
CVE-2026-90353,,1,False,,0.00141,0.03798
CVE-2026-63847,5.5,1,False,,0.00141,0.03801
CVE-2026-23172,5.5,1,True,,0.00141,0.03778
CVE-2026-53090,6.4,1,True,,0.00141,0.03756
CVE-2025-71091,7.8,1,True,,0.00141,0.03775
CVE-2026-89840,,1,False,,0.00141,0.03804
CVE-2023-21264,6.7,1,False,,0.00141,0.03798
CVE-2025-71078,7.8,1,True,,0.00141,0.03774
CVE-2026-64026,7.0,1,False,,0.00141,0.03801
CVE-2025-71086,7.8,1,True,,0.00141,0.03775
CVE-2026-23410,7.8,1,True,,0.00141,0.03754
CVE-2026-46205,,1,True,,0.00141,0.03793
CVE-2025-40018,6.6,1,True,,0.0014,0.03731
CVE-2025-40088,5.5,1,True,,0.0014,0.03735
CVE-2025-40202,,1,True,,0.0014,0.03672
CVE-2025-37967,5.5,1,True,,0.0014,0.03739
CVE-2025-38140,5.5,1,False,,0.0014,0.03705
CVE-2025-40323,5.8,1,True,,0.0014,0.03731
CVE-2026-80932,5.5,1,False,,0.0014,0.03674
CVE-2026-53059,7.8,1,True,,0.0014,0.03737
CVE-2026-45849,5.5,1,True,,0.0014,0.03712
CVE-2026-53016,7.0,1,True,,0.0014,0.03737
CVE-2025-40064,7.1,1,True,,0.0014,0.03672
CVE-2025-40084,,1,True,,0.0014,0.03682
CVE-2026-31488,7.8,1,True,,0.0014,0.03693
CVE-2026-63818,,1,True,,0.0014,0.03695
CVE-2026-74690,,1,False,,0.0014,0.03734
CVE-2026-23089,7.8,1,True,,0.0014,0.03708
CVE-2025-38132,5.5,1,False,,0.0014,0.03705
CVE-2026-89469,5.5,1,False,,0.0014,0.03675
CVE-2025-71152,7.8,1,False,,0.0014,0.03741
CVE-2026-80555,,1,True,,0.0014,0.03713
CVE-2026-68222,5.5,1,True,,0.00139,0.03598
CVE-2026-64449,,1,True,,0.00139,0.03601
CVE-2026-64153,7.1,1,True,,0.00139,0.03603
CVE-2025-40111,5.8,1,True,,0.00139,0.03632
CVE-2026-23268,7.8,1,True,,0.00139,0.03658
CVE-2026-43214,5.5,1,True,,0.00139,0.03602
CVE-2026-72459,5.5,1,True,,0.00139,0.03597
CVE-2026-92522,,1,False,,0.00139,0.03625
CVE-2026-43212,,1,True,,0.00139,0.03603
CVE-2026-43205,7.8,1,True,,0.00139,0.03601
CVE-2026-43206,7.8,1,True,,0.00139,0.03603
CVE-2026-43207,,1,True,,0.00139,0.03602
CVE-2023-53726,5.3,1,True,,0.00139,0.03638
CVE-2026-46129,,1,True,,0.00139,0.03601
CVE-2026-22976,5.5,1,True,,0.00139,0.03609
CVE-2026-46206,,1,True,,0.00139,0.03599
CVE-2026-46208,,1,True,,0.00139,0.03602
CVE-2026-22979,5.5,1,True,,0.00139,0.03609
CVE-2026-43150,7.8,1,True,,0.00139,0.03599
CVE-2026-46197,5.5,1,True,,0.00139,0.03599
CVE-2026-53036,6.4,1,True,,0.00139,0.03599
CVE-2026-64084,,1,True,,0.00139,0.036
CVE-2026-64475,7.0,1,True,,0.00139,0.03601
CVE-2026-46149,7.0,1,True,,0.00139,0.03615
CVE-2026-64085,7.8,1,True,,0.00139,0.03598
CVE-2026-74510,7.1,1,True,,0.00139,0.03663
CVE-2026-22982,5.5,1,True,,0.00139,0.0361
CVE-2026-63815,,1,True,,0.00139,0.03656
CVE-2026-46209,7.1,1,True,,0.00139,0.03598
CVE-2026-64086,,1,True,,0.00139,0.036
CVE-2026-45996,7.8,1,True,,0.00139,0.03643
CVE-2026-45994,7.1,1,True,,0.00139,0.03652
CVE-2025-38102,7.0,1,True,,0.00139,0.03619
CVE-2026-43128,7.8,1,True,,0.00139,0.03597
CVE-2026-52992,7.8,1,True,,0.00139,0.03602
CVE-2026-52968,7.1,1,True,,0.00139,0.03597
CVE-2026-74689,5.5,1,True,,0.00139,0.03633
CVE-2025-38108,7.0,1,True,,0.00139,0.03619
CVE-2026-52962,7.8,1,True,,0.00139,0.03597
CVE-2026-53381,7.0,1,True,,0.00139,0.03619
CVE-2026-52975,5.5,1,True,,0.00139,0.03598
CVE-2026-43196,7.8,1,True,,0.00139,0.036
CVE-2026-23074,7.8,1,True,,0.00139,0.03648
CVE-2026-46069,7.8,1,True,,0.00139,0.03643
CVE-2026-46064,7.1,1,True,,0.00139,0.03652
CVE-2026-89563,7.0,1,False,,0.00138,0.03585
CVE-2026-68293,7.0,1,False,,0.00138,0.0354
CVE-2025-40284,5.5,1,True,,0.00138,0.03578
CVE-2026-53132,7.0,1,False,,0.00138,0.03565
CVE-2026-68143,7.8,1,True,,0.00138,0.03584
CVE-2026-89606,7.0,1,False,,0.00138,0.03585
CVE-2026-74684,7.0,1,False,,0.00138,0.03566
CVE-2026-74739,5.5,1,True,,0.00138,0.03584
CVE-2026-46274,7.8,1,False,,0.00138,0.03543
CVE-2026-53000,7.0,1,False,,0.00138,0.03591
CVE-2026-74748,5.5,1,True,,0.00138,0.03586
CVE-2025-40303,3.3,1,False,,0.00138,0.03578
CVE-2026-64481,7.0,1,False,,0.00138,0.0359
CVE-2026-43258,,1,False,,0.00138,0.03545
CVE-2026-74589,5.5,1,True,,0.00138,0.03523
CVE-2025-68724,7.1,1,True,,0.00138,0.03533
CVE-2026-64463,5.5,1,False,,0.00138,0.03542
CVE-2026-46079,5.5,1,True,,0.00138,0.03577
CVE-2026-68370,,1,True,,0.00138,0.03585
CVE-2026-74310,7.0,1,True,,0.00138,0.03524
CVE-2026-89617,5.5,1,False,,0.00138,0.03585
CVE-2026-72470,5.5,1,False,,0.00138,0.03542
CVE-2026-74461,5.5,1,True,,0.00138,0.03523
CVE-2026-68142,7.0,1,True,,0.00138,0.03586
CVE-2026-43314,5.5,1,True,,0.00138,0.03577
CVE-2026-46021,5.5,1,True,,0.00138,0.03588
CVE-2026-68121,7.3,1,True,,0.00138,0.03586
CVE-2026-43153,5.5,1,False,,0.00138,0.03545
CVE-2026-74631,7.4,1,True,,0.00138,0.03522
CVE-2026-53009,7.0,1,False,,0.00138,0.03591
CVE-2026-74604,4.1,1,True,,0.00138,0.03523
CVE-2025-68753,5.5,1,True,,0.00138,0.03531
CVE-2025-71136,7.1,1,True,,0.00137,0.03474
CVE-2026-23340,5.5,1,True,,0.00137,0.03478
CVE-2026-22994,5.5,1,True,,0.00137,0.03465
CVE-2026-46323,7.8,1,True,,0.00137,0.03468
CVE-2026-80550,5.5,1,True,,0.00137,0.03458
CVE-2023-53231,5.5,1,False,,0.00137,0.03438
CVE-2023-53538,5.5,1,False,,0.00137,0.03455
CVE-2023-53460,5.5,1,False,,0.00137,0.03456
CVE-2026-63807,7.0,1,True,,0.00137,0.03458
CVE-2026-64114,7.0,1,True,,0.00136,0.03369
CVE-2026-89489,5.5,1,False,,0.00136,0.03394
CVE-2025-21732,4.7,1,False,,0.00136,0.03424
CVE-2026-68108,7.0,1,True,,0.00136,0.0337
CVE-2026-64139,5.5,1,True,,0.00136,0.03408
CVE-2026-46164,,1,True,,0.00136,0.0343
CVE-2026-74601,5.5,1,True,,0.00136,0.0337
CVE-2026-89564,7.0,1,False,,0.00136,0.03423
CVE-2026-31610,5.5,1,True,,0.00136,0.03405
CVE-2026-74667,5.5,1,True,,0.00136,0.0337
CVE-2026-46253,5.5,1,True,,0.00136,0.03406
CVE-2026-68401,7.0,1,False,,0.00136,0.03423
CVE-2026-23279,5.5,1,True,,0.00136,0.03405
CVE-2025-38085,4.7,1,True,,0.00136,0.03431
CVE-2026-46092,5.5,1,True,,0.00136,0.03385
CVE-2026-46080,5.5,1,True,,0.00136,0.03385
CVE-2026-74262,5.5,1,True,,0.00136,0.03403
CVE-2025-21892,4.7,1,False,,0.00135,0.0336
CVE-2026-31452,7.8,1,True,,0.00135,0.03339
CVE-2025-38094,5.5,1,True,,0.00135,0.0333
CVE-2026-53091,7.0,1,False,,0.00135,0.0333
CVE-2026-31446,5.5,1,True,,0.00135,0.03332
CVE-2026-64438,7.0,1,True,,0.00135,0.03321
CVE-2026-64219,7.0,1,True,,0.00135,0.03334
CVE-2026-68335,7.0,1,True,,0.00135,0.03319
CVE-2026-31469,5.5,1,True,,0.00135,0.03341
CVE-2025-71220,7.8,1,True,,0.00135,0.03315
CVE-2026-23169,4.7,1,True,,0.00135,0.03307
CVE-2026-43236,,1,True,,0.00135,0.0332
CVE-2026-31508,7.0,1,True,,0.00135,0.03339
CVE-2026-22978,3.3,1,True,,0.00135,0.03317
CVE-2026-53033,6.4,1,True,,0.00135,0.03341
CVE-2026-31494,,1,True,,0.00135,0.0334
CVE-2026-46174,7.8,1,True,,0.00135,0.0334
CVE-2026-64469,,1,True,,0.00135,0.03321
CVE-2026-64468,,1,True,,0.00135,0.03321
CVE-2026-64115,7.0,1,True,,0.00135,0.0332
CVE-2026-46180,7.8,1,True,,0.00135,0.03321
CVE-2026-43033,5.5,1,True,,0.00135,0.0334
CVE-2026-53047,5.5,1,True,,0.00135,0.03353
CVE-2026-74516,8.8,1,True,,0.00135,0.03312
CVE-2026-43030,5.5,1,True,,0.00135,0.03341
CVE-2025-38048,4.7,1,True,,0.00135,0.03359
CVE-2026-23073,7.8,1,True,,0.00135,0.03315
CVE-2026-53148,7.8,1,True,,0.00135,0.03341
CVE-2026-64529,5.5,1,True,,0.00135,0.03329
CVE-2026-46219,7.8,1,False,,0.00135,0.0332
CVE-2026-31504,6.3,1,True,,0.00135,0.03339
CVE-2026-64533,,1,True,,0.00135,0.0333
CVE-2026-53402,5.5,1,True,,0.00135,0.03357
CVE-2026-52947,7.0,1,True,,0.00135,0.0332
CVE-2026-64126,5.5,1,True,,0.00135,0.03338
CVE-2026-64432,,1,True,,0.00135,0.0333
CVE-2026-68147,7.0,1,True,,0.00135,0.03322
CVE-2026-68284,6.7,1,True,,0.00135,0.03311
CVE-2026-64422,7.0,1,True,,0.00134,0.03293
CVE-2026-23068,7.8,1,True,,0.00134,0.03284
CVE-2026-23066,5.5,1,True,,0.00134,0.0329
CVE-2026-68152,5.5,1,False,,0.00134,0.03288
CVE-2026-80584,7.0,1,True,,0.00134,0.03258
CVE-2026-89553,7.0,1,False,,0.00134,0.03277
CVE-2025-71096,5.5,1,True,,0.00134,0.03251
CVE-2023-53429,5.5,1,False,,0.00134,0.03298
CVE-2026-43216,5.5,1,True,,0.00134,0.03293
CVE-2026-72405,7.0,1,False,,0.00134,0.03287
CVE-2025-39713,4.7,1,True,,0.00134,0.03294
CVE-2025-71147,5.5,1,True,,0.00134,0.0325
CVE-2025-71154,5.5,1,True,,0.00134,0.03249
CVE-2025-39789,5.5,1,False,,0.00134,0.03296
CVE-2026-63817,,1,True,,0.00134,0.03262
CVE-2025-71098,5.5,1,True,,0.00134,0.03251
CVE-2024-58241,5.5,1,False,,0.00134,0.03297
CVE-2025-71097,5.5,1,True,,0.00134,0.0325
CVE-2026-53005,7.0,1,False,,0.00134,0.03288
CVE-2025-71083,5.5,1,True,,0.00134,0.03251
CVE-2025-71087,5.5,1,True,,0.00134,0.03251
CVE-2026-80549,5.5,1,True,,0.00134,0.03304
CVE-2025-38107,7.0,1,True,,0.00134,0.03279
CVE-2025-38207,5.5,1,False,,0.00134,0.03263
CVE-2026-23083,7.8,1,True,,0.00134,0.0329
CVE-2025-71084,5.5,1,True,,0.00134,0.0325
CVE-2026-80570,5.5,1,True,,0.00134,0.03299
CVE-2026-80574,5.5,1,True,,0.00134,0.03258
CVE-2026-68273,7.0,1,False,,0.00134,0.03286
CVE-2023-53394,5.5,1,False,,0.00134,0.03298
CVE-2025-71094,5.5,1,True,,0.00134,0.0325
CVE-2026-53331,5.5,1,True,,0.00134,0.03303
CVE-2025-71129,5.5,1,False,,0.00133,0.0321
CVE-2026-63803,5.5,1,True,,0.00133,0.03175
CVE-2026-45839,7.8,1,True,,0.00133,0.03232
CVE-2025-71222,5.5,1,True,,0.00133,0.03235
CVE-2025-40025,,1,False,,0.00133,0.03223
CVE-2026-74438,5.5,1,True,,0.00133,0.03193
CVE-2026-31596,5.5,1,True,,0.00133,0.03225
CVE-2026-64032,7.0,1,True,,0.00133,0.03175
CVE-2026-80568,5.5,1,True,,0.00133,0.03187
CVE-2025-71138,5.5,1,False,,0.00133,0.03211
CVE-2026-53012,5.5,1,True,,0.00133,0.03225
CVE-2025-71144,5.5,1,True,,0.00133,0.03211
CVE-2025-68823,5.5,1,True,,0.00133,0.03231
CVE-2026-53388,7.0,1,True,,0.00133,0.03174
CVE-2026-43133,7.9,1,True,,0.00133,0.03177
CVE-2026-31663,7.0,1,False,,0.00133,0.03175
CVE-2026-23372,,1,True,,0.00132,0.03159
CVE-2026-31630,5.5,1,True,,0.00132,0.03136
CVE-2026-43427,7.1,1,True,,0.00132,0.03167
CVE-2026-23318,7.1,1,True,,0.00132,0.03139
CVE-2026-23069,5.5,1,True,,0.00132,0.0311
CVE-2026-43450,7.1,1,True,,0.00132,0.03138
CVE-2026-64073,5.5,1,True,,0.00132,0.03163
CVE-2026-63856,5.5,1,False,,0.00132,0.0314
CVE-2025-38404,5.5,1,True,,0.00132,0.0316
CVE-2026-23222,5.5,1,True,,0.00132,0.0315
CVE-2026-46319,7.0,1,True,,0.00132,0.03111
CVE-2025-38650,5.5,1,True,,0.00132,0.0316
CVE-2026-93176,,1,False,,0.00132,0.03138
CVE-2026-68451,7.0,1,True,,0.00132,0.03136
CVE-2026-74481,5.5,1,True,,0.00132,0.03163
CVE-2026-63854,5.5,1,False,,0.00132,0.0314
CVE-2022-20368,7.8,1,True,,0.00132,0.03114
CVE-2026-23108,5.5,1,True,,0.00132,0.03134
CVE-2026-53385,5.5,1,True,,0.00132,0.03163
CVE-2026-23434,5.5,1,True,,0.00132,0.03165
CVE-2026-53382,5.5,1,True,,0.00132,0.03163
CVE-2026-46251,7.0,1,True,,0.00132,0.03149
CVE-2026-53096,5.5,1,True,,0.00132,0.03137
CVE-2026-63855,5.5,1,False,,0.00132,0.0314
CVE-2026-74365,5.5,1,True,,0.00132,0.03154
CVE-2026-31411,5.5,1,True,,0.00131,0.0307
CVE-2026-46132,5.5,1,True,,0.00131,0.03067
CVE-2026-31428,5.5,1,True,,0.00131,0.03048
CVE-2026-23458,4.4,1,True,,0.00131,0.03091
CVE-2026-43141,7.1,1,True,,0.00131,0.0309
CVE-2026-46191,7.1,1,True,,0.00131,0.03089
CVE-2026-46190,5.5,1,True,,0.00131,0.03081
CVE-2026-31485,7.8,1,True,,0.00131,0.03091
CVE-2024-46870,4.7,1,False,,0.00131,0.03102
CVE-2026-23243,7.3,1,True,,0.00131,0.03037
CVE-2026-46078,5.5,1,True,,0.00131,0.03087
CVE-2026-45999,5.5,1,True,,0.00131,0.03087
CVE-2026-31507,5.5,1,True,,0.00131,0.03091
CVE-2026-43076,,1,True,,0.00131,0.03082
CVE-2026-53330,7.1,1,False,,0.00131,0.03045
CVE-2026-31602,,1,True,,0.00131,0.03105
CVE-2026-64375,7.0,1,True,,0.00131,0.03105
CVE-2026-23107,5.5,1,True,,0.00131,0.03095
CVE-2026-23359,7.8,1,True,,0.00131,0.03106
CVE-2026-46199,7.0,1,True,,0.00131,0.03081
CVE-2026-46204,7.0,1,False,,0.00131,0.03059
CVE-2026-23076,7.1,1,True,,0.00131,0.03072
CVE-2026-31627,7.8,1,True,,0.00131,0.03105
CVE-2026-46033,7.1,1,True,,0.00131,0.03096
CVE-2026-52970,5.5,1,True,,0.00131,0.03067
CVE-2026-43027,7.8,1,True,,0.00131,0.0309
CVE-2026-43028,5.5,1,True,,0.00131,0.03097
CVE-2025-37985,4.7,1,True,,0.00131,0.03086
CVE-2026-74584,5.5,1,True,,0.00131,0.03088
CVE-2026-46218,,1,True,,0.00131,0.0309
CVE-2026-23269,7.1,1,True,,0.00131,0.03039
CVE-2023-53368,4.7,1,True,,0.00131,0.03104
CVE-2026-46172,5.5,1,True,,0.00131,0.03067
CVE-2026-53403,5.5,1,True,,0.0013,0.02987
CVE-2026-53295,5.5,1,True,,0.0013,0.03
CVE-2026-53294,7.8,1,True,,0.0013,0.02979
CVE-2026-45963,5.5,1,True,,0.0013,0.03002
CVE-2026-64351,5.5,1,True,,0.0013,0.0302
CVE-2026-45968,5.5,1,True,,0.0013,0.03021
CVE-2026-45919,5.5,1,True,,0.0013,0.03035
CVE-2026-45891,7.8,1,True,,0.0013,0.02977
CVE-2026-64279,5.5,1,True,,0.0013,0.03015
CVE-2025-71081,5.5,1,True,,0.0013,0.02993
CVE-2026-74701,5.5,1,True,,0.0013,0.02979
CVE-2026-45982,5.5,1,True,,0.0013,0.03002
CVE-2026-74549,5.5,1,True,,0.0013,0.02978
CVE-2026-53252,5.5,1,True,,0.0013,0.03021
CVE-2026-64582,7.8,1,True,,0.0013,0.02983
CVE-2026-53227,5.5,1,True,,0.0013,0.03002
CVE-2026-43288,5.5,1,False,,0.0013,0.03002
CVE-2026-63824,7.0,1,True,,0.0013,0.03006
CVE-2026-46169,5.5,1,True,,0.0013,0.03021
CVE-2026-46023,5.5,1,True,,0.0013,0.0302
CVE-2026-46116,7.0,1,True,,0.0013,0.02989
CVE-2026-43366,5.5,1,True,,0.0013,0.02978
CVE-2026-64218,,1,True,,0.0013,0.02978
CVE-2026-74390,7.0,1,True,,0.0013,0.02977
CVE-2026-43324,,1,True,,0.0013,0.02979
CVE-2026-43315,5.5,1,True,,0.0013,0.0302
CVE-2026-63853,5.5,1,False,,0.0013,0.03034
CVE-2026-68432,7.0,1,True,,0.0013,0.02979
CVE-2026-43250,7.8,1,False,,0.00129,0.02864
CVE-2026-64381,7.8,1,True,,0.00129,0.02948
CVE-2026-64348,7.8,1,False,,0.00129,0.0295
CVE-2026-64352,7.8,1,True,,0.00129,0.0295
CVE-2026-23198,5.5,1,True,,0.00129,0.02959
CVE-2026-31747,7.8,1,True,,0.00129,0.02925
CVE-2026-64330,7.8,1,True,,0.00129,0.0295
CVE-2026-46234,7.8,1,True,,0.00129,0.02924
CVE-2026-53393,5.5,1,True,,0.00129,0.02963
CVE-2026-64005,5.5,1,True,,0.00129,0.02942
CVE-2026-64004,5.5,1,True,,0.00129,0.02935
CVE-2026-64002,7.0,1,True,,0.00129,0.02941
CVE-2026-23157,5.5,1,True,,0.00129,0.02967
CVE-2026-43089,5.5,1,True,,0.00129,0.02856
CVE-2026-43180,5.5,1,True,,0.00129,0.0294
CVE-2026-74293,5.5,1,True,,0.00129,0.02947
CVE-2026-74314,5.5,1,False,,0.00129,0.02902
CVE-2026-74312,5.5,1,True,,0.00129,0.02949
CVE-2026-74305,7.0,1,True,,0.00129,0.02948
CVE-2026-23300,5.5,1,True,,0.00129,0.02878
CVE-2026-23293,5.5,1,True,,0.00129,0.02878
CVE-2026-23290,5.5,1,True,,0.00129,0.02882
CVE-2026-63985,5.5,1,True,,0.00129,0.02941
CVE-2025-38436,5.5,1,True,,0.00129,0.02903
CVE-2026-43026,5.5,1,True,,0.00129,0.02883
CVE-2026-43024,5.5,1,True,,0.00129,0.02881
CVE-2026-43020,7.8,1,True,,0.00129,0.02926
CVE-2026-31634,5.5,1,True,,0.00129,0.0288
CVE-2026-46004,7.8,1,True,,0.00129,0.02949
CVE-2026-72480,5.5,1,True,,0.00129,0.02932
CVE-2026-64137,7.0,1,True,,0.00129,0.02926
CVE-2026-74330,5.5,1,True,,0.00129,0.02937
CVE-2026-74288,5.5,1,True,,0.00129,0.02942
CVE-2026-46068,7.8,1,False,,0.00129,0.02871
CVE-2026-46065,5.8,1,True,,0.00129,0.02938
CVE-2026-43093,5.5,1,True,,0.00129,0.02932
CVE-2026-43091,5.5,1,False,,0.00129,0.02872
CVE-2026-23378,7.8,1,True,,0.00129,0.02923
CVE-2026-23365,5.5,1,True,,0.00129,0.02879
CVE-2026-23361,7.8,1,False,,0.00129,0.0287
CVE-2026-23343,7.8,1,True,,0.00129,0.02929
CVE-2026-23317,5.8,1,True,,0.00129,0.02951
CVE-2026-31720,7.8,1,True,,0.00129,0.02944
CVE-2026-31752,5.5,1,True,,0.00129,0.02881
CVE-2026-31759,7.8,1,True,,0.00129,0.02927
CVE-2026-89540,7.0,1,False,,0.00129,0.02906
CVE-2026-89573,5.5,1,False,,0.00129,0.02905
CVE-2026-89562,,1,False,,0.00129,0.02906
CVE-2026-74334,5.5,1,False,,0.00129,0.02947
CVE-2026-72444,5.5,1,True,,0.00129,0.02934
CVE-2026-53189,7.0,1,True,,0.00129,0.02942
CVE-2026-53182,7.0,1,True,,0.00129,0.02942
CVE-2026-23304,5.5,1,True,,0.00129,0.0288
CVE-2026-31628,5.5,1,True,,0.00129,0.0288
CVE-2026-68258,5.5,1,False,,0.00129,0.02924
CVE-2026-68297,5.5,1,True,,0.00129,0.02905
CVE-2026-64133,5.5,1,True,,0.00129,0.02926
CVE-2026-74397,5.5,1,False,,0.00129,0.02919
CVE-2026-74380,5.5,1,True,,0.00129,0.0295
CVE-2026-74377,5.5,1,True,,0.00129,0.02933
CVE-2026-31737,5.5,1,True,,0.00129,0.0288
CVE-2026-31729,7.8,1,False,,0.00129,0.02874
CVE-2026-46270,,1,True,,0.00129,0.02888
CVE-2026-80944,7.0,1,False,,0.00129,0.02908
CVE-2026-80931,5.5,1,False,,0.00129,0.02908
CVE-2026-80928,5.5,1,False,,0.00129,0.02909
CVE-2026-46178,5.5,1,True,,0.00129,0.0294
CVE-2026-64361,,1,True,,0.00129,0.02947
CVE-2026-43078,7.3,1,True,,0.00129,0.02932
CVE-2026-46322,5.5,1,True,,0.00129,0.02887
CVE-2026-46321,5.5,1,True,,0.00129,0.02887
CVE-2026-80649,5.5,1,True,,0.00129,0.02908
CVE-2026-80619,5.5,1,True,,0.00129,0.02907
CVE-2026-80680,5.5,1,True,,0.00129,0.02907
CVE-2026-80677,5.5,1,True,,0.00129,0.02907
CVE-2026-74467,5.5,1,True,,0.00129,0.0293
CVE-2026-74456,7.0,1,True,,0.00129,0.02931
CVE-2026-74454,5.5,1,True,,0.00129,0.02946
CVE-2026-74446,7.0,1,True,,0.00129,0.02929
CVE-2026-74444,5.5,1,True,,0.00129,0.02929
CVE-2026-74443,7.0,1,True,,0.00129,0.02927
CVE-2026-23449,5.5,1,True,,0.00129,0.02934
CVE-2026-43328,7.8,1,True,,0.00129,0.02946
CVE-2026-64109,7.0,1,False,,0.00129,0.02873
CVE-2026-64108,,1,True,,0.00129,0.02933
CVE-2026-31617,5.5,1,True,,0.00129,0.02879
CVE-2026-80613,7.0,1,True,,0.00129,0.02909
CVE-2026-80598,5.5,1,True,,0.00129,0.02912
CVE-2026-80591,5.5,1,True,,0.00129,0.02912
CVE-2026-23253,6.2,1,True,,0.00129,0.02945
CVE-2026-46053,7.1,1,True,,0.00129,0.02938
CVE-2026-64097,5.5,1,True,,0.00129,0.02933
CVE-2026-31453,5.5,1,True,,0.00129,0.02927
CVE-2026-74470,5.5,1,True,,0.00129,0.0293
CVE-2026-53354,7.0,1,True,,0.00129,0.02959
CVE-2026-31527,7.8,1,False,,0.00129,0.02866
CVE-2026-43256,,1,True,,0.00129,0.02933
CVE-2025-39736,5.5,1,True,,0.00129,0.02952
CVE-2026-46136,7.8,1,True,,0.00129,0.02944
CVE-2026-80978,7.0,1,False,,0.00129,0.02909
CVE-2026-80977,7.0,1,False,,0.00129,0.02907
CVE-2026-52948,5.5,1,True,,0.00129,0.02965
CVE-2026-23383,6.4,1,False,,0.00129,0.02857
CVE-2026-80560,5.5,1,True,,0.00129,0.0291
CVE-2026-80559,5.5,1,True,,0.00129,0.02911
CVE-2026-80553,7.0,1,True,,0.00129,0.02911
CVE-2026-80552,7.0,1,True,,0.00129,0.02911
CVE-2026-90435,,1,False,,0.00129,0.02906
CVE-2026-74515,5.5,1,True,,0.00129,0.02935
CVE-2026-43035,5.5,1,True,,0.00129,0.02883
CVE-2026-74453,5.5,1,True,,0.00129,0.02946
CVE-2026-31502,6.4,1,False,,0.00129,0.02867
CVE-2026-53053,7.0,1,False,,0.00129,0.02866
CVE-2026-46075,7.8,1,True,,0.00129,0.02943
CVE-2026-64082,,1,True,,0.00129,0.02943
CVE-2026-31548,5.5,1,True,,0.00129,0.02944
CVE-2026-31546,5.5,1,True,,0.00129,0.02882
CVE-2026-53332,5.5,1,True,,0.00129,0.02964
CVE-2026-80540,7.0,1,True,,0.00129,0.02912
CVE-2026-74747,5.5,1,False,,0.00129,0.02923
CVE-2026-68106,5.5,1,True,,0.00129,0.02928
CVE-2026-68104,5.5,1,True,,0.00129,0.02928
CVE-2026-68399,6.4,1,False,,0.00129,0.02922
CVE-2026-68391,7.0,1,False,,0.00129,0.02871
CVE-2026-31748,7.8,1,True,,0.00129,0.02926
CVE-2026-74551,5.5,1,True,,0.00129,0.02937
CVE-2026-74720,5.5,1,True,,0.00129,0.02927
CVE-2026-80548,5.5,1,True,,0.00129,0.02911
CVE-2026-80547,5.5,1,True,,0.00129,0.02909
CVE-2026-80541,5.5,1,True,,0.00129,0.0291
CVE-2026-53327,5.5,1,True,,0.00129,0.02963
CVE-2026-31696,7.8,1,True,,0.00129,0.02946
CVE-2026-68467,5.5,1,True,,0.00129,0.02931
CVE-2026-68466,5.5,1,True,,0.00129,0.02931
CVE-2026-68461,5.5,1,True,,0.00129,0.02932
CVE-2026-68454,5.5,1,True,,0.00129,0.02906
CVE-2026-89497,5.5,1,False,,0.00129,0.0291
CVE-2026-89487,7.0,1,False,,0.00129,0.0291
CVE-2026-31495,5.5,1,True,,0.00129,0.02881
CVE-2026-53209,7.0,1,True,,0.00129,0.02941
CVE-2026-68452,7.0,1,True,,0.00129,0.02931
CVE-2026-46163,7.8,1,True,,0.00129,0.0294
CVE-2026-43126,7.1,1,False,,0.00129,0.02862
CVE-2026-31555,5.5,1,True,,0.00129,0.02882
CVE-2026-64225,7.8,1,True,,0.00129,0.02949
CVE-2026-23439,5.5,1,True,,0.00129,0.02879
CVE-2026-74668,7.0,1,True,,0.00129,0.02937
CVE-2026-53025,,1,False,,0.00129,0.02954
CVE-2026-46015,7.0,1,True,,0.00129,0.02938
CVE-2026-31518,5.5,1,True,,0.00129,0.02882
CVE-2026-31505,6.1,1,False,,0.00129,0.02868
CVE-2026-53296,7.8,1,True,,0.00129,0.02945
CVE-2026-74675,5.5,1,True,,0.00129,0.02936
CVE-2026-23446,5.5,1,True,,0.00129,0.02878
CVE-2026-23444,5.5,1,True,,0.00129,0.02949
CVE-2026-74648,5.5,1,True,,0.00129,0.0293
CVE-2026-31515,5.5,1,True,,0.00129,0.02879
CVE-2026-53242,7.0,1,True,,0.00129,0.02941
CVE-2026-74647,5.5,1,True,,0.00129,0.02929
CVE-2026-74641,7.0,1,True,,0.00129,0.02939
CVE-2026-74635,5.5,1,True,,0.00129,0.02939
CVE-2026-74632,5.5,1,True,,0.00129,0.02939
CVE-2026-23448,7.8,1,False,,0.00129,0.02935
CVE-2026-23447,7.8,1,False,,0.00129,0.02935
CVE-2026-53024,,1,False,,0.00129,0.02955
CVE-2026-53004,7.8,1,True,,0.00129,0.02937
CVE-2026-45844,5.5,1,True,,0.00129,0.02925
CVE-2026-45841,5.5,1,True,,0.00129,0.02966
CVE-2026-45840,5.5,1,True,,0.00129,0.02925
CVE-2026-74666,7.0,1,True,,0.00129,0.02936
CVE-2026-74663,5.5,1,True,,0.00129,0.02936
CVE-2026-46122,7.8,1,True,,0.00129,0.02928
CVE-2026-46107,5.5,1,True,,0.00129,0.02928
CVE-2026-74594,7.0,1,True,,0.00129,0.02948
CVE-2026-74607,5.5,1,True,,0.00129,0.02938
CVE-2026-31489,7.8,1,True,,0.00129,0.02944
CVE-2026-31768,,1,True,,0.00129,0.02951
CVE-2026-93095,,1,False,,0.00129,0.0294
CVE-2026-43248,7.3,1,False,,0.00129,0.02868
CVE-2026-74297,5.5,1,True,,0.00129,0.02948
CVE-2026-74296,5.5,1,True,,0.00129,0.02943
CVE-2026-53136,7.8,1,True,,0.00129,0.02945
CVE-2026-53133,7.0,1,True,,0.00129,0.02945
CVE-2026-53130,7.8,1,True,,0.00129,0.02884
CVE-2026-64365,7.8,1,True,,0.00129,0.02936
CVE-2026-43219,5.5,1,True,,0.00128,0.0281
CVE-2026-43183,5.5,1,True,,0.00128,0.02802
CVE-2026-43182,5.5,1,True,,0.00128,0.02798
CVE-2026-23146,5.5,1,True,,0.00128,0.0278
CVE-2026-46214,5.5,1,True,,0.00128,0.02804
CVE-2026-46170,5.5,1,True,,0.00128,0.02803
CVE-2026-46005,5.5,1,True,,0.00128,0.02804
CVE-2026-46127,5.5,1,True,,0.00128,0.02803
CVE-2026-64087,5.5,1,True,,0.00128,0.02811
CVE-2026-43238,5.5,1,True,,0.00128,0.02807
CVE-2026-43231,5.5,1,True,,0.00128,0.02809
CVE-2026-43209,5.5,1,True,,0.00128,0.028
CVE-2026-46168,5.5,1,True,,0.00128,0.02805
CVE-2026-31716,,1,True,,0.00128,0.02835
CVE-2026-89580,7.0,1,False,,0.00128,0.02852
CVE-2026-74338,5.5,1,False,,0.00128,0.02788
CVE-2026-46167,5.5,1,True,,0.00128,0.02797
CVE-2026-46250,,1,True,,0.00128,0.02827
CVE-2026-43152,5.5,1,True,,0.00128,0.028
CVE-2026-43149,5.5,1,True,,0.00128,0.02806
CVE-2026-43148,5.5,1,True,,0.00128,0.02801
CVE-2026-43143,5.5,1,True,,0.00128,0.02798
CVE-2026-43140,5.5,1,True,,0.00128,0.02801
CVE-2026-43136,5.5,1,True,,0.00128,0.02799
CVE-2025-68214,4.7,1,True,,0.00128,0.02849
CVE-2026-74405,7.0,1,False,,0.00128,0.02774
CVE-2026-53063,5.5,1,True,,0.00128,0.02807
CVE-2026-23080,5.5,1,True,,0.00128,0.02779
CVE-2026-23356,5.5,1,True,,0.00128,0.02804
CVE-2026-46184,5.5,1,True,,0.00128,0.02805
CVE-2026-46158,5.5,1,True,,0.00128,0.02808
CVE-2026-23060,5.5,1,True,,0.00128,0.0278
CVE-2026-31576,7.8,1,True,,0.00128,0.02785
CVE-2026-53060,5.5,1,True,,0.00128,0.02811
CVE-2026-43218,5.5,1,True,,0.00128,0.02802
CVE-2026-23061,5.5,1,True,,0.00128,0.02779
CVE-2026-45974,5.5,1,True,,0.00128,0.02804
CVE-2026-43159,5.5,1,True,,0.00128,0.02806
CVE-2025-71287,5.5,1,True,,0.00128,0.02805
CVE-2026-53239,7.0,1,True,,0.00128,0.02784
CVE-2026-64128,5.5,1,True,,0.00128,0.02799
CVE-2026-74630,7.0,1,True,,0.00128,0.02831
CVE-2026-43157,5.5,1,True,,0.00128,0.02807
CVE-2026-64090,5.5,1,True,,0.00128,0.02809
CVE-2026-31597,,1,True,,0.00128,0.02785
CVE-2026-31578,7.8,1,True,,0.00128,0.02783
CVE-2026-31586,7.0,1,True,,0.00128,0.02784
CVE-2026-31583,7.8,1,True,,0.00128,0.02783
CVE-2026-31581,7.8,1,True,,0.00128,0.02784
CVE-2026-23391,5.5,1,True,,0.00128,0.02844
CVE-2026-45930,5.5,1,True,,0.00128,0.0281
CVE-2026-23075,5.5,1,True,,0.00128,0.02779
CVE-2026-23064,5.5,1,True,,0.00128,0.0278
CVE-2026-23063,5.5,1,True,,0.00128,0.02778
CVE-2026-52984,5.5,1,True,,0.00128,0.028
CVE-2026-46026,5.5,1,True,,0.00128,0.02797
CVE-2026-46128,5.5,1,True,,0.00128,0.02805
CVE-2026-43162,5.5,1,True,,0.00128,0.02802
CVE-2026-43261,5.5,1,True,,0.00128,0.02808
CVE-2026-43257,5.5,1,True,,0.00128,0.0281
CVE-2026-43255,5.5,1,True,,0.00128,0.02801
CVE-2026-46146,5.5,1,True,,0.00128,0.02799
CVE-2026-46143,5.5,1,True,,0.00128,0.02788
CVE-2026-23276,5.5,1,False,,0.00128,0.02826
CVE-2026-52963,5.5,1,True,,0.00128,0.028
CVE-2026-64083,5.5,1,True,,0.00128,0.02798
CVE-2026-46161,5.5,1,True,,0.00128,0.02809
CVE-2026-46160,5.5,1,True,,0.00128,0.02808
CVE-2026-52942,7.0,1,True,,0.00128,0.02777
CVE-2026-64532,,1,True,,0.00128,0.02838
CVE-2026-53056,5.5,1,True,,0.00128,0.0281
CVE-2026-43132,5.5,1,True,,0.00128,0.02799
CVE-2026-31580,7.8,1,True,,0.00128,0.02785
CVE-2026-80526,5.5,1,False,,0.00128,0.02851
CVE-2025-71288,5.5,1,True,,0.00128,0.02806
CVE-2026-68377,7.0,1,True,,0.00128,0.0277
CVE-2026-43352,5.5,1,False,,0.00128,0.02775
CVE-2026-53034,5.5,1,True,,0.00128,0.02807
CVE-2026-64436,5.5,1,True,,0.00128,0.02769
CVE-2026-43124,5.5,1,True,,0.00128,0.02803
CVE-2026-43123,5.5,1,True,,0.00128,0.02803
CVE-2026-53223,7.0,1,True,,0.00128,0.0279
CVE-2026-64412,5.5,1,True,,0.00128,0.0279
CVE-2026-64411,5.5,1,True,,0.00128,0.0279
CVE-2026-64423,5.5,1,True,,0.00128,0.02785
CVE-2026-43225,5.5,1,True,,0.00128,0.02809
CVE-2026-43223,5.5,1,True,,0.00128,0.02801
CVE-2026-43221,5.5,1,True,,0.00128,0.02808
CVE-2026-46196,5.5,1,True,,0.00128,0.02796
CVE-2026-46193,5.5,1,True,,0.00128,0.02811
CVE-2026-43202,5.5,1,True,,0.00128,0.02798
CVE-2026-43009,5.5,1,False,,0.00127,0.02733
CVE-2026-31721,5.5,1,True,,0.00127,0.0272
CVE-2026-45944,5.5,1,False,,0.00127,0.02694
CVE-2023-53574,5.5,1,False,,0.00127,0.02752
CVE-2026-63865,5.5,1,True,,0.00127,0.02758
CVE-2026-46200,5.5,1,False,,0.00127,0.0276
CVE-2026-68453,7.0,1,False,,0.00127,0.02691
CVE-2026-23346,5.5,1,False,,0.00127,0.02765
CVE-2026-64076,5.5,1,False,,0.00127,0.02732
CVE-2026-23144,5.5,1,True,,0.00127,0.0269
CVE-2026-23142,5.5,1,True,,0.00127,0.02689
CVE-2026-23141,5.5,1,True,,0.00127,0.02739
CVE-2026-23145,5.5,1,True,,0.00127,0.0274
CVE-2026-23140,5.5,1,True,,0.00127,0.02689
CVE-2026-53356,7.0,1,True,,0.00127,0.02709
CVE-2026-52990,5.5,1,False,,0.00127,0.02758
CVE-2026-89441,5.5,1,False,,0.00127,0.02715
CVE-2026-53368,,1,False,,0.00127,0.02737
CVE-2026-74687,5.5,1,False,,0.00127,0.02734
CVE-2026-63829,7.8,1,True,,0.00127,0.02757
CVE-2026-45838,5.5,1,True,,0.00127,0.02676
CVE-2026-64078,7.1,1,False,,0.00127,0.0273
CVE-2026-64036,5.5,1,False,,0.00127,0.02728
CVE-2026-64077,5.5,1,False,,0.00127,0.02736
CVE-2026-53375,5.5,1,True,,0.00127,0.02709
CVE-2026-23093,5.5,1,True,,0.00127,0.02741
CVE-2026-80664,5.5,1,True,,0.00127,0.02744
CVE-2023-53261,5.5,1,False,,0.00127,0.02749
CVE-2026-80628,5.5,1,False,,0.00127,0.02715
CVE-2026-23085,5.5,1,True,,0.00127,0.0274
CVE-2026-23087,5.5,1,True,,0.00127,0.0274
CVE-2026-23090,5.5,1,True,,0.00127,0.02741
CVE-2026-23088,5.5,1,False,,0.00127,0.02689
CVE-2026-23084,5.5,1,True,,0.00127,0.02741
CVE-2026-23091,5.5,1,True,,0.00127,0.02741
CVE-2023-53523,5.5,1,False,,0.00127,0.02752
CVE-2026-23245,7.8,1,True,,0.00127,0.02712
CVE-2023-53529,5.5,1,False,,0.00127,0.02749
CVE-2026-23138,5.5,1,False,,0.00127,0.02689
CVE-2026-23133,5.5,1,True,,0.00127,0.02739
CVE-2026-23204,7.1,1,True,,0.00127,0.02708
CVE-2026-31493,7.8,1,False,,0.00127,0.02729
CVE-2026-64191,7.0,1,True,,0.00127,0.02723
CVE-2025-71272,5.5,1,False,,0.00127,0.0276
CVE-2026-53374,7.0,1,True,,0.00127,0.0271
CVE-2026-43137,5.5,1,False,,0.00127,0.02762
CVE-2026-45842,5.5,1,True,,0.00127,0.02676
CVE-2026-68320,7.0,1,True,,0.00127,0.02744
CVE-2026-45846,5.5,1,True,,0.00127,0.02708
CVE-2026-63814,,1,True,,0.00127,0.02709
CVE-2026-64144,5.5,1,False,,0.00127,0.02759
CVE-2026-45981,5.5,1,False,,0.00126,0.02656
CVE-2026-31587,,1,True,,0.00126,0.02604
CVE-2026-23281,7.8,1,True,,0.00126,0.02597
CVE-2026-45956,,1,True,,0.00126,0.02598
CVE-2026-46047,7.8,1,True,,0.00126,0.02591
CVE-2026-31695,,1,True,,0.00126,0.02598
CVE-2026-74512,5.5,1,True,,0.00126,0.02595
CVE-2026-31566,7.8,1,True,,0.00126,0.02596
CVE-2026-81007,,1,False,,0.00126,0.02587
CVE-2026-64543,7.0,1,True,,0.00126,0.02602
CVE-2026-64550,,1,True,,0.00126,0.02612
CVE-2026-74726,5.5,1,True,,0.00126,0.02612
CVE-2026-64546,5.5,1,True,,0.00126,0.02611
CVE-2026-53041,,1,True,,0.00126,0.02615
CVE-2026-74485,5.5,1,True,,0.00126,0.02611
CVE-2026-31500,7.8,1,True,,0.00126,0.02593
CVE-2026-43370,7.0,1,True,,0.00126,0.0264
CVE-2026-53303,7.1,1,True,,0.00126,0.02615
CVE-2026-23315,7.1,1,True,,0.00126,0.0261
CVE-2026-80921,,1,True,,0.00126,0.02608
CVE-2026-74359,7.0,1,True,,0.00126,0.02589
CVE-2026-74363,5.5,1,True,,0.00126,0.02589
CVE-2026-52917,7.0,1,True,,0.00126,0.02614
CVE-2026-74479,5.5,1,True,,0.00126,0.0259
CVE-2025-38112,4.7,1,True,,0.00126,0.02667
CVE-2026-74450,5.5,1,True,,0.00126,0.02592
CVE-2026-74465,5.5,1,True,,0.00126,0.02601
CVE-2026-92510,,1,False,,0.00126,0.02591
CVE-2026-64103,7.8,1,True,,0.00126,0.02601
CVE-2026-64221,7.0,1,True,,0.00126,0.02639
CVE-2026-64121,7.1,1,True,,0.00126,0.02611
CVE-2026-74482,5.5,1,True,,0.00126,0.02591
CVE-2026-53325,5.5,1,True,,0.00126,0.02662
CVE-2026-45936,7.8,1,True,,0.00126,0.0264
CVE-2026-45893,7.1,1,False,,0.00126,0.02605
CVE-2026-74548,5.5,1,True,,0.00126,0.02601
CVE-2026-74714,7.0,1,True,,0.00126,0.02595
CVE-2026-89736,7.0,1,False,,0.00126,0.02627
CVE-2026-74518,7.8,1,True,,0.00126,0.02594
CVE-2026-31680,5.5,1,True,,0.00126,0.02659
CVE-2026-23221,7.8,1,True,,0.00126,0.02652
CVE-2026-74295,5.5,1,True,,0.00126,0.02613
CVE-2026-64123,5.5,1,True,,0.00126,0.02592
CVE-2026-53149,7.1,1,True,,0.00126,0.02615
CVE-2026-53138,7.1,1,True,,0.00126,0.02612
CVE-2026-43426,7.8,1,True,,0.00126,0.02598
CVE-2026-64329,7.8,1,True,,0.00126,0.02593
CVE-2026-64401,7.0,1,True,,0.00126,0.02596
CVE-2026-31675,5.5,1,False,,0.00126,0.0266
CVE-2026-45943,7.1,1,False,,0.00126,0.02605
CVE-2026-64340,7.8,1,True,,0.00126,0.02604
CVE-2026-64342,7.8,1,True,,0.00126,0.02604
CVE-2026-43386,7.1,1,True,,0.00126,0.02611
CVE-2026-74292,5.5,1,True,,0.00126,0.02614
CVE-2026-43241,7.1,1,True,,0.00126,0.02614
CVE-2026-53157,7.8,1,True,,0.00126,0.02591
CVE-2026-31778,7.1,1,True,,0.00126,0.0261
CVE-2026-64372,7.0,1,True,,0.00126,0.02602
CVE-2026-46173,7.0,1,True,,0.00126,0.02599
CVE-2026-43025,5.5,1,True,,0.00126,0.02616
CVE-2026-74313,5.5,1,True,,0.00126,0.02596
CVE-2026-46070,5.5,1,True,,0.00126,0.02613
CVE-2026-74613,5.5,1,True,,0.00126,0.02599
CVE-2026-74609,7.0,1,True,,0.00126,0.026
CVE-2026-74615,7.0,1,True,,0.00126,0.02599
CVE-2026-72460,5.5,1,True,,0.00126,0.02616
CVE-2026-31473,5.5,1,True,,0.00126,0.02602
CVE-2026-46120,7.1,1,True,,0.00126,0.02593
CVE-2026-46111,5.5,1,True,,0.00126,0.0259
CVE-2026-74603,5.5,1,True,,0.00126,0.02615
CVE-2026-23319,7.8,1,True,,0.00126,0.02589
CVE-2026-63816,,1,False,,0.00126,0.02674
CVE-2026-74660,7.0,1,True,,0.00126,0.026
CVE-2026-43015,7.8,1,True,,0.00126,0.02592
CVE-2026-31454,5.5,1,True,,0.00126,0.02593
CVE-2026-63798,5.5,1,True,,0.00126,0.02654
CVE-2026-31455,7.8,1,True,,0.00126,0.02602
CVE-2026-23306,5.5,1,True,,0.00126,0.02598
CVE-2026-89560,7.0,1,False,,0.00126,0.02625
CVE-2026-23229,5.5,1,True,,0.00126,0.02627
CVE-2026-23180,5.0,1,True,,0.00126,0.02671
CVE-2026-89640,5.5,1,False,,0.00126,0.02626
CVE-2026-31698,5.5,1,True,,0.00126,0.02609
CVE-2026-74387,5.5,1,True,,0.00126,0.02594
CVE-2026-46293,7.1,1,False,,0.00126,0.02614
CVE-2026-45958,,1,True,,0.00126,0.02587
CVE-2026-31699,5.5,1,True,,0.00126,0.02609
CVE-2026-68445,5.5,1,False,,0.00126,0.0266
CVE-2026-45914,7.8,1,True,,0.00126,0.0264
CVE-2026-74656,7.0,1,True,,0.00126,0.026
CVE-2026-46285,7.8,1,True,,0.00126,0.02596
CVE-2026-46280,5.5,1,True,,0.00126,0.02604
CVE-2026-43075,,1,True,,0.00126,0.02597
CVE-2026-64496,5.5,1,True,,0.00126,0.02651
CVE-2026-31758,5.5,1,True,,0.00126,0.02597
CVE-2026-74349,5.5,1,True,,0.00126,0.02638
CVE-2026-46147,5.5,1,False,,0.00126,0.0265
CVE-2026-80663,7.0,1,True,,0.00126,0.02625
CVE-2026-64362,7.8,1,True,,0.00126,0.02603
CVE-2026-43453,7.1,1,True,,0.00126,0.0261
CVE-2026-43449,7.1,1,True,,0.00126,0.02651
CVE-2026-23336,5.5,1,True,,0.00126,0.0259
CVE-2026-64344,7.8,1,True,,0.00126,0.02603
CVE-2026-74637,7.0,1,True,,0.00126,0.02597
CVE-2026-64343,7.8,1,True,,0.00126,0.02603
CVE-2026-74471,7.0,1,True,,0.00126,0.02594
CVE-2026-31697,4.7,1,True,,0.00126,0.0261
CVE-2026-43437,5.5,1,True,,0.00126,0.0264
CVE-2026-64011,7.0,1,True,,0.00126,0.02595
CVE-2026-53011,7.0,1,True,,0.00126,0.02601
CVE-2026-45970,7.0,1,True,,0.00126,0.02595
CVE-2026-52915,5.5,1,True,,0.00126,0.02616
CVE-2025-71285,5.5,1,False,,0.00126,0.02647
CVE-2026-64425,5.5,1,True,,0.00125,0.02567
CVE-2026-23352,5.5,1,True,,0.00125,0.02566
CVE-2026-53134,5.5,1,True,,0.00125,0.02571
CVE-2026-23156,7.8,1,True,,0.00125,0.02534
CVE-2026-46101,5.5,1,True,,0.00125,0.02568
CVE-2026-46046,5.5,1,True,,0.00125,0.02571
CVE-2026-68236,7.0,1,False,,0.00125,0.02532
CVE-2026-31599,5.5,1,True,,0.00125,0.02565
CVE-2026-45957,7.1,1,False,,0.00125,0.02538
CVE-2026-31590,5.5,1,True,,0.00125,0.02572
CVE-2026-31585,5.5,1,True,,0.00125,0.02569
CVE-2026-31577,5.5,1,True,,0.00125,0.02569
CVE-2026-31615,5.5,1,True,,0.00125,0.02568
CVE-2026-53001,5.5,1,True,,0.00125,0.02569
CVE-2026-43170,5.5,1,False,,0.00125,0.02511
CVE-2026-92511,,1,False,,0.00125,0.02578
CVE-2026-23273,5.5,1,True,,0.00125,0.02529
CVE-2026-80556,5.5,1,False,,0.00125,0.02532
CVE-2026-23270,7.0,1,True,,0.00125,0.02549
CVE-2026-31521,5.5,1,True,,0.00125,0.02565
CVE-2026-23286,5.5,1,True,,0.00125,0.02553
CVE-2025-71184,5.5,1,False,,0.00125,0.02561
CVE-2026-43502,5.5,1,True,,0.00125,0.02549
CVE-2026-46086,5.5,1,True,,0.00125,0.0257
CVE-2026-64562,8.8,1,True,,0.00125,0.0253
CVE-2026-23438,5.5,1,True,,0.00125,0.0257
CVE-2026-74700,7.0,1,False,,0.00125,0.02544
CVE-2026-63833,,1,True,,0.00125,0.02526
CVE-2026-74725,5.5,1,False,,0.00125,0.02545
CVE-2026-31605,5.5,1,True,,0.00125,0.02569
CVE-2026-23351,5.5,1,True,,0.00125,0.0252
CVE-2026-64424,7.8,1,False,,0.00125,0.02541
CVE-2026-89488,7.0,1,False,,0.00125,0.02579
CVE-2026-53218,5.5,1,True,,0.00125,0.02564
CVE-2026-53219,5.5,1,True,,0.00125,0.02571
CVE-2026-53230,7.0,1,False,,0.00125,0.02556
CVE-2026-23137,5.5,1,False,,0.00125,0.02576
CVE-2026-68427,7.0,1,True,,0.00125,0.02573
CVE-2026-43085,5.5,1,True,,0.00125,0.02563
CVE-2026-80952,7.0,1,False,,0.00125,0.02578
CVE-2026-64305,7.8,1,False,,0.00125,0.02545
CVE-2026-80622,5.5,1,True,,0.00125,0.02577
CVE-2026-31603,5.5,1,True,,0.00125,0.02566
CVE-2026-64017,7.0,1,False,,0.00125,0.02543
CVE-2026-89508,5.5,1,False,,0.00125,0.02577
CVE-2026-53249,5.5,1,True,,0.00125,0.02565
CVE-2025-39782,5.5,1,True,,0.00125,0.02574
CVE-2026-31618,5.5,1,True,,0.00125,0.0257
CVE-2026-31616,5.5,1,True,,0.00125,0.02565
CVE-2026-31623,5.5,1,True,,0.00125,0.02564
CVE-2026-31619,5.5,1,True,,0.00125,0.0257
CVE-2026-31624,5.5,1,True,,0.00125,0.02566
CVE-2026-31625,5.5,1,True,,0.00125,0.02566
CVE-2026-23335,5.5,1,True,,0.00125,0.02568
CVE-2026-31707,,1,False,,0.00125,0.02535
CVE-2026-53167,5.5,1,True,,0.00125,0.02567
CVE-2026-89548,7.0,1,False,,0.00125,0.02578
CVE-2026-43016,5.5,1,False,,0.00125,0.02546
CVE-2026-46241,7.8,1,False,,0.00125,0.02529
CVE-2026-68153,5.5,1,True,,0.00125,0.02578
CVE-2026-46040,5.5,1,True,,0.00125,0.02564
CVE-2026-23208,7.8,1,False,,0.00125,0.02582
CVE-2026-23105,5.5,1,True,,0.00125,0.0254
CVE-2026-23379,5.5,1,True,,0.00125,0.02559
CVE-2026-23370,5.5,1,True,,0.00125,0.02571
CVE-2026-31403,5.5,1,True,,0.00125,0.02548
CVE-2026-74302,5.5,1,False,,0.00125,0.02541
CVE-2026-64370,5.5,1,True,,0.00125,0.02567
CVE-2026-64371,5.5,1,True,,0.00125,0.02567
CVE-2026-46175,,1,False,,0.00124,0.02465
CVE-2026-23101,4.7,1,True,,0.00124,0.02496
CVE-2026-64413,5.5,1,True,,0.00124,0.02467
CVE-2026-23327,7.1,1,False,,0.00124,0.02451
CVE-2026-23100,5.5,1,True,,0.00124,0.02503
CVE-2026-31568,7.1,1,False,,0.00124,0.02453
CVE-2026-31532,7.8,1,True,,0.00124,0.02432
CVE-2026-23398,5.5,1,True,,0.00124,0.02503
CVE-2025-38687,4.7,1,True,,0.00124,0.02453
CVE-2026-23121,5.5,1,True,,0.00124,0.02461
CVE-2026-63823,7.0,1,True,,0.00124,0.02462
CVE-2026-63827,,1,True,,0.00124,0.02462
CVE-2026-74388,5.5,1,False,,0.00124,0.02445
CVE-2026-23209,7.8,1,True,,0.00124,0.02473
CVE-2026-31419,7.0,1,True,,0.00124,0.02507
CVE-2026-74257,5.5,1,False,,0.00124,0.02444
CVE-2026-74506,7.0,1,False,,0.00124,0.02441
CVE-2026-64341,7.8,1,False,,0.00124,0.02442
CVE-2026-46130,7.1,1,False,,0.00124,0.02451
CVE-2026-64556,7.8,1,False,,0.00124,0.02495
CVE-2026-45986,5.5,1,True,,0.00123,0.02339
CVE-2026-45987,5.5,1,True,,0.00123,0.02359
CVE-2026-45985,5.5,1,False,,0.00123,0.02355
CVE-2026-45983,5.5,1,True,,0.00123,0.02366
CVE-2025-38681,4.7,1,True,,0.00123,0.02393
CVE-2026-43429,5.5,1,True,,0.00123,0.02363
CVE-2026-46002,5.5,1,True,,0.00123,0.02344
CVE-2026-64417,5.5,1,True,,0.00123,0.02368
CVE-2026-43251,5.5,1,True,,0.00123,0.02337
CVE-2026-43240,5.5,1,True,,0.00123,0.02327
CVE-2026-43242,5.5,1,True,,0.00123,0.02334
CVE-2026-64376,5.5,1,True,,0.00123,0.02372
CVE-2026-64409,5.5,1,True,,0.00123,0.02341
CVE-2026-64345,5.5,1,False,,0.00123,0.02371
CVE-2026-64419,5.5,1,True,,0.00123,0.0234
CVE-2026-23220,5.5,1,True,,0.00123,0.02408
CVE-2026-43424,5.5,1,True,,0.00123,0.02363
CVE-2026-23289,5.5,1,True,,0.00123,0.02355
CVE-2026-23292,5.5,1,True,,0.00123,0.02348
CVE-2026-23291,5.5,1,True,,0.00123,0.02338
CVE-2026-23296,5.5,1,True,,0.00123,0.02348
CVE-2026-23298,5.5,1,True,,0.00123,0.0236
CVE-2026-43428,5.5,1,True,,0.00123,0.02357
CVE-2026-43425,5.5,1,True,,0.00123,0.02362
CVE-2026-45997,5.5,1,True,,0.00123,0.02365
CVE-2026-23339,5.5,1,True,,0.00123,0.02348
CVE-2026-23321,5.5,1,True,,0.00123,0.02367
CVE-2026-23324,5.5,1,True,,0.00123,0.02368
CVE-2026-43387,5.5,1,True,,0.00123,0.02357
CVE-2026-46003,5.5,1,True,,0.00123,0.02351
CVE-2026-43411,5.5,1,True,,0.00123,0.02356
CVE-2026-43421,5.5,1,True,,0.00123,0.0237
CVE-2026-53377,5.5,1,False,,0.00123,0.02425
CVE-2026-46247,5.5,1,True,,0.00123,0.02399
CVE-2026-43013,5.5,1,True,,0.00123,0.0237
CVE-2026-46292,5.5,1,True,,0.00123,0.0236
CVE-2026-43077,5.5,1,True,,0.00123,0.02343
CVE-2026-43088,5.5,1,False,,0.00123,0.02369
CVE-2026-43080,5.5,1,True,,0.00123,0.02365
CVE-2026-64338,5.5,1,True,,0.00123,0.02347
CVE-2026-64336,5.5,1,True,,0.00123,0.02349
CVE-2026-46291,5.5,1,True,,0.00123,0.02359
CVE-2026-46276,5.5,1,True,,0.00123,0.0233
CVE-2026-23312,5.5,1,True,,0.00123,0.02351
CVE-2026-23310,5.5,1,True,,0.00123,0.02326
CVE-2026-23307,5.5,1,True,,0.00123,0.02344
CVE-2026-23367,5.5,1,True,,0.00123,0.02339
CVE-2026-43412,5.5,1,True,,0.00123,0.02356
CVE-2026-31642,5.5,1,True,,0.00123,0.02336
CVE-2026-46151,5.5,1,True,,0.00123,0.02358
CVE-2026-46179,5.5,1,True,,0.00123,0.02363
CVE-2026-46186,5.5,1,True,,0.00123,0.02371
CVE-2026-23303,5.5,1,True,,0.00123,0.02363
CVE-2026-43451,5.5,1,True,,0.00123,0.02371
CVE-2026-43436,5.5,1,True,,0.00123,0.02374
CVE-2026-43445,5.5,1,True,,0.00123,0.02356
CVE-2026-45978,5.5,1,True,,0.00123,0.02354
CVE-2026-45969,5.5,1,True,,0.00123,0.02373
CVE-2026-45960,5.5,1,True,,0.00123,0.02367
CVE-2026-45954,5.5,1,True,,0.00123,0.02355
CVE-2026-43432,5.5,1,True,,0.00123,0.02368
CVE-2026-43079,5.5,1,True,,0.00123,0.02365
CVE-2026-52916,5.5,1,True,,0.00123,0.02398
CVE-2026-52913,5.5,1,True,,0.00123,0.02364
CVE-2026-23272,5.5,1,True,,0.00123,0.02389
CVE-2026-43302,5.5,1,True,,0.00123,0.0234
CVE-2026-31594,5.5,1,True,,0.00123,0.02359
CVE-2026-31595,5.5,1,True,,0.00123,0.02351
CVE-2026-31540,5.5,1,True,,0.00123,0.0233
CVE-2026-53306,5.5,1,True,,0.00123,0.02397
CVE-2026-31545,5.5,1,True,,0.00123,0.02367
CVE-2026-64335,5.5,1,True,,0.00123,0.02347
CVE-2026-43227,5.5,1,True,,0.00123,0.02336
CVE-2026-64332,5.5,1,True,,0.00123,0.02346
CVE-2026-43014,5.5,1,True,,0.00123,0.0237
CVE-2026-31674,5.5,1,True,,0.00123,0.02388
CVE-2026-64331,5.5,1,True,,0.00123,0.02346
CVE-2026-64316,5.5,1,True,,0.00123,0.02354
CVE-2026-46038,5.5,1,True,,0.00123,0.02337
CVE-2026-43246,5.5,1,True,,0.00123,0.02333
CVE-2026-31551,5.5,1,True,,0.00123,0.02373
CVE-2026-43130,5.5,1,True,,0.00123,0.02345
CVE-2026-52977,5.5,1,True,,0.00123,0.02338
CVE-2026-45941,5.5,1,True,,0.00123,0.02397
CVE-2026-45912,5.5,1,True,,0.00123,0.02396
CVE-2026-23004,4.7,1,False,,0.00123,0.02412
CVE-2026-74724,7.0,1,True,,0.00123,0.02385
CVE-2026-52995,5.5,1,True,,0.00123,0.02342
CVE-2026-23422,7.8,1,True,,0.00123,0.02394
CVE-2026-52985,5.5,1,True,,0.00123,0.02327
CVE-2026-23284,5.5,1,True,,0.00123,0.02366
CVE-2026-23287,5.5,1,True,,0.00123,0.02329
CVE-2026-53289,5.5,1,True,,0.00123,0.02366
CVE-2026-74733,5.5,1,False,,0.00123,0.02401
CVE-2026-53291,5.5,1,True,,0.00123,0.0237
CVE-2026-31550,5.5,1,True,,0.00123,0.02361
CVE-2026-31519,5.5,1,True,,0.00123,0.02328
CVE-2026-31510,5.5,1,True,,0.00123,0.0236
CVE-2026-31524,5.5,1,True,,0.00123,0.02327
CVE-2026-31522,5.5,1,True,,0.00123,0.02328
CVE-2026-23442,5.5,1,True,,0.00123,0.02345
CVE-2026-64231,5.5,1,True,,0.00123,0.02396
CVE-2026-53023,5.5,1,True,,0.00123,0.02342
CVE-2026-53022,5.5,1,True,,0.00123,0.02342
CVE-2026-53021,5.5,1,True,,0.00123,0.02341
CVE-2026-53287,5.5,1,True,,0.00123,0.02366
CVE-2026-43156,5.5,1,True,,0.00123,0.02346
CVE-2026-45890,5.5,1,True,,0.00123,0.02397
CVE-2026-46028,5.5,1,True,,0.00123,0.02359
CVE-2026-46009,5.5,1,True,,0.00123,0.02347
CVE-2026-43295,5.5,1,True,,0.00123,0.02336
CVE-2026-31549,5.5,1,True,,0.00123,0.02361
CVE-2026-31492,5.5,1,True,,0.00123,0.02364
CVE-2026-46108,5.5,1,True,,0.00123,0.02349
CVE-2026-31483,5.5,1,True,,0.00123,0.02362
CVE-2026-43168,5.5,1,True,,0.00123,0.02339
CVE-2026-43279,5.8,1,True,,0.00123,0.0239
CVE-2026-31512,5.5,1,True,,0.00123,0.0233
CVE-2026-43289,5.5,1,True,,0.00123,0.02332
CVE-2026-43287,5.5,1,True,,0.00123,0.02332
CVE-2026-53245,5.5,1,True,,0.00123,0.02357
CVE-2026-31496,5.5,1,True,,0.00123,0.02364
CVE-2026-46098,5.5,1,True,,0.00123,0.02326
CVE-2026-43032,5.5,1,True,,0.00123,0.02399
CVE-2026-53213,5.5,1,True,,0.00123,0.02331
CVE-2026-53208,5.5,1,True,,0.00123,0.02331
CVE-2026-31503,5.5,1,True,,0.00123,0.02361
CVE-2026-64220,5.5,1,True,,0.00123,0.02398
CVE-2025-71291,5.5,1,True,,0.00123,0.02331
CVE-2026-43363,5.5,1,True,,0.00123,0.0235
CVE-2026-43361,5.5,1,True,,0.00123,0.0235
CVE-2026-43359,5.5,1,True,,0.00123,0.02337
CVE-2026-43357,5.5,1,True,,0.00123,0.02353
CVE-2026-43355,5.5,1,True,,0.00123,0.02352
CVE-2026-46091,5.5,1,True,,0.00123,0.02333
CVE-2026-46088,5.5,1,True,,0.00123,0.02335
CVE-2026-46083,5.5,1,True,,0.00123,0.02326
CVE-2026-46082,5.5,1,True,,0.00123,0.02333
CVE-2026-53052,5.5,1,True,,0.00123,0.0235
CVE-2026-53048,5.5,1,True,,0.00123,0.02341
CVE-2026-43135,5.5,1,True,,0.00123,0.02343
CVE-2026-46109,5.5,1,True,,0.00123,0.02349
CVE-2026-53279,5.5,1,True,,0.00123,0.02333
CVE-2026-31520,5.5,1,True,,0.00123,0.02328
CVE-2026-53238,5.5,1,True,,0.00123,0.02332
CVE-2026-43333,5.5,1,True,,0.00123,0.02335
CVE-2026-43171,5.5,1,True,,0.00123,0.02344
CVE-2026-53039,5.5,1,True,,0.00123,0.02338
CVE-2026-45835,5.5,1,True,,0.00123,0.02399
CVE-2026-53236,5.5,1,True,,0.00123,0.02367
CVE-2026-31497,5.5,1,True,,0.00123,0.02364
CVE-2026-31498,5.5,1,True,,0.00123,0.02362
CVE-2026-46054,7.0,1,False,,0.00123,0.02405
CVE-2026-46049,5.5,1,True,,0.00123,0.02348
CVE-2026-46044,5.5,1,True,,0.00123,0.02332
CVE-2026-31451,5.5,1,True,,0.00123,0.02373
CVE-2026-31441,5.5,1,True,,0.00123,0.02362
CVE-2026-45834,5.5,1,True,,0.00123,0.02398
CVE-2026-46077,5.5,1,True,,0.00123,0.0236
CVE-2026-45836,5.5,1,True,,0.00123,0.02399
CVE-2026-43313,5.5,1,True,,0.00123,0.02334
CVE-2026-43312,5.5,1,True,,0.00123,0.02335
CVE-2025-71297,5.5,1,True,,0.00123,0.02337
CVE-2026-53061,5.5,1,True,,0.00123,0.02355
CVE-2025-71295,5.5,1,True,,0.00123,0.02368
CVE-2026-64214,5.5,1,True,,0.00123,0.02397
CVE-2026-64135,5.5,1,True,,0.00123,0.02335
CVE-2026-64155,5.5,1,True,,0.00123,0.024
CVE-2026-53064,5.5,1,True,,0.00123,0.02329
CVE-2026-43145,5.5,1,True,,0.00123,0.02345
CVE-2026-31755,5.5,1,True,,0.00123,0.02354
CVE-2026-31754,5.5,1,True,,0.00123,0.02354
CVE-2026-31749,5.5,1,True,,0.00123,0.0235
CVE-2026-31434,5.5,1,True,,0.00123,0.02341
CVE-2026-43316,5.5,1,True,,0.00123,0.02334
CVE-2026-46072,5.5,1,True,,0.00123,0.02327
CVE-2026-53181,5.5,1,True,,0.00123,0.02331
CVE-2026-53093,5.5,1,True,,0.00123,0.02328
CVE-2026-43381,5.5,1,True,,0.00123,0.02357
CVE-2026-53177,5.5,1,True,,0.00123,0.02372
CVE-2026-23475,5.5,1,True,,0.00123,0.02372
CVE-2026-53163,5.5,1,True,,0.00123,0.02369
CVE-2026-23460,5.5,1,True,,0.00123,0.024
CVE-2026-53168,5.5,1,True,,0.00123,0.02373
CVE-2026-23468,5.5,1,True,,0.00123,0.02398
CVE-2025-71237,5.5,1,True,,0.00123,0.02409
CVE-2025-71233,5.5,1,True,,0.00123,0.02408
CVE-2025-71235,5.5,1,True,,0.00123,0.02407
CVE-2025-71232,5.5,1,True,,0.00123,0.02408
CVE-2026-64428,5.5,1,True,,0.00123,0.02329
CVE-2026-64360,5.5,1,True,,0.00123,0.02372
CVE-2026-43200,5.5,1,True,,0.00123,0.02336
CVE-2026-53158,5.5,1,True,,0.00123,0.0234
CVE-2026-53150,5.5,1,True,,0.00123,0.02345
CVE-2026-43104,5.5,1,True,,0.00123,0.02358
CVE-2026-43103,5.5,1,True,,0.00123,0.02358
CVE-2026-43098,5.5,1,True,,0.00123,0.02358
CVE-2026-43094,5.5,1,True,,0.00123,0.02343
CVE-2026-23228,5.5,1,True,,0.00123,0.02408
CVE-2026-53139,5.5,1,True,,0.00123,0.0234
CVE-2026-31781,5.5,1,True,,0.00123,0.02351
CVE-2026-31770,5.5,1,True,,0.00123,0.02352
CVE-2026-31763,5.5,1,True,,0.00123,0.02353
CVE-2026-31762,5.5,1,True,,0.00123,0.02353
CVE-2026-31738,5.5,1,True,,0.00123,0.02342
CVE-2026-63858,5.5,1,False,,0.00123,0.02411
CVE-2026-64359,5.5,1,True,,0.00123,0.02371
CVE-2026-64350,5.5,1,True,,0.00123,0.02352
CVE-2026-23216,7.8,1,True,,0.00122,0.02235
CVE-2026-43036,5.5,1,False,,0.00122,0.0227
CVE-2026-43244,5.5,1,False,,0.00122,0.02286
CVE-2026-31724,5.5,1,False,,0.00122,0.02291
CVE-2026-31725,5.5,1,False,,0.00122,0.02289
CVE-2026-46012,5.5,1,False,,0.00122,0.02289
CVE-2026-23277,5.5,1,True,,0.00122,0.02315
CVE-2026-64587,,1,True,,0.00122,0.02248
CVE-2026-64131,5.5,1,True,,0.00122,0.02316
CVE-2026-43317,5.5,1,False,,0.00122,0.02274
CVE-2026-43318,5.5,1,False,,0.00122,0.02274
CVE-2026-31723,5.5,1,False,,0.00122,0.02291
CVE-2026-43129,5.5,1,False,,0.00122,0.02293
CVE-2026-31767,5.5,1,False,,0.00122,0.02267
CVE-2026-43017,5.5,1,True,,0.00122,0.02316
CVE-2026-43010,5.5,1,False,,0.00122,0.02269
CVE-2026-43040,7.1,1,True,,0.00122,0.02313
CVE-2026-45917,5.5,1,False,,0.00122,0.0232
CVE-2026-31462,5.5,1,False,,0.00122,0.0228
CVE-2026-46282,5.5,1,False,,0.00122,0.02285
CVE-2026-53220,5.5,1,False,,0.00122,0.02271
CVE-2026-31592,5.5,1,False,,0.00122,0.02276
CVE-2026-31560,5.5,1,False,,0.00122,0.02264
CVE-2026-31422,5.5,1,True,,0.00122,0.02317
CVE-2026-31458,5.5,1,False,,0.00122,0.02285
CVE-2026-31606,5.5,1,False,,0.00122,0.02321
CVE-2026-31579,5.5,1,False,,0.00122,0.02276
CVE-2026-31665,5.5,1,True,,0.00122,0.02307
CVE-2026-43409,5.5,1,False,,0.00122,0.02268
CVE-2026-43413,5.5,1,False,,0.00122,0.02278
CVE-2026-43419,5.5,1,False,,0.00122,0.0227
CVE-2026-31686,7.8,1,True,,0.00122,0.02323
CVE-2026-23330,5.5,1,False,,0.00122,0.02271
CVE-2026-46230,7.0,1,True,,0.00122,0.02307
CVE-2026-31722,5.5,1,False,,0.00122,0.02279
CVE-2026-52944,5.5,1,False,,0.00122,0.02252
CVE-2026-52988,5.5,1,False,,0.00122,0.02315
CVE-2026-53015,5.5,1,False,,0.00122,0.02268
CVE-2026-64222,5.5,1,True,,0.00122,0.02247
CVE-2026-64539,7.0,1,True,,0.00122,0.02306
CVE-2026-53027,5.5,1,False,,0.00122,0.02281
CVE-2026-23397,7.1,1,True,,0.00122,0.02313
CVE-2026-43167,5.5,1,False,,0.00122,0.02292
CVE-2026-53117,7.8,1,False,,0.00122,0.02311
CVE-2026-23020,5.5,1,True,,0.00122,0.02239
CVE-2026-43161,5.5,1,False,,0.00122,0.02293
CVE-2026-23465,5.5,1,False,,0.00122,0.02321
CVE-2025-71273,5.5,1,False,,0.00122,0.0227
CVE-2026-31396,,1,True,,0.00122,0.02307
CVE-2026-31392,5.8,1,True,,0.00122,0.023
CVE-2026-31424,5.5,1,True,,0.00122,0.02317
CVE-2026-23019,5.5,1,True,,0.00122,0.02239
CVE-2026-53102,5.5,1,False,,0.00122,0.0232
CVE-2026-43173,5.5,1,False,,0.00122,0.02292
CVE-2026-53040,,1,True,,0.00122,0.02298
CVE-2025-38461,4.7,1,True,,0.00121,0.02197
CVE-2026-64060,5.5,1,False,,0.00121,0.02159
CVE-2026-53111,5.5,1,True,,0.00121,0.02199
CVE-2025-71265,5.5,1,True,,0.00121,0.02217
CVE-2026-23399,5.5,1,True,,0.00121,0.02199
CVE-2026-46059,5.5,1,False,,0.00121,0.02168
CVE-2026-53018,5.5,1,False,,0.00121,0.02172
CVE-2026-64213,5.5,1,False,,0.00121,0.02181
CVE-2026-46071,5.5,1,False,,0.00121,0.02164
CVE-2026-43339,7.0,1,True,,0.00121,0.02187
CVE-2026-43058,5.5,1,True,,0.00121,0.02216
CVE-2026-43309,5.5,1,False,,0.00121,0.02169
CVE-2026-74580,7.3,1,True,,0.00121,0.02186
CVE-2025-38335,5.5,1,True,,0.00121,0.02222
CVE-2026-43476,,1,True,,0.00121,0.02185
CVE-2026-92488,,1,False,,0.00121,0.02228
CVE-2026-64242,7.8,1,True,,0.00121,0.02186
CVE-2026-53320,5.5,1,True,,0.00121,0.02232
CVE-2026-46267,7.8,1,True,,0.00121,0.02185
CVE-2026-53128,5.5,1,True,,0.00121,0.02198
CVE-2026-31673,5.5,1,True,,0.00121,0.02185
CVE-2026-31683,,1,True,,0.00121,0.02185
CVE-2026-46148,5.5,1,False,,0.00121,0.02148
CVE-2025-71267,5.5,1,True,,0.00121,0.02217
CVE-2025-71266,5.5,1,True,,0.00121,0.02217
CVE-2026-23454,7.0,1,True,,0.00121,0.02145
CVE-2026-45934,5.5,1,False,,0.00121,0.02211
CVE-2026-23472,5.5,1,False,,0.00121,0.02212
CVE-2026-45924,5.5,1,True,,0.00121,0.02154
CVE-2026-53270,7.0,1,True,,0.00121,0.02186
CVE-2026-43416,5.5,1,False,,0.00121,0.02158
CVE-2026-31537,5.5,1,False,,0.00121,0.02177
CVE-2026-53297,5.5,1,False,,0.00121,0.02163
CVE-2026-74544,5.5,1,False,,0.00121,0.02193
CVE-2026-23171,7.8,1,False,,0.00121,0.02232
CVE-2026-43234,5.5,1,False,,0.00121,0.02172
CVE-2026-23187,7.1,1,True,,0.00121,0.0221
CVE-2026-23102,7.1,1,True,,0.00121,0.0221
CVE-2026-93125,,1,False,,0.0012,0.02115
CVE-2026-64388,5.5,1,False,,0.0012,0.02137
CVE-2026-64585,,1,True,,0.0012,0.0212
CVE-2026-43060,5.5,1,True,,0.0012,0.02122
CVE-2026-64166,5.5,1,True,,0.0012,0.02058
CVE-2026-64174,5.5,1,True,,0.0012,0.02059
CVE-2026-31671,5.5,1,True,,0.0012,0.02078
CVE-2026-68323,7.0,1,False,,0.0012,0.02113
CVE-2026-23262,7.8,1,True,,0.0012,0.02122
CVE-2025-39773,5.5,1,True,,0.0012,0.02056
CVE-2026-43047,4.7,1,True,,0.0012,0.02121
CVE-2026-74317,5.5,1,False,,0.0012,0.02137
CVE-2026-31418,5.5,1,True,,0.0012,0.02078
CVE-2026-53120,7.8,1,False,,0.0012,0.02106
CVE-2026-31421,5.5,1,True,,0.0012,0.02079
CVE-2026-80706,5.5,1,True,,0.0012,0.02102
CVE-2026-52909,5.5,1,True,,0.0012,0.02118
CVE-2026-31427,5.5,1,True,,0.0012,0.0211
CVE-2026-80710,7.0,1,False,,0.0012,0.02062
CVE-2026-53345,5.5,1,False,,0.0012,0.0209
CVE-2026-53337,5.5,1,True,,0.0012,0.02143
CVE-2026-53265,5.5,1,False,,0.0012,0.02119
CVE-2026-80718,7.0,1,True,,0.0012,0.02103
CVE-2026-80716,7.0,1,True,,0.0012,0.02103
CVE-2026-46259,7.1,1,True,,0.0012,0.0212
CVE-2026-53267,6.6,1,False,,0.0012,0.02072
CVE-2026-68446,5.5,1,True,,0.0012,0.02121
CVE-2026-31715,7.8,1,True,,0.0012,0.0207
CVE-2026-89762,5.5,1,False,,0.0012,0.02061
CVE-2026-89761,6.5,1,False,,0.0012,0.02061
CVE-2026-23381,5.5,1,True,,0.0012,0.02078
CVE-2026-31658,5.5,1,True,,0.0012,0.02079
CVE-2026-31664,5.5,1,True,,0.0012,0.02077
CVE-2026-31670,5.5,1,True,,0.0012,0.02077
CVE-2026-31648,5.5,1,False,,0.0012,0.02073
CVE-2026-53353,5.5,1,False,,0.0012,0.0209
CVE-2026-53376,5.5,1,False,,0.0012,0.0209
CVE-2026-53379,5.5,1,True,,0.0012,0.02143
CVE-2026-31681,5.5,1,True,,0.0012,0.02099
CVE-2026-68417,5.5,1,True,,0.0012,0.02121
CVE-2026-43283,,1,True,,0.0012,0.02121
CVE-2026-53349,5.5,1,True,,0.0012,0.02143
CVE-2026-80583,5.5,1,True,,0.0012,0.02102
CVE-2026-74289,7.0,1,False,,0.0012,0.02134
CVE-2026-72454,5.5,1,False,,0.0012,0.02133
CVE-2026-31416,5.5,1,True,,0.0012,0.02111
CVE-2026-80709,5.5,1,True,,0.0012,0.02101
CVE-2026-52933,7.8,1,True,,0.0012,0.02119
CVE-2026-52927,5.5,1,True,,0.0012,0.02119
CVE-2026-31423,5.5,1,True,,0.0012,0.02111
CVE-2026-52935,7.0,1,True,,0.0012,0.02119
CVE-2026-80576,5.5,1,False,,0.0012,0.02062
CVE-2026-53115,7.8,1,False,,0.0012,0.02106
CVE-2026-80572,5.5,1,True,,0.0012,0.02101
CVE-2026-74417,5.5,1,False,,0.0012,0.02072
CVE-2026-74347,5.5,1,False,,0.0012,0.02134
CVE-2026-80569,5.5,1,True,,0.0012,0.02101
CVE-2026-80521,7.0,1,False,,0.0012,0.02117
CVE-2026-80565,5.5,1,True,,0.0012,0.02102
CVE-2026-74715,7.0,1,False,,0.0012,0.02139
CVE-2026-74713,5.5,1,False,,0.0012,0.02105
CVE-2026-74496,7.0,1,False,,0.0012,0.02135
CVE-2026-53078,6.4,1,False,,0.0012,0.02122
CVE-2026-53077,5.5,1,True,,0.0012,0.0212
CVE-2026-64580,,1,True,,0.0012,0.02123
CVE-2026-74582,7.8,1,True,,0.0012,0.0212
CVE-2026-74579,5.5,1,True,,0.0012,0.02103
CVE-2026-64567,5.5,1,True,,0.0012,0.02123
CVE-2026-74527,5.5,1,False,,0.0012,0.0214
CVE-2021-39656,6.7,1,True,,0.0012,0.02104
CVE-2023-53151,5.5,1,True,,0.00119,0.01995
CVE-2026-64165,5.5,1,True,,0.00119,0.02052
CVE-2026-43050,7.0,1,True,,0.00119,0.01991
CVE-2026-64163,5.5,1,False,,0.00119,0.02017
CVE-2026-23128,5.5,1,True,,0.00119,0.01981
CVE-2026-31726,5.5,1,True,,0.00119,0.02015
CVE-2025-38477,4.7,1,True,,0.00119,0.02005
CVE-2026-46231,5.5,1,True,,0.00119,0.02023
CVE-2026-53065,5.5,1,True,,0.00119,0.02022
CVE-2026-31692,5.5,1,False,,0.00119,0.02015
CVE-2026-43281,7.1,1,True,,0.00119,0.02051
CVE-2026-46233,5.5,1,True,,0.00119,0.02023
CVE-2026-46235,5.5,1,True,,0.00119,0.02022
CVE-2026-52941,5.5,1,True,,0.00119,0.0201
CVE-2026-23150,5.5,1,True,,0.00119,0.0201
CVE-2026-23154,5.5,1,True,,0.00119,0.02011
CVE-2026-46229,5.5,1,False,,0.00119,0.01997
CVE-2026-31702,7.8,1,True,,0.00119,0.02042
CVE-2026-23164,5.5,1,True,,0.00119,0.02011
CVE-2026-46236,5.5,1,True,,0.00119,0.02022
CVE-2026-23113,5.5,1,True,,0.00119,0.0201
CVE-2026-23374,5.5,1,False,,0.00119,0.01997
CVE-2026-31399,7.8,1,True,,0.00119,0.02043
CVE-2026-53226,5.5,1,False,,0.00119,0.01991
CVE-2026-46226,5.5,1,False,,0.00119,0.0199
CVE-2026-23392,7.0,1,True,,0.00119,0.02042
CVE-2026-46324,7.0,1,False,,0.00119,0.01984
CVE-2026-23168,5.5,1,True,,0.00119,0.01982
CVE-2025-38711,5.5,1,True,,0.00119,0.02004
CVE-2026-53262,7.8,1,False,,0.00119,0.02006
CVE-2026-43266,5.5,1,True,,0.00119,0.02023
CVE-2026-23206,5.5,1,True,,0.00119,0.0199
CVE-2026-23191,7.0,1,False,,0.00119,0.02048
CVE-2026-23190,5.5,1,True,,0.00119,0.01989
CVE-2026-23170,5.5,1,True,,0.00119,0.02011
CVE-2026-64405,5.5,1,True,,0.00119,0.02016
CVE-2026-43265,5.5,1,True,,0.00119,0.02023
CVE-2026-23234,7.8,1,True,,0.00119,0.02042
CVE-2026-23119,5.5,1,True,,0.00119,0.01989
CVE-2026-23120,5.5,1,True,,0.00119,0.01989
CVE-2026-23124,5.5,1,True,,0.00119,0.01989
CVE-2026-53118,7.8,1,False,,0.00119,0.02007
CVE-2026-23097,5.5,1,True,,0.00119,0.01988
CVE-2026-23388,7.1,1,True,,0.00119,0.02051
CVE-2026-23096,5.5,1,True,,0.00119,0.01988
CVE-2026-46225,5.5,1,False,,0.00119,0.01996
CVE-2026-46220,5.5,1,True,,0.00119,0.02022
CVE-2026-23125,5.5,1,True,,0.00119,0.0199
CVE-2025-39813,4.7,1,True,,0.00118,0.01965
CVE-2026-74564,,1,True,,0.00118,0.01943
CVE-2026-64192,5.5,1,True,,0.00118,0.01977
CVE-2026-43496,5.5,1,True,,0.00118,0.01977
CVE-2026-23247,5.5,1,False,,0.00118,0.01948
CVE-2026-23205,5.5,1,True,,0.00118,0.01957
CVE-2025-71200,5.5,1,True,,0.00118,0.01956
CVE-2025-71202,5.5,1,False,,0.00118,0.01953
CVE-2026-64420,,1,True,,0.00118,0.01972
CVE-2026-53314,5.5,1,True,,0.00118,0.01976
CVE-2026-80738,,1,False,,0.00118,0.01962
CVE-2026-23116,5.5,1,True,,0.00118,0.01958
CVE-2026-64212,5.5,1,False,,0.00117,0.01909
CVE-2026-31651,5.5,1,True,,0.00117,0.0186
CVE-2023-53149,5.5,1,False,,0.00117,0.0186
CVE-2026-74567,5.5,1,True,,0.00117,0.01896
CVE-2026-74583,7.8,1,True,,0.00117,0.01887
CVE-2026-74563,7.0,1,True,,0.00117,0.01914
CVE-2026-74565,5.5,1,False,,0.00117,0.01887
CVE-2026-31701,5.5,1,True,,0.00117,0.01858
CVE-2026-31679,5.5,1,True,,0.00117,0.01922
CVE-2026-31684,5.5,1,True,,0.00117,0.01886
CVE-2026-64185,5.5,1,True,,0.00117,0.01862
CVE-2026-64563,7.3,1,True,,0.00117,0.01913
CVE-2026-64583,,1,True,,0.00117,0.01889
CVE-2026-43065,5.5,1,True,,0.00117,0.0186
CVE-2026-43066,5.5,1,True,,0.00117,0.01859
CVE-2026-23213,5.5,1,False,,0.00117,0.01905
CVE-2026-43073,5.5,1,False,,0.00117,0.01861
CVE-2026-43068,5.5,1,True,,0.00117,0.01862
CVE-2026-64584,,1,True,,0.00117,0.01888
CVE-2026-64188,,1,True,,0.00117,0.01914
CVE-2026-64576,5.5,1,True,,0.00117,0.01895
CVE-2026-64237,7.1,1,True,,0.00117,0.01922
CVE-2026-43052,7.1,1,True,,0.00117,0.0191
CVE-2025-39885,5.5,1,True,,0.00117,0.01919
CVE-2025-38448,4.7,1,True,,0.00117,0.01923
CVE-2026-31704,5.5,1,True,,0.00117,0.01858
CVE-2023-53204,4.7,1,True,,0.00117,0.01856
CVE-2026-53089,7.8,1,True,,0.00117,0.01889
CVE-2026-43278,5.5,1,True,,0.00117,0.0189
CVE-2026-43273,5.5,1,True,,0.00117,0.01859
CVE-2026-52930,5.5,1,True,,0.00117,0.01901
CVE-2026-23389,5.5,1,True,,0.00117,0.0186
CVE-2026-31389,4.7,1,True,,0.00117,0.01888
CVE-2026-53068,,1,True,,0.00117,0.01895
CVE-2026-43458,7.8,1,True,,0.00117,0.01889
CVE-2026-64243,5.5,1,True,,0.00117,0.01922
CVE-2026-31656,7.0,1,True,,0.00117,0.01887
CVE-2026-23371,5.5,1,False,,0.00117,0.01921
CVE-2026-43299,5.5,1,False,,0.00117,0.01917
CVE-2026-64249,7.8,1,True,,0.00117,0.01914
CVE-2026-64246,7.8,1,True,,0.00117,0.01913
CVE-2026-31391,5.5,1,True,,0.00117,0.01874
CVE-2026-53273,,1,True,,0.00117,0.01913
CVE-2026-53269,5.5,1,True,,0.00117,0.01874
CVE-2026-53076,5.5,1,False,,0.00117,0.01865
CVE-2026-46301,7.8,1,True,,0.00117,0.01888
CVE-2026-53255,7.1,1,True,,0.00117,0.01895
CVE-2026-31400,5.5,1,True,,0.00117,0.01885
CVE-2026-53112,7.8,1,True,,0.00117,0.0189
CVE-2026-53129,7.8,1,False,,0.00117,0.01883
CVE-2025-71192,7.0,1,True,,0.00117,0.01918
CVE-2026-52919,,1,True,,0.00117,0.0189
CVE-2026-52939,5.5,1,True,,0.00117,0.01859
CVE-2026-43111,5.5,1,True,,0.00117,0.0189
CVE-2026-23214,5.5,1,False,,0.00117,0.01879
CVE-2026-64581,,1,True,,0.00117,0.01913
CVE-2026-64599,,1,True,,0.00117,0.01888
CVE-2026-43268,5.5,1,True,,0.00117,0.01859
CVE-2025-38520,5.5,1,True,,0.00116,0.01855
CVE-2025-68223,5.5,1,True,,0.00116,0.01841
CVE-2026-43344,5.5,1,False,,0.00116,0.01833
CVE-2026-43271,5.5,1,False,,0.00116,0.01837
CVE-2026-46032,5.5,1,False,,0.00116,0.0182
CVE-2026-43049,7.8,1,False,,0.00116,0.01853
CVE-2025-39825,4.7,1,True,,0.00115,0.01776
CVE-2026-46249,5.5,1,True,,0.00115,0.0173
CVE-2026-53263,5.5,1,True,,0.00115,0.0173
CVE-2026-46314,5.5,1,True,,0.00115,0.01755
CVE-2026-93116,,1,False,,0.00115,0.01762
CVE-2025-39843,5.5,1,True,,0.00115,0.01751
CVE-2025-39961,4.7,1,False,,0.00115,0.01755
CVE-2026-89763,6.0,1,False,,0.00115,0.01766
CVE-2026-23426,5.5,1,True,,0.00115,0.01731
CVE-2026-64168,5.5,1,True,,0.00115,0.0173
CVE-2026-64234,5.5,1,True,,0.00115,0.01729
CVE-2026-23202,5.5,1,True,,0.00115,0.01778
CVE-2026-64179,5.5,1,True,,0.00115,0.01729
CVE-2023-53520,4.7,1,True,,0.00115,0.01779
CVE-2026-64252,5.5,1,True,,0.00115,0.01728
CVE-2026-31689,5.5,1,True,,0.00115,0.01731
CVE-2025-39759,7.0,1,True,,0.00115,0.01776
CVE-2026-52991,7.0,1,False,,0.00115,0.01771
CVE-2026-31425,5.5,1,True,,0.00114,0.01705
CVE-2026-46312,5.5,1,False,,0.00114,0.01664
CVE-2026-52921,5.5,1,True,,0.00114,0.017
CVE-2026-43105,5.5,1,True,,0.00114,0.01695
CVE-2026-46328,,1,True,,0.00114,0.01698
CVE-2026-46254,5.5,1,False,,0.00114,0.01688
CVE-2026-53074,5.5,1,True,,0.00114,0.01707
CVE-2026-23382,5.5,1,True,,0.00114,0.01701
CVE-2026-43457,5.5,1,True,,0.00114,0.01702
CVE-2026-43455,5.5,1,True,,0.00114,0.01702
CVE-2026-52928,5.5,1,True,,0.00114,0.01697
CVE-2026-43338,5.5,1,False,,0.00114,0.01666
CVE-2026-52925,5.5,1,True,,0.00114,0.01697
CVE-2026-53317,5.5,1,False,,0.00114,0.01686
CVE-2026-52926,5.5,1,True,,0.00114,0.01696
CVE-2026-53313,5.5,1,False,,0.00114,0.01687
CVE-2026-46181,7.0,1,False,,0.00114,0.01654
CVE-2026-43473,5.5,1,True,,0.00114,0.01705
CVE-2026-43480,5.5,1,True,,0.00114,0.01703
CVE-2026-43475,5.5,1,True,,0.00114,0.01706
CVE-2026-31661,5.5,1,True,,0.00114,0.01698
CVE-2026-31660,5.5,1,True,,0.00114,0.01702
CVE-2026-53083,5.5,1,False,,0.00114,0.01661
CVE-2026-43277,5.5,1,True,,0.00114,0.01699
CVE-2026-43270,5.5,1,True,,0.00114,0.01699
CVE-2026-31655,5.5,1,False,,0.00114,0.01662
CVE-2026-31677,5.5,1,False,,0.00114,0.01688
CVE-2026-23396,5.5,1,True,,0.00114,0.01701
CVE-2026-43340,5.5,1,True,,0.00114,0.01703
CVE-2026-43343,5.5,1,True,,0.00114,0.017
CVE-2026-53082,5.5,1,True,,0.00114,0.01707
CVE-2026-23267,5.5,1,True,,0.00114,0.01702
CVE-2024-14040,7.1,1,False,,0.00114,0.0171
CVE-2025-38462,4.7,1,True,,0.00114,0.01722
CVE-2026-43472,5.5,1,True,,0.00114,0.01704
CVE-2026-53066,5.5,1,True,,0.00114,0.01701
CVE-2026-74294,5.5,1,False,,0.00114,0.01725
CVE-2026-46296,5.5,1,True,,0.00114,0.01704
CVE-2026-31415,5.5,1,True,,0.00114,0.01677
CVE-2026-53073,5.5,1,True,,0.00114,0.01707
CVE-2026-52936,5.5,1,False,,0.00114,0.01663
CVE-2026-43262,5.5,1,True,,0.00114,0.017
CVE-2026-43072,5.5,1,True,,0.00114,0.01696
CVE-2026-43064,5.5,1,True,,0.00114,0.01694
CVE-2026-43054,5.5,1,True,,0.00114,0.01697
CVE-2026-43046,5.5,1,True,,0.00114,0.01696
CVE-2026-23256,5.5,1,True,,0.00114,0.01706
CVE-2026-64187,5.5,1,True,,0.00114,0.01694
CVE-2025-38717,4.7,1,False,,0.00114,0.01678
CVE-2026-43269,5.5,1,True,,0.00114,0.01698
CVE-2026-43119,5.5,1,False,,0.00114,0.01662
CVE-2026-43107,5.5,1,False,,0.00114,0.01661
CVE-2026-23266,5.5,1,True,,0.00114,0.01698
CVE-2026-23264,5.5,1,True,,0.00114,0.01667
CVE-2026-23257,5.5,1,True,,0.00114,0.01694
CVE-2026-23258,5.5,1,True,,0.00114,0.01695
CVE-2026-43041,5.5,1,True,,0.00114,0.01696
CVE-2026-64173,5.5,1,True,,0.00114,0.01705
CVE-2026-43484,5.5,1,True,,0.00114,0.01703
CVE-2026-43483,5.5,1,True,,0.00114,0.01704
CVE-2026-53080,5.5,1,True,,0.00114,0.01708
CVE-2026-31672,5.5,1,True,,0.00114,0.01701
CVE-2026-46103,5.5,1,True,,0.00114,0.01704
CVE-2026-43264,5.5,1,True,,0.00114,0.01699
CVE-2026-64254,5.5,1,True,,0.00114,0.01697
CVE-2026-64177,5.5,1,True,,0.00114,0.01705
CVE-2026-64170,5.5,1,True,,0.00114,0.017
CVE-2026-43043,5.5,1,True,,0.00114,0.01706
CVE-2026-23255,5.5,1,True,,0.00114,0.01707
CVE-2026-64241,5.5,1,False,,0.00114,0.01662
CVE-2026-43069,5.5,1,True,,0.00114,0.01695
CVE-2026-43459,5.5,1,True,,0.00113,0.01648
CVE-2026-43497,,1,True,,0.00113,0.01648
CVE-2025-39927,4.7,1,False,,0.00113,0.01605
CVE-2026-53107,5.5,1,False,,0.00113,0.01612
CVE-2025-39767,5.5,1,False,,0.00113,0.01649
CVE-2026-64098,7.0,1,True,,0.00113,0.01603
CVE-2025-71315,5.5,1,False,,0.00112,0.01563
CVE-2026-46153,5.5,1,False,,0.00112,0.01555
CVE-2026-53017,5.5,1,False,,0.00112,0.01563
CVE-2026-80579,5.5,1,False,,0.00112,0.01557
CVE-2026-80580,5.5,1,False,,0.00112,0.01558
CVE-2026-23265,5.5,1,False,,0.00112,0.01587
CVE-2026-64146,5.5,1,False,,0.00112,0.01563
CVE-2026-52937,5.5,1,False,,0.00112,0.01589
CVE-2026-43118,5.5,1,False,,0.00112,0.01584
CVE-2026-43204,5.5,1,False,,0.00112,0.01562
CVE-2026-46330,7.0,1,False,,0.00112,0.01566
CVE-2026-23103,5.5,1,True,,0.00111,0.01496
CVE-2026-31426,5.8,1,True,,0.00111,0.0148
CVE-2025-71074,4.7,1,False,,0.00111,0.01504
CVE-2026-64510,5.5,1,True,,0.00111,0.01481
CVE-2026-45905,4.7,1,True,,0.00111,0.01526
CVE-2026-64250,5.5,1,True,,0.00111,0.01519
CVE-2026-64248,5.5,1,True,,0.00111,0.01519
CVE-2025-39754,4.7,1,False,,0.00111,0.01509
CVE-2026-90401,,1,False,,0.0011,0.01468
CVE-2025-38362,5.5,1,True,,0.0011,0.01422
CVE-2026-68447,5.5,1,False,,0.0011,0.01416
CVE-2026-43042,7.1,1,False,,0.0011,0.01416
CVE-2022-20154,6.4,1,True,,0.00109,0.01389
CVE-2023-53996,5.7,1,True,,0.00109,0.01385
CVE-2025-71104,5.5,1,True,,0.00109,0.0138
CVE-2026-46245,5.5,1,False,,0.00108,0.01338
CVE-2026-53292,5.5,1,False,,0.00107,0.01316
CVE-2025-38359,5.5,1,False,,0.00107,0.01284
CVE-2026-31777,5.5,1,False,,0.00107,0.01314
CVE-2025-71313,5.5,1,False,,0.00107,0.01315
CVE-2026-43310,5.5,1,False,,0.00107,0.01311
CVE-2026-43308,5.5,1,False,,0.00107,0.01318
CVE-2026-31700,6.1,1,True,,0.00107,0.01321
CVE-2026-64079,5.5,1,False,,0.00107,0.01317
CVE-2026-43022,5.5,1,False,,0.00107,0.01319
CVE-2026-43443,5.5,1,False,,0.00107,0.01314
CVE-2026-43211,5.5,1,True,,0.00107,0.01286
CVE-2026-53285,5.5,1,False,,0.00107,0.01316
CVE-2026-53185,7.0,1,False,,0.00106,0.0126
CVE-2026-53400,5.5,1,True,,0.00105,0.01184
CVE-2026-46017,4.7,1,False,,0.00105,0.01186
CVE-2026-52910,6.4,1,True,,0.00104,0.01142
CVE-2026-64190,5.5,1,False,,0.00104,0.01141
CVE-2025-71227,5.5,1,False,,0.00104,0.01145
CVE-2026-46227,7.0,1,True,,0.00104,0.01131
CVE-2026-31761,,1,True,,0.00104,0.01167
CVE-2026-23071,4.7,1,True,,0.00103,0.01127
CVE-2026-46090,7.0,1,False,,0.00103,0.01114
CVE-2025-71111,4.7,1,True,,0.00103,0.01082
CVE-2026-53050,5.5,1,True,,0.00102,0.01033
CVE-2025-71079,5.5,1,True,,0.00102,0.01044
CVE-2026-53304,5.5,1,True,,0.00101,0.01004
CVE-2025-39910,5.5,1,False,,0.00101,0.01
CVE-2026-23239,5.8,1,False,,0.00101,0.0103
CVE-2026-64378,7.0,1,True,,0.001,0.00951
CVE-2026-46112,,1,True,,0.001,0.00951
CVE-2026-46302,5.5,1,False,,0.001,0.00969
CVE-2026-43115,5.5,1,False,,0.001,0.00961
CVE-2026-23393,,1,False,,0.001,0.00948
CVE-2026-53106,5.5,1,False,,0.001,0.00994
CVE-2026-45942,7.0,1,False,,0.001,0.0095
CVE-2025-71221,7.0,1,True,,0.001,0.00964
CVE-2026-64112,5.5,1,False,,0.00099,0.00935
CVE-2026-46157,5.5,1,False,,0.00099,0.00934
CVE-2026-23357,5.5,1,True,,0.00099,0.00911
CVE-2026-23110,4.7,1,True,,0.00099,0.00923
CVE-2026-23368,5.5,1,True,,0.00099,0.00937
CVE-2026-31486,5.5,1,False,,0.00099,0.00915
CVE-2026-31516,6.4,1,False,,0.00099,0.00934
CVE-2026-46165,5.5,1,True,,0.00099,0.00911
CVE-2026-43353,5.5,1,False,,0.00099,0.00897
CVE-2025-71274,4.7,1,True,,0.00099,0.00927
CVE-2026-64189,7.0,1,True,,0.00097,0.00837
CVE-2026-31565,5.5,1,True,,0.00097,0.00836
CVE-2026-46058,,1,True,,0.00097,0.00839
CVE-2026-53062,7.0,1,True,,0.00097,0.0084
CVE-2026-43023,7.0,1,True,,0.00097,0.00839
CVE-2025-38158,5.5,1,True,,0.00097,0.00838
CVE-2026-43116,7.0,1,True,,0.00096,0.00807
CVE-2026-31687,5.5,1,True,,0.00096,0.0079
CVE-2025-39889,5.5,1,True,,0.00096,0.00819
CVE-2026-23271,5.8,1,True,,0.00096,0.00807
CVE-2026-31678,7.8,1,True,,0.00096,0.00816
CVE-2025-38311,5.5,1,False,,0.00096,0.00813
CVE-2026-31667,5.5,1,True,,0.00096,0.00807
CVE-2026-64429,5.5,1,True,,0.00095,0.00725
CVE-2026-53207,5.5,1,True,,0.00095,0.00725
CVE-2026-23362,5.5,1,True,,0.00095,0.00722
CVE-2026-64347,5.5,1,True,,0.00095,0.00722
CVE-2026-31480,5.5,1,True,,0.00095,0.00723
CVE-2026-31509,5.5,1,True,,0.00095,0.00724
CVE-2026-31756,5.5,1,True,,0.00095,0.00724
CVE-2026-46156,5.5,1,False,,0.00095,0.00712
CVE-2026-53035,5.5,1,True,,0.00095,0.00723
CVE-2026-43147,5.5,1,True,,0.00095,0.00725
CVE-2026-43382,5.5,1,True,,0.00095,0.00722
CVE-2026-53037,5.5,1,True,,0.00095,0.00723
CVE-2026-43327,5.5,1,True,,0.00095,0.00723
CVE-2026-46050,5.5,1,True,,0.00095,0.00722
CVE-2026-46051,5.5,1,True,,0.00095,0.00724
CVE-2026-64334,5.5,1,True,,0.00095,0.00721
CVE-2026-43252,5.5,1,True,,0.00095,0.00721
CVE-2026-31466,4.7,1,True,,0.00094,0.0068
CVE-2026-31487,5.5,1,False,,0.00094,0.007
CVE-2026-23463,4.7,1,True,,0.00094,0.00691
CVE-2026-23394,4.7,1,True,,0.00093,0.00634
CVE-2026-46187,4.7,1,True,,0.00093,0.00657
CVE-2026-53352,4.7,1,True,,0.00093,0.00624
CVE-2026-53122,5.5,1,False,,0.00093,0.00635
CVE-2023-53447,4.7,1,False,,0.00093,0.00618
CVE-2026-43420,4.7,1,True,,0.00093,0.00657
CVE-2026-46159,4.7,1,True,,0.00093,0.00657
CVE-2026-46014,5.5,1,False,,0.00093,0.00659
CVE-2026-74595,5.5,1,True,,0.00092,0.00612
CVE-2026-43061,5.5,1,True,,0.00091,0.00562
CVE-2026-46262,5.5,1,True,,0.00091,0.00577
CVE-2026-23420,5.5,1,True,,0.00091,0.00577
CVE-2026-43163,4.7,1,True,,0.00091,0.0054
CVE-2026-68148,7.0,1,True,,0.00091,0.00569
CVE-2026-43275,4.7,1,True,,0.00091,0.00576
CVE-2026-23207,4.7,1,False,,0.00091,0.00566
CVE-2026-46299,5.5,1,True,,0.00091,0.00542
CVE-2026-46252,5.5,1,True,,0.00091,0.00577
CVE-2026-43468,5.5,1,True,,0.00091,0.00562
CVE-2026-31420,5.5,1,False,,0.00091,0.00562
CVE-2026-23452,4.7,1,True,,0.00091,0.00564
CVE-2026-23167,4.7,1,True,,0.0009,0.00505
CVE-2026-23212,4.7,1,True,,0.00089,0.0048
CVE-2026-23302,4.7,1,True,,0.00089,0.00496
CVE-2026-64373,4.7,1,True,,0.00089,0.00495
CVE-2026-31751,4.7,1,True,,0.00089,0.00496
CVE-2026-43430,4.7,1,True,,0.00089,0.00495
CVE-2026-31728,4.7,1,True,,0.00089,0.00495
CVE-2026-43439,4.7,1,True,,0.00089,0.00494
CVE-2026-43448,4.7,1,True,,0.00089,0.00496
CVE-2026-31523,4.7,1,True,,0.00089,0.00496
CVE-2026-23118,4.7,1,False,,0.00089,0.0048
CVE-2026-23126,4.7,1,True,,0.00089,0.00481
CVE-2026-23348,4.7,1,False,,0.00088,0.00449
CVE-2026-45949,4.7,1,False,,0.00088,0.00456
CVE-2025-71225,5.3,1,False,,0.00087,0.0043
CVE-2026-43342,4.7,1,True,,0.00086,0.00387
CVE-2026-53108,4.7,1,False,,0.00077,0.00146
CVE-2026-43053,4.7,1,False,,0.00074,0.00091
